status,local_path,original,timestamp,mimetype,bytes,sha256,archive_url,error
cached,10-food-court-favorit-di-jakarta-menjelajahi-kelezatan-kuliner-ibu-kota/feed.xml,https://bikinlaper.com/10-food-court-favorit-di-jakarta-menjelajahi-kelezatan-kuliner-ibu-kota/feed/,20231211145734,application/rss+xml,1053,915abf42b304ad3c6728c16c83eb3425490769a7bd66b64ece3bb48ffc8c93f2,https://web.archive.org/web/20231211145734id_/https://bikinlaper.com/10-food-court-favorit-di-jakarta-menjelajahi-kelezatan-kuliner-ibu-kota/feed/,
cached,10-food-court-favorit-di-jakarta-menjelajahi-kelezatan-kuliner-ibu-kota/food-court/index.html,https://bikinlaper.com/10-food-court-favorit-di-jakarta-menjelajahi-kelezatan-kuliner-ibu-kota/food-court/,20250613134240,text/html,87496,29c01a275c896b2310f40e93eba5a11dcb5f646c29eda2e64f6e75831d5db4b1,https://web.archive.org/web/20250613134240id_/https://bikinlaper.com/10-food-court-favorit-di-jakarta-menjelajahi-kelezatan-kuliner-ibu-kota/food-court/,
cached,10-food-court-favorit-di-jakarta-menjelajahi-kelezatan-kuliner-ibu-kota/index.html,https://bikinlaper.com/10-food-court-favorit-di-jakarta-menjelajahi-kelezatan-kuliner-ibu-kota/,20251009133702,text/html,165019,f368fd9eb4a9a686882c6ebdaf41309cd56ab624131fdd32fd20813b470843c4,https://web.archive.org/web/20251009133702id_/https://bikinlaper.com/10-food-court-favorit-di-jakarta-menjelajahi-kelezatan-kuliner-ibu-kota/,
cached,10-franchise-ayam-goreng-terbesar-di-indonesia-bisnis-yang-menggiurkan/ayam-goreng-2/index.html,https://bikinlaper.com/10-franchise-ayam-goreng-terbesar-di-indonesia-bisnis-yang-menggiurkan/ayam-goreng-2/,20250916225019,text/html,88232,b122f672758783ba25af2d259eaaf645e05356a1b1af2ce67ab13fa4d87211e3,https://web.archive.org/web/20250916225019id_/https://bikinlaper.com/10-franchise-ayam-goreng-terbesar-di-indonesia-bisnis-yang-menggiurkan/ayam-goreng-2/,
cached,10-franchise-ayam-goreng-terbesar-di-indonesia-bisnis-yang-menggiurkan/ayam-goreng/index.html,https://bikinlaper.com/10-franchise-ayam-goreng-terbesar-di-indonesia-bisnis-yang-menggiurkan/ayam-goreng/,20250421152342,text/html,88184,a606f27d8ebfd5c5d6a2e702466d8f6192e821550a8ad476417276fec1bd5164,https://web.archive.org/web/20250421152342id_/https://bikinlaper.com/10-franchise-ayam-goreng-terbesar-di-indonesia-bisnis-yang-menggiurkan/ayam-goreng/,
cached,10-franchise-ayam-goreng-terbesar-di-indonesia-bisnis-yang-menggiurkan/index.html,https://bikinlaper.com/10-franchise-ayam-goreng-terbesar-di-indonesia-bisnis-yang-menggiurkan/,20250513031615,text/html,171615,36f581b9f9658eb167e58b238f4e297696f88efe0b567b43c366ec87e2f5badc,https://web.archive.org/web/20250513031615id_/https://bikinlaper.com/10-franchise-ayam-goreng-terbesar-di-indonesia-bisnis-yang-menggiurkan/,
cached,10-jenis-kuliner-yang-paling-laku-di-indonesia-lezatnya-kekayaan-kuliner-nusantara/index.html,https://bikinlaper.com/10-jenis-kuliner-yang-paling-laku-di-indonesia-lezatnya-kekayaan-kuliner-nusantara/,20251009151259,text/html,162336,2f083ee0910b43794ed943f8ade1e8c2e3868905e5db5f9be57a02ca1ab877fa,https://web.archive.org/web/20251009151259id_/https://bikinlaper.com/10-jenis-kuliner-yang-paling-laku-di-indonesia-lezatnya-kekayaan-kuliner-nusantara/,
cached,10-jenis-kuliner-yang-paling-laku-di-indonesia-lezatnya-kekayaan-kuliner-nusantara/kuliner-paling-laku-di-indonesia/index.html,https://bikinlaper.com/10-jenis-kuliner-yang-paling-laku-di-indonesia-lezatnya-kekayaan-kuliner-nusantara/kuliner-paling-laku-di-indonesia/,20250214024619,text/html,89861,30c4e84b1e98c15984cd4625947372ac9bca01a67c0b3b376324a29955e9a75c,https://web.archive.org/web/20250214024619id_/https://bikinlaper.com/10-jenis-kuliner-yang-paling-laku-di-indonesia-lezatnya-kekayaan-kuliner-nusantara/kuliner-paling-laku-di-indonesia/,
cached,10-jenis-usaha-kuliner-yang-paling-laris-di-bulan-ramadhan/index.html,https://bikinlaper.com/10-jenis-usaha-kuliner-yang-paling-laris-di-bulan-ramadhan/,20250214005614,text/html,173821,4c82e82f0786ecc6d19ff4275d78be30dea91cfdad81e6262eef41d7e8d9afa6,https://web.archive.org/web/20250214005614id_/https://bikinlaper.com/10-jenis-usaha-kuliner-yang-paling-laris-di-bulan-ramadhan/,
cached,10-makanan-penunda-laper-menjaga-kesehatan-dan-kenikmatan/index.html,https://bikinlaper.com/10-makanan-penunda-laper-menjaga-kesehatan-dan-kenikmatan/,20251007052028,text/html,154198,94f564abf0ffce0ae4e951b5a3961ca26b10a1253249f28bda4a6dfa517ee41a,https://web.archive.org/web/20251007052028id_/https://bikinlaper.com/10-makanan-penunda-laper-menjaga-kesehatan-dan-kenikmatan/,
cached,10-makanan-penunda-laper-menjaga-kesehatan-dan-kenikmatan/oat-meal/index.html,https://bikinlaper.com/10-makanan-penunda-laper-menjaga-kesehatan-dan-kenikmatan/oat-meal/,20251007060524,text/html,86938,fec3f70220dab650f9c25c2ba3b3fc4fc914c201baf93d0a1ef25ebf42ad6aaf,https://web.archive.org/web/20251007060524id_/https://bikinlaper.com/10-makanan-penunda-laper-menjaga-kesehatan-dan-kenikmatan/oat-meal/,
cached,10-menu-lebaran-yang-sederhana-cara-pembuatanya-namun-terkesan-mewah/index.html,https://bikinlaper.com/10-menu-lebaran-yang-sederhana-cara-pembuatanya-namun-terkesan-mewah/,20250214023609,text/html,162671,3ec3df73c6f2cd5a9a6bbd293fbf7a9a5d1275f3275d394798a08b1d6528e02e,https://web.archive.org/web/20250214023609id_/https://bikinlaper.com/10-menu-lebaran-yang-sederhana-cara-pembuatanya-namun-terkesan-mewah/,
cached,10-menu-lebaran-yang-sederhana-cara-pembuatanya-namun-terkesan-mewah/nasi-kebuli-lebaran/index.html,https://bikinlaper.com/10-menu-lebaran-yang-sederhana-cara-pembuatanya-namun-terkesan-mewah/nasi-kebuli-lebaran/,20250421151549,text/html,88577,e08b5a41e428dc68d4c23cc2ae32c1fd01b096a8f396b39f2463548f2dde72c2,https://web.archive.org/web/20250421151549id_/https://bikinlaper.com/10-menu-lebaran-yang-sederhana-cara-pembuatanya-namun-terkesan-mewah/nasi-kebuli-lebaran/,
cached,10-rekomendasi-makanan-penyubur-reproduksi-wanita/index.html,https://bikinlaper.com/10-rekomendasi-makanan-penyubur-reproduksi-wanita/,20251009132141,text/html,151813,c70fb581acc399ca75482ccf5e7231305b6763f479ba794f0ecc85651e88d79c,https://web.archive.org/web/20251009132141id_/https://bikinlaper.com/10-rekomendasi-makanan-penyubur-reproduksi-wanita/,
cached,10-usaha-franchise-es-teh-yang-ada-di-indonesia-dan-asalnya/franchise-es-teh/index.html,https://bikinlaper.com/10-usaha-franchise-es-teh-yang-ada-di-indonesia-dan-asalnya/franchise-es-teh/,20250421144819,text/html,88115,d3b8067968461c52ca34449984bc7fc1d5bd5d7101bb0cac983d5a9539f57a95,https://web.archive.org/web/20250421144819id_/https://bikinlaper.com/10-usaha-franchise-es-teh-yang-ada-di-indonesia-dan-asalnya/franchise-es-teh/,
cached,10-usaha-franchise-es-teh-yang-ada-di-indonesia-dan-asalnya/index.html,https://bikinlaper.com/10-usaha-franchise-es-teh-yang-ada-di-indonesia-dan-asalnya/,20251007053348,text/html,149220,cc9cc12875f66f87ca1a6a7f86f27e481874f50a4e5934f6445a2a1e86d6a417,https://web.archive.org/web/20251007053348id_/https://bikinlaper.com/10-usaha-franchise-es-teh-yang-ada-di-indonesia-dan-asalnya/,
cached,12-zodiak-dan-makanan-yang-paling-disukai/index.html,https://bikinlaper.com/12-zodiak-dan-makanan-yang-paling-disukai/,20251007062625,text/html,150312,88a2616d1a649b8e69543f6cd2aa5a7f32bd83f1d3b689360d32e74625915722,https://web.archive.org/web/20251007062625id_/https://bikinlaper.com/12-zodiak-dan-makanan-yang-paling-disukai/,
cached,7-makanan-khas-imlek-yang-wajib-anda-dicicipi/index.html,https://bikinlaper.com/7-makanan-khas-imlek-yang-wajib-anda-dicicipi/,20250916223101,text/html,153552,90baecf98ae2e07a43c5b1cc4221e04a7345eda13c794f350dd20c7b92b67fd1,https://web.archive.org/web/20250916223101id_/https://bikinlaper.com/7-makanan-khas-imlek-yang-wajib-anda-dicicipi/,
cached,9-makanan-eropa-yang-dapat-di-buat-di-rumah-dengan-peralatan-sederhana/index.html,https://bikinlaper.com/9-makanan-eropa-yang-dapat-di-buat-di-rumah-dengan-peralatan-sederhana/,20250718231924,text/html,162910,8d59cc30570293b24acadeefc716283d03239ffb05f7c576fe39e37ba9272f41,https://web.archive.org/web/20250718231924id_/https://bikinlaper.com/9-makanan-eropa-yang-dapat-di-buat-di-rumah-dengan-peralatan-sederhana/,
cached,9-makanan-eropa-yang-dapat-di-buat-di-rumah-dengan-peralatan-sederhana/pexels-ekrulila-20243886/index.html,https://bikinlaper.com/9-makanan-eropa-yang-dapat-di-buat-di-rumah-dengan-peralatan-sederhana/pexels-ekrulila-20243886/,20250513031542,text/html,88968,634f0cb82db469c84233b5373b5686e292487c25894f519b6df694c53f6c2bea,https://web.archive.org/web/20250513031542id_/https://bikinlaper.com/9-makanan-eropa-yang-dapat-di-buat-di-rumah-dengan-peralatan-sederhana/pexels-ekrulila-20243886/,
cached,_queries/home__q_0a5f020c97.html,https://bikinlaper.com/?cat=124,20240305014946,text/html,1379,4de3dcf174576b17d3cb644e8eee25226cfd7d3f5e2d80e1c641ea5d6666e158,https://web.archive.org/web/20240305014946id_/https://bikinlaper.com/?cat=124,
cached,_queries/home__q_307793b545.html,"https://bikinlaper.com/?cat=103,104,105,106,107,108&post_type=post",20231211145738,text/html,115955,b4b84949516491cc423be8e2060c7a08ec4f9d03df23bfeb3ee922530516f7ce,"https://web.archive.org/web/20231211145738id_/https://bikinlaper.com/?cat=103,104,105,106,107,108&post_type=post",
cached,_queries/home__q_3420306d2f.html,https://bikinlaper.com/?cat=103,20240305013719,text/html,1358,393674e8d95eb1a68dcc4d4b9b1460a5d267f4ba58edbcfdd5e21c833c7dc606,https://web.archive.org/web/20240305013719id_/https://bikinlaper.com/?cat=103,
cached,_queries/home__q_458d225e2f.html,https://bikinlaper.com/?s&post_type=post,20240305020120,text/html,1236,76bf3ccce168a02fbc0f0de04ac77f526f4678c985f24b2dc32c6b8a9299b0c9,https://web.archive.org/web/20240305020120id_/https://bikinlaper.com/?s&post_type=post,
cached,_queries/home__q_62084b2272.html,https://bikinlaper.com/?cat=107,20240304234758,text/html,1463,402b05303e6bcaa5c976c7c47d789f413c2e75d99dfdf81e8e0bbda92c68d6ac,https://web.archive.org/web/20240304234758id_/https://bikinlaper.com/?cat=107,
cached,_queries/home__q_8047bf6d7a.html,https://bikinlaper.com/?cat=105,20240305015704,text/html,1372,d3253ca7797a5264434b43404b39a5267e70f23bd383e99440f488951a1be6eb,https://web.archive.org/web/20240305015704id_/https://bikinlaper.com/?cat=105,
cached,_queries/home__q_82b310b725.html,"https://bikinlaper.com/?cat=103,104,108&post_type=post&orderby=rand",20231211145736,text/html,117067,2562c97826c6989e61746afff4079eb1a9b34f04c388ca00bf446f8afc75efde,"https://web.archive.org/web/20231211145736id_/https://bikinlaper.com/?cat=103,104,108&post_type=post&orderby=rand",
cached,_queries/home__q_96fd3470ca.html,https://bikinlaper.com/?cat=1,20240305015958,text/html,1336,55252d70b75e086dc48ed2776bd77dcede4ca39399ad18d396620d503aeecd2b,https://web.archive.org/web/20240305015958id_/https://bikinlaper.com/?cat=1,
cached,_queries/home__q_a0f1490a20.html,https://bikinlaper.com/?s,20250807030411,text/html,92234,1cde8521826c8b5cd7c8b3f75019811c42cd766581bf5539fb1d7311ba1d0b11,https://web.archive.org/web/20250807030411id_/https://bikinlaper.com/?s,
cached,_queries/home__q_a749211049.html,https://bikinlaper.com/?s&post_type=post&orderby=rand,20240305011927,text/html,1378,56c307a3b71993168223d254bb1416cd2a2d283d7f84548a188bb07458ee10e8,https://web.archive.org/web/20240305011927id_/https://bikinlaper.com/?s&post_type=post&orderby=rand,
cached,_queries/home__q_cb12b45e26.html,https://bikinlaper.com/?cat=106,20240305020756,text/html,1346,199277bc9345ac6819cd47db92146a0f40489d418a83ecd3916bd53d85d1e09b,https://web.archive.org/web/20240305020756id_/https://bikinlaper.com/?cat=106,
cached,_queries/home__q_dca93b42bf.html,https://bikinlaper.com/?cat=104,20240305014720,text/html,1430,cd4813b162b0a201dd4b4969f15a60fb455a7465e574185f08bb5fcd2e794fd8,https://web.archive.org/web/20240305014720id_/https://bikinlaper.com/?cat=104,
cached,analisa-keuntungan-franchise-teh-gopek/index.html,https://bikinlaper.com/analisa-keuntungan-franchise-teh-gopek/,20250718233640,text/html,145982,eb0dcf9859917a741cf8d9c23d208185561ed8989a6167321dd22f90cd55a998,https://web.archive.org/web/20250718233640id_/https://bikinlaper.com/analisa-keuntungan-franchise-teh-gopek/,
cached,analisis-kesuksesan-franchise-warteg-putri-bahari-strategi-tantangan-dan-prospek/index.html,https://bikinlaper.com/analisis-kesuksesan-franchise-warteg-putri-bahari-strategi-tantangan-dan-prospek/,20250916221135,text/html,169545,a381cd0d222a25b53629b72bb955f5c41486303a8dfa4955964d945111e66b69,https://web.archive.org/web/20250916221135id_/https://bikinlaper.com/analisis-kesuksesan-franchise-warteg-putri-bahari-strategi-tantangan-dan-prospek/,
cached,analisis-kesuksesan-franchise-warteg-putri-bahari-strategi-tantangan-dan-prospek/warteg-putri-bahari-2/index.html,https://bikinlaper.com/analisis-kesuksesan-franchise-warteg-putri-bahari-strategi-tantangan-dan-prospek/warteg-putri-bahari-2/,20250421143205,text/html,89052,1b204fbe2eba737e3fa3590db8f3f75c928e785f38f77f476d3b8cb31c14ee96,https://web.archive.org/web/20250421143205id_/https://bikinlaper.com/analisis-kesuksesan-franchise-warteg-putri-bahari-strategi-tantangan-dan-prospek/warteg-putri-bahari-2/,
cached,angeun-lada-jejak-sejarah-khasiat-dan-kelezatan-dalam-kuliner-nusantara/angeun-lada/index.html,https://bikinlaper.com/angeun-lada-jejak-sejarah-khasiat-dan-kelezatan-dalam-kuliner-nusantara/angeun-lada/,20251007061016,text/html,87550,620360760cc5c8bb6d27b1fc36a9dc708a0c94e77ce7a1cb6fb37e3d98b98268,https://web.archive.org/web/20251007061016id_/https://bikinlaper.com/angeun-lada-jejak-sejarah-khasiat-dan-kelezatan-dalam-kuliner-nusantara/angeun-lada/,
cached,angeun-lada-jejak-sejarah-khasiat-dan-kelezatan-dalam-kuliner-nusantara/feed.xml,https://bikinlaper.com/angeun-lada-jejak-sejarah-khasiat-dan-kelezatan-dalam-kuliner-nusantara/feed/,20231226141417,application/rss+xml,1055,6401c4257a7cce25a876c5a2e2fea9b9a64b94309b2b04eba49209df56f05883,https://web.archive.org/web/20231226141417id_/https://bikinlaper.com/angeun-lada-jejak-sejarah-khasiat-dan-kelezatan-dalam-kuliner-nusantara/feed/,
cached,angeun-lada-jejak-sejarah-khasiat-dan-kelezatan-dalam-kuliner-nusantara/index.html,https://bikinlaper.com/angeun-lada-jejak-sejarah-khasiat-dan-kelezatan-dalam-kuliner-nusantara/,20250807032516,text/html,163496,0a33ead6c1dd2aa6bd8ef354d6c38a6fee5e416b50a2477344426f9390a862f1,https://web.archive.org/web/20250807032516id_/https://bikinlaper.com/angeun-lada-jejak-sejarah-khasiat-dan-kelezatan-dalam-kuliner-nusantara/,
cached,angkringan-lik-man-mengungkap-keunikan-warung-kopi-khas-yogyakarta-yang-melegenda/angkringan-likman/index.html,https://bikinlaper.com/angkringan-lik-man-mengungkap-keunikan-warung-kopi-khas-yogyakarta-yang-melegenda/angkringan-likman/,20251007061130,text/html,88198,86519949d227b99ef41f63625f2bef3ae884e000fe5daf13c19f1533e88566f3,https://web.archive.org/web/20251007061130id_/https://bikinlaper.com/angkringan-lik-man-mengungkap-keunikan-warung-kopi-khas-yogyakarta-yang-melegenda/angkringan-likman/,
cached,angkringan-lik-man-mengungkap-keunikan-warung-kopi-khas-yogyakarta-yang-melegenda/feed.xml,https://bikinlaper.com/angkringan-lik-man-mengungkap-keunikan-warung-kopi-khas-yogyakarta-yang-melegenda/feed/,20231226141424,application/rss+xml,1093,f4923a31336ade5ed862d0d98d3b6859f6224d42ea645ef092bf412ebc6dfc77,https://web.archive.org/web/20231226141424id_/https://bikinlaper.com/angkringan-lik-man-mengungkap-keunikan-warung-kopi-khas-yogyakarta-yang-melegenda/feed/,
cached,angkringan-lik-man-mengungkap-keunikan-warung-kopi-khas-yogyakarta-yang-melegenda/index.html,https://bikinlaper.com/angkringan-lik-man-mengungkap-keunikan-warung-kopi-khas-yogyakarta-yang-melegenda/,20251009144835,text/html,163076,84ff72ea07d88ada9ce51a1eb5a779e0c596ff690f7bb7735e490daad9b8ba53,https://web.archive.org/web/20251009144835id_/https://bikinlaper.com/angkringan-lik-man-mengungkap-keunikan-warung-kopi-khas-yogyakarta-yang-melegenda/,
cached,apa-itu-franchise-warteg-orens-bahari/index.html,https://bikinlaper.com/apa-itu-franchise-warteg-orens-bahari/,20250807034019,text/html,158874,cc2d421ecbc4ee317e2d636024ebc8a4e4051e42b34bd87124abd79ca367bae7,https://web.archive.org/web/20250807034019id_/https://bikinlaper.com/apa-itu-franchise-warteg-orens-bahari/,
cached,apa-keuntungan-membeli-franchise-exploring-the-benefits-of-franchise-ownership/feed.xml,https://bikinlaper.com/apa-keuntungan-membeli-franchise-exploring-the-benefits-of-franchise-ownership/feed/,20231211145739,application/rss+xml,1081,dcfd817cc4b45adb0375fb59bd8409a0b020dc981b599225babdd4baeb16bbb8,https://web.archive.org/web/20231211145739id_/https://bikinlaper.com/apa-keuntungan-membeli-franchise-exploring-the-benefits-of-franchise-ownership/feed/,
cached,apa-keuntungan-membeli-franchise-exploring-the-benefits-of-franchise-ownership/index.html,https://bikinlaper.com/apa-keuntungan-membeli-franchise-exploring-the-benefits-of-franchise-ownership/,20251007061951,text/html,164661,77d047a1c3437053f3d5d3892280c31a0d338bb852fee9ac49f0bc8dcc98478c,https://web.archive.org/web/20251007061951id_/https://bikinlaper.com/apa-keuntungan-membeli-franchise-exploring-the-benefits-of-franchise-ownership/,
cached,apakah-bisnis-warteg-bisa-untung-panduan-lengkap-untuk-sukses-di-dunia-kuliner/feed.xml,https://bikinlaper.com/apakah-bisnis-warteg-bisa-untung-panduan-lengkap-untuk-sukses-di-dunia-kuliner/feed/,20231226150825,application/rss+xml,1081,38bf71d2a5061ce84e1101688b4849d764ae70440ff1b43f862b7e9dc55fc2df,https://web.archive.org/web/20231226150825id_/https://bikinlaper.com/apakah-bisnis-warteg-bisa-untung-panduan-lengkap-untuk-sukses-di-dunia-kuliner/feed/,
cached,apakah-bisnis-warteg-bisa-untung-panduan-lengkap-untuk-sukses-di-dunia-kuliner/index.html,https://bikinlaper.com/apakah-bisnis-warteg-bisa-untung-panduan-lengkap-untuk-sukses-di-dunia-kuliner/,20250807034147,text/html,151236,edb7dd3e175914a6b4ffec2436c2216d25e0b51300b8a58b2df99ee5053d6537,https://web.archive.org/web/20250807034147id_/https://bikinlaper.com/apakah-bisnis-warteg-bisa-untung-panduan-lengkap-untuk-sukses-di-dunia-kuliner/,
cached,asal-usul-sejarah-bolu-meranti-dan-proses-pembuatanya/index.html,https://bikinlaper.com/asal-usul-sejarah-bolu-meranti-dan-proses-pembuatanya/,20250613140643,text/html,150586,e51595840f6c2bb80cdb8a97f92b8dd8b173769c65b02446e42fac7617d1a4d5,https://web.archive.org/web/20250613140643id_/https://bikinlaper.com/asal-usul-sejarah-bolu-meranti-dan-proses-pembuatanya/,
cached,asal-usul-tahun-baru-masehi-sejarah-yang-mencerahkan/happy-new-year/index.html,https://bikinlaper.com/asal-usul-tahun-baru-masehi-sejarah-yang-mencerahkan/happy-new-year/,20251007064551,text/html,87128,b0e5311ae709426907553b815369fe5aca558ec0dcb051b67cfc1595ee8510f8,https://web.archive.org/web/20251007064551id_/https://bikinlaper.com/asal-usul-tahun-baru-masehi-sejarah-yang-mencerahkan/happy-new-year/,
cached,asal-usul-tahun-baru-masehi-sejarah-yang-mencerahkan/index.html,https://bikinlaper.com/asal-usul-tahun-baru-masehi-sejarah-yang-mencerahkan/,20250807041836,text/html,157178,c8bfec109b858dd7aa11bcaedcf2b7ac7b943d04fcb1501d3b999d22aaaba561,https://web.archive.org/web/20250807041836id_/https://bikinlaper.com/asal-usul-tahun-baru-masehi-sejarah-yang-mencerahkan/,
cached,asam-folat-manfaat-di-makanan-apa-sajakah-bisa-di-temukan/asam-folat-jpg/index.html,https://bikinlaper.com/asam-folat-manfaat-di-makanan-apa-sajakah-bisa-di-temukan/asam-folat-jpg/,20250421152430,text/html,87958,f8be0050549461e686364fe08a18f5fd8ac1db22106d01f1e3efaa8ba8f7cec6,https://web.archive.org/web/20250421152430id_/https://bikinlaper.com/asam-folat-manfaat-di-makanan-apa-sajakah-bisa-di-temukan/asam-folat-jpg/,
cached,asam-folat-manfaat-di-makanan-apa-sajakah-bisa-di-temukan/index.html,https://bikinlaper.com/asam-folat-manfaat-di-makanan-apa-sajakah-bisa-di-temukan/,20250807042732,text/html,163379,745e042a802801f91bc976d6013dea352c59b07f1527a0c12aaa1423c2bb90f2,https://web.archive.org/web/20250807042732id_/https://bikinlaper.com/asam-folat-manfaat-di-makanan-apa-sajakah-bisa-di-temukan/,
cached,attachment-sitemap.xml,https://bikinlaper.com/attachment-sitemap.xml,20241123000446,text/xml,37884,ec78c18f1536f9de663b53a9de569ad739f9589227a23348cd85f1e812f8ffa3,https://web.archive.org/web/20241123000446id_/https://bikinlaper.com/attachment-sitemap.xml,
cached,author-sitemap.xml,https://bikinlaper.com/author-sitemap.xml,20241122224156,text/xml,728,4d7f79077559d4cccd353037bf8e88a053b92523e5278752a2665b92df836107,https://web.archive.org/web/20241122224156id_/https://bikinlaper.com/author-sitemap.xml,
cached,author/admin/feed.xml,https://bikinlaper.com/author/admin/feed/,20231211145732,application/rss+xml,99858,b3990710138ef96d3628598cd3fc8d0b736f547b33811e1ea90303a76f745be0,https://web.archive.org/web/20231211145732id_/https://bikinlaper.com/author/admin/feed/,
cached,author/admin/index.html,https://bikinlaper.com/author/admin/,20250613124200,text/html,92158,a8afb02842f9f3415f62494845d2828b323cb16309a8d0e71b81c179c6031e01,https://web.archive.org/web/20250613124200id_/https://bikinlaper.com/author/admin/,
cached,author/admin/page/2/index.html,https://bikinlaper.com/author/admin/page/2/,20250807042314,text/html,92848,75e5a27f6b0fa6176cf0ebb5a72098ea88b9df696b9edaad10c8667328d3f362,https://web.archive.org/web/20250807042314id_/https://bikinlaper.com/author/admin/page/2/,
cached,author/admin/page/3/index.html,https://bikinlaper.com/author/admin/page/3/,20251009151511,text/html,92279,8c4ed92b149431077db7649b1f302599b98f0cea2860c28e4b210569ca8fe611,https://web.archive.org/web/20251009151511id_/https://bikinlaper.com/author/admin/page/3/,
cached,author/admin/page/4/index.html,https://bikinlaper.com/author/admin/page/4/,20250807042934,text/html,91251,d68c6f4a3165109f747e074335e1eb9a236f2320f69195f7d6fc47c352a4c58b,https://web.archive.org/web/20250807042934id_/https://bikinlaper.com/author/admin/page/4/,
cached,author/admin/page/46/index.html,https://bikinlaper.com/author/admin/page/46/,20241202113911,text/html,83927,b93fab9bb55d990eb1a68859317f2f2f9abf8630be543dd1ff044d9bde99522c,https://web.archive.org/web/20241202113911id_/https://bikinlaper.com/author/admin/page/46/,
cached,author/admin/page/5/index.html,https://bikinlaper.com/author/admin/page/5/,20250807043233,text/html,94449,30f8802884bf353625e6463ef53c6f6fb7c1bcc8c6fccaa8fb627d47f7c3128e,https://web.archive.org/web/20250807043233id_/https://bikinlaper.com/author/admin/page/5/,
cached,bbrbet-cassino-online-recebe-um-bonus-de-boas-vindas-pra-jogar-catsa-niqueis-e-jogos-crash.bin,https://bikinlaper.com/bbrbet-cassino-online-recebe-um-bonus-de-boas-vindas-pra-jogar-catsa-niqueis-e-jogos-crash/,20240918140257,unk,1550,13d52e1b851a1f43c284b8c57e63ea9a189eff0a228ef8078ff9a43cf6927bd2,https://web.archive.org/web/20240918140257id_/https://bikinlaper.com/bbrbet-cassino-online-recebe-um-bonus-de-boas-vindas-pra-jogar-catsa-niqueis-e-jogos-crash/,
cached,biaya-kemitraan-franchise-lokal-pesaing-mixue/index.html,https://bikinlaper.com/biaya-kemitraan-franchise-lokal-pesaing-mixue/,20250718234828,text/html,167055,e33ddc697ec4f3cb26252c50f0fb23aa19919e3037855998ea766ad569053a62,https://web.archive.org/web/20250718234828id_/https://bikinlaper.com/biaya-kemitraan-franchise-lokal-pesaing-mixue/,
cached,binar-frozen-food-menyajikan-kemudahan-dan-kualitas-dalam-setiap-kubus-es/binar-frozen-food/index.html,https://bikinlaper.com/binar-frozen-food-menyajikan-kemudahan-dan-kualitas-dalam-setiap-kubus-es/binar-frozen-food/,20250718233814,text/html,87948,4a0a7b3847378355e92135e3f4a64c270d315c551f6b81da22057bd6c8608115,https://web.archive.org/web/20250718233814id_/https://bikinlaper.com/binar-frozen-food-menyajikan-kemudahan-dan-kualitas-dalam-setiap-kubus-es/binar-frozen-food/,
cached,binar-frozen-food-menyajikan-kemudahan-dan-kualitas-dalam-setiap-kubus-es/index.html,https://bikinlaper.com/binar-frozen-food-menyajikan-kemudahan-dan-kualitas-dalam-setiap-kubus-es/,20251009142331,text/html,152033,6bd8444d0df1394703d5c3fcd593b8a2571fd7c427f4a00f93c6e1fbd2b68118,https://web.archive.org/web/20251009142331id_/https://bikinlaper.com/binar-frozen-food-menyajikan-kemudahan-dan-kualitas-dalam-setiap-kubus-es/,
cached,bisnis-kuliner-terlaris-kiat-sukses-membangun-bisnis-kuliner-yang-mendominasi-pasar/feed.xml,https://bikinlaper.com/bisnis-kuliner-terlaris-kiat-sukses-membangun-bisnis-kuliner-yang-mendominasi-pasar/feed/,20240123090806,application/rss+xml,1101,079d96edc2bfa0ccc0ffd46397ff2e32dcc2a3b81efa5ad1b447fad576bcd5c6,https://web.archive.org/web/20240123090806id_/https://bikinlaper.com/bisnis-kuliner-terlaris-kiat-sukses-membangun-bisnis-kuliner-yang-mendominasi-pasar/feed/,
cached,bisnis-kuliner-terlaris-kiat-sukses-membangun-bisnis-kuliner-yang-mendominasi-pasar/index.html,https://bikinlaper.com/bisnis-kuliner-terlaris-kiat-sukses-membangun-bisnis-kuliner-yang-mendominasi-pasar/,20250718235420,text/html,176075,bcbc756b9fb450296c16ce6e8d68d56574dba41816120831c2994ffb963c14fb,https://web.archive.org/web/20250718235420id_/https://bikinlaper.com/bisnis-kuliner-terlaris-kiat-sukses-membangun-bisnis-kuliner-yang-mendominasi-pasar/,
cached,bisnis-kuliner-terlaris-kiat-sukses-membangun-bisnis-kuliner-yang-mendominasi-pasar/trays-with-take-away-food-close-up-assorted-food_188913-1529/index.html,https://bikinlaper.com/bisnis-kuliner-terlaris-kiat-sukses-membangun-bisnis-kuliner-yang-mendominasi-pasar/trays-with-take-away-food-close-up-assorted-food_188913-1529/,20251009135717,text/html,90708,f4160b9701ae98ac4c2fe179e1692b0929a7690b58df67f6851906e227c08e3d,https://web.archive.org/web/20251009135717id_/https://bikinlaper.com/bisnis-kuliner-terlaris-kiat-sukses-membangun-bisnis-kuliner-yang-mendominasi-pasar/trays-with-take-away-food-close-up-assorted-food_188913-1529/,
cached,bisnis-kuliner-yang-tangguh-dan-inovatif-di-tengah-pandemi-strategi-untuk-bertahan-dan-berkembang/index.html,https://bikinlaper.com/bisnis-kuliner-yang-tangguh-dan-inovatif-di-tengah-pandemi-strategi-untuk-bertahan-dan-berkembang/,20251009134821,text/html,154223,0bf34b603c89598123134f4a54ccecaafe2cd6e565fef4c69e014a6446fed6d0,https://web.archive.org/web/20251009134821id_/https://bikinlaper.com/bisnis-kuliner-yang-tangguh-dan-inovatif-di-tengah-pandemi-strategi-untuk-bertahan-dan-berkembang/,
cached,bisnis-waralaba-yang-lagi-trend-2023-ini-panduan-lengkap-memilih-usaha-waralaba-yang-sukses/feed.xml,https://bikinlaper.com/bisnis-waralaba-yang-lagi-trend-2023-ini-panduan-lengkap-memilih-usaha-waralaba-yang-sukses/feed/,20231226141417,application/rss+xml,1133,2783edaac6739c93cb02f0e687da451d3eb4becefc28cfa1662afc6a3ad160a0,https://web.archive.org/web/20231226141417id_/https://bikinlaper.com/bisnis-waralaba-yang-lagi-trend-2023-ini-panduan-lengkap-memilih-usaha-waralaba-yang-sukses/feed/,
cached,bisnis-waralaba-yang-lagi-trend-2023-ini-panduan-lengkap-memilih-usaha-waralaba-yang-sukses/index.html,https://bikinlaper.com/bisnis-waralaba-yang-lagi-trend-2023-ini-panduan-lengkap-memilih-usaha-waralaba-yang-sukses/,20250916234102,text/html,160554,93a64cd262729bbf836b5807dc0dc53fa7a94c7360f226e145c29e7ebb3b737d,https://web.archive.org/web/20250916234102id_/https://bikinlaper.com/bisnis-waralaba-yang-lagi-trend-2023-ini-panduan-lengkap-memilih-usaha-waralaba-yang-sukses/,
cached,bisnis-waralaba-yang-lagi-trend-2023-ini-panduan-lengkap-memilih-usaha-waralaba-yang-sukses/menu-warteg/index.html,https://bikinlaper.com/bisnis-waralaba-yang-lagi-trend-2023-ini-panduan-lengkap-memilih-usaha-waralaba-yang-sukses/menu-warteg/,20251009144658,text/html,86016,f44ebdec9522c79a256bd51862199c5f8b01e27428278a921f2e1ba039afd93e,https://web.archive.org/web/20251009144658id_/https://bikinlaper.com/bisnis-waralaba-yang-lagi-trend-2023-ini-panduan-lengkap-memilih-usaha-waralaba-yang-sukses/menu-warteg/,
cached,bisnis-waralaba-yang-lagi-trend-2023-ini-panduan-lengkap-memilih-usaha-waralaba-yang-sukses/warung-kharisma-bahari-wkb-1/index.html,https://bikinlaper.com/bisnis-waralaba-yang-lagi-trend-2023-ini-panduan-lengkap-memilih-usaha-waralaba-yang-sukses/warung-kharisma-bahari-wkb-1/,20250214023031,text/html,89439,e32a342800f6a0dbd039d758cb7a5368fe365fd811cf0f89df4d0385e5ee262c,https://web.archive.org/web/20250214023031id_/https://bikinlaper.com/bisnis-waralaba-yang-lagi-trend-2023-ini-panduan-lengkap-memilih-usaha-waralaba-yang-sukses/warung-kharisma-bahari-wkb-1/,
cached,butuh-modal-usaha-kuliner-cepat-dengan-minim-resiko/index.html,https://bikinlaper.com/butuh-modal-usaha-kuliner-cepat-dengan-minim-resiko/,20250807034224,text/html,154777,b8c7466b9aaa73324f4c91f598093f11ce5177a4cb48e7a8ec04df5c7cbbc8ac,https://web.archive.org/web/20250807034224id_/https://bikinlaper.com/butuh-modal-usaha-kuliner-cepat-dengan-minim-resiko/,
cached,cafe-di-jakarta-oase-nongkrong-terbaik-untuk-pecinta-kopi-dan-kuliner/feed.xml,https://bikinlaper.com/cafe-di-jakarta-oase-nongkrong-terbaik-untuk-pecinta-kopi-dan-kuliner/feed/,20240123090756,application/rss+xml,1045,4facadb59808bd72bdec48519b08e42bb9f323c12abf16379682ba1314219c84,https://web.archive.org/web/20240123090756id_/https://bikinlaper.com/cafe-di-jakarta-oase-nongkrong-terbaik-untuk-pecinta-kopi-dan-kuliner/feed/,
cached,cafe-di-jakarta-oase-nongkrong-terbaik-untuk-pecinta-kopi-dan-kuliner/index.html,https://bikinlaper.com/cafe-di-jakarta-oase-nongkrong-terbaik-untuk-pecinta-kopi-dan-kuliner/,20251007062816,text/html,161290,55d6ddbf7a619eafbc61c359272636696b77369133c90e47633c7b4dbc1fb18d,https://web.archive.org/web/20251007062816id_/https://bikinlaper.com/cafe-di-jakarta-oase-nongkrong-terbaik-untuk-pecinta-kopi-dan-kuliner/,
cached,cara-memanfaatkan-nasi-sisa-sebagai-cemilan-lezat/index.html,https://bikinlaper.com/cara-memanfaatkan-nasi-sisa-sebagai-cemilan-lezat/,20250421145143,text/html,159244,fe04a8fea13b3ff1ab39011262eb5b20048c67731057a34b209bccc001af2466,https://web.archive.org/web/20250421145143id_/https://bikinlaper.com/cara-memanfaatkan-nasi-sisa-sebagai-cemilan-lezat/,
cached,cara-memanfaatkan-nasi-sisa-sebagai-cemilan-lezat/olahan-nasi-sisa-buat-cemilan/index.html,https://bikinlaper.com/cara-memanfaatkan-nasi-sisa-sebagai-cemilan-lezat/olahan-nasi-sisa-buat-cemilan/,20250513043920,text/html,88538,cdc268836735d410f05ba52671f1ef0dae27505e5ff67349089776c673d50978,https://web.archive.org/web/20250513043920id_/https://bikinlaper.com/cara-memanfaatkan-nasi-sisa-sebagai-cemilan-lezat/olahan-nasi-sisa-buat-cemilan/,
cached,cara-menemukan-warung-makan-terbaik-di-kota-anda/index.html,https://bikinlaper.com/cara-menemukan-warung-makan-terbaik-di-kota-anda/,20251009150327,text/html,158649,439801f0849a6dc68979661704bf8df07543a5754ed7c7006337acbc13243dbd,https://web.archive.org/web/20251009150327id_/https://bikinlaper.com/cara-menemukan-warung-makan-terbaik-di-kota-anda/,
cached,cara-mengembangkan-bisnis-franchise-toko-roti-agar-cepat-sukses/franchise-roti_11zon/index.html,https://bikinlaper.com/cara-mengembangkan-bisnis-franchise-toko-roti-agar-cepat-sukses/franchise-roti_11zon/,20251007061810,text/html,87943,7ac9bb092775c7da122667b555b7450771e39b8fe05661c070f205918378c025,https://web.archive.org/web/20251007061810id_/https://bikinlaper.com/cara-mengembangkan-bisnis-franchise-toko-roti-agar-cepat-sukses/franchise-roti_11zon/,
cached,cara-mengembangkan-bisnis-franchise-toko-roti-agar-cepat-sukses/index.html,https://bikinlaper.com/cara-mengembangkan-bisnis-franchise-toko-roti-agar-cepat-sukses/,20251009141635,text/html,150781,bc42ef9ee8c3345354aba5175617920b7fedb7658d60344786ac5d340b0bdb3c,https://web.archive.org/web/20251009141635id_/https://bikinlaper.com/cara-mengembangkan-bisnis-franchise-toko-roti-agar-cepat-sukses/,
cached,category-sitemap.xml,https://bikinlaper.com/category-sitemap.xml,20241122065613,text/xml,1908,a6c8f986b1c89956d12dbced19059a0163587684373375f3d754817f69934a96,https://web.archive.org/web/20241122065613id_/https://bikinlaper.com/category-sitemap.xml,
cached,category/_queries/jajan__q_bff00c086a.html,https://bikinlaper.com/category/jajan/?post_type=post,20231211154236,text/html,116709,bf99aee8cd1b5f279fd36593ee5a2057ff7cedc63bb63744aa06aa3165c23038,https://web.archive.org/web/20231211154236id_/https://bikinlaper.com/category/jajan/?post_type=post,
cached,category/_queries/peluang-usaha-kuliner__q_bff00c086a.html,https://bikinlaper.com/category/peluang-usaha-kuliner/?post_type=post,20231211145750,text/html,117382,4a8836bb4f73ab597366d48b6f09768541f6fc5986ccf6f698b8a1c63666dd99,https://web.archive.org/web/20231211145750id_/https://bikinlaper.com/category/peluang-usaha-kuliner/?post_type=post,
cached,category/bisnis/index.html,https://bikinlaper.com/category/bisnis/,20251009135414,text/html,81092,ff2ee3038e63df8f238240c9f6dde7b5f8eeaad7359b7eb20bcffc678322e08a,https://web.archive.org/web/20251009135414id_/https://bikinlaper.com/category/bisnis/,
cached,category/franchise/index.html,https://bikinlaper.com/category/franchise/,20251007055251,text/html,92321,293a74935cf859df253386583be1b76db2b5a9e9a6a26151bcb50c78e16727ad,https://web.archive.org/web/20251007055251id_/https://bikinlaper.com/category/franchise/,
cached,category/jajan/feed.xml,https://bikinlaper.com/category/jajan/feed/,20231211154239,application/rss+xml,67783,1c79f3c1e304b1dd96d0cc2166516c9b8bc5f2f1eaad1064dd035c0794e9634d,https://web.archive.org/web/20231211154239id_/https://bikinlaper.com/category/jajan/feed/,
cached,category/jajan/index.html,https://bikinlaper.com/category/jajan/,20250916232338,text/html,97013,8c4ecac858094b703f6654f32065e9abae4f5530e01a2827c246207b38cab820,https://web.archive.org/web/20250916232338id_/https://bikinlaper.com/category/jajan/,
cached,category/jajan/page/2/index.html,https://bikinlaper.com/category/jajan/page/2/,20250718233502,text/html,107442,5c06ca05a9577295b227c09ef73a260e42e550a62bd28a95e50ec78364b90091,https://web.archive.org/web/20250718233502id_/https://bikinlaper.com/category/jajan/page/2/,
cached,category/jajan/page/3/index.html,https://bikinlaper.com/category/jajan/page/3/,20250916225232,text/html,105917,a50a23e73a9a0d805e210ee48ec195a3b0ac2de5939ef29d93475f25cf7c4323,https://web.archive.org/web/20250916225232id_/https://bikinlaper.com/category/jajan/page/3/,
cached,category/jajan/page/4/index.html,https://bikinlaper.com/category/jajan/page/4/,20241015055209,text/html,108591,3e9b02148db8294673cbce8290e53e314f55580e678d3adf2f34bded2b8e4c68,https://web.archive.org/web/20241015055209id_/https://bikinlaper.com/category/jajan/page/4/,
cached,category/jajan/page/5/index.html,https://bikinlaper.com/category/jajan/page/5/,20250613141927,text/html,89428,cad4bc0d7902d2f97c8c156d91519f52978256b6b686a9f8e46f3cbe3320bfbe,https://web.archive.org/web/20250613141927id_/https://bikinlaper.com/category/jajan/page/5/,
cached,category/jajan/page/6/index.html,https://bikinlaper.com/category/jajan/page/6/,20250421150046,text/html,82122,0fc8f6fff63e9d9038cc7d2680fd30f5a415457e57ab48cfed3b2c1a095ad8c7,https://web.archive.org/web/20250421150046id_/https://bikinlaper.com/category/jajan/page/6/,
cached,category/kuliner/feed.xml,https://bikinlaper.com/category/kuliner/feed/,20231211154240,application/rss+xml,92696,af1be522a18320f74eeed58472903e9bfb374071eb7737a73cd7f5890fb3f131,https://web.archive.org/web/20231211154240id_/https://bikinlaper.com/category/kuliner/feed/,
cached,category/kuliner/index.html,https://bikinlaper.com/category/kuliner/,20250807031536,text/html,88802,e55073e8325bb3d1463abe2ab79fa2836accaf07e826f4b800df5de4679f992d,https://web.archive.org/web/20250807031536id_/https://bikinlaper.com/category/kuliner/,
cached,category/kuliner/page/11/index.html,https://bikinlaper.com/category/kuliner/page/11/,20250613124332,text/html,93771,5e1a80c8d6c0270f07a5c45faa01dea36aa2282ba4fd723a438aabd4fed645ca,https://web.archive.org/web/20250613124332id_/https://bikinlaper.com/category/kuliner/page/11/,
cached,category/kuliner/page/12/index.html,https://bikinlaper.com/category/kuliner/page/12/,20250613134208,text/html,91291,6e591413189aa497fdf243f3e29733c200cf3e1760a65d9f644c3844555fb89d,https://web.archive.org/web/20250613134208id_/https://bikinlaper.com/category/kuliner/page/12/,
cached,category/kuliner/page/14/index.html,https://bikinlaper.com/category/kuliner/page/14/,20241106051047,text/html,102751,d5c9c49f7c8c0d55cadc0cb23ad92972771a91db281621550b2a0c608520b800,https://web.archive.org/web/20241106051047id_/https://bikinlaper.com/category/kuliner/page/14/,
cached,category/kuliner/page/15/index.html,https://bikinlaper.com/category/kuliner/page/15/,20241015052002,text/html,89414,b75686c2fc678f843c5138e795a95baf43fa78399305e8ed2412082f99c2ec89,https://web.archive.org/web/20241015052002id_/https://bikinlaper.com/category/kuliner/page/15/,
cached,category/kuliner/page/2/index.html,https://bikinlaper.com/category/kuliner/page/2/,20250114032731,text/html,91581,e4dc1a288c8d9dbf33fb31a5aaa4485a897b3a86719be5cfdbd2c78d2399879e,https://web.archive.org/web/20250114032731id_/https://bikinlaper.com/category/kuliner/page/2/,
cached,category/kuliner/page/3/index.html,https://bikinlaper.com/category/kuliner/page/3/,20250513033234,text/html,110368,d13cfacd6b7ea6ad6b2c1f808b7d5ba926658d53a678004ac4a4928c2128685a,https://web.archive.org/web/20250513033234id_/https://bikinlaper.com/category/kuliner/page/3/,
cached,category/kuliner/page/4/index.html,https://bikinlaper.com/category/kuliner/page/4/,20250807025250,text/html,112851,59f345679ad6906774f1e06a4360ed5f6cc107faf554b9fff960a1e5c9f0ebfe,https://web.archive.org/web/20250807025250id_/https://bikinlaper.com/category/kuliner/page/4/,
cached,category/kuliner/page/5/index.html,https://bikinlaper.com/category/kuliner/page/5/,20241015071728,text/html,105383,642882e8996fef4f934decabc75479105bee2d2794b8d0991c6b440a7f3bfcc8,https://web.archive.org/web/20241015071728id_/https://bikinlaper.com/category/kuliner/page/5/,
cached,category/kuliner/page/8/index.html,https://bikinlaper.com/category/kuliner/page/8/,20250807042905,text/html,101872,5cf2feb85d5754b791afca2b76be7f62243abddb88cf7ed0fd25f05b715ab83b,https://web.archive.org/web/20250807042905id_/https://bikinlaper.com/category/kuliner/page/8/,
cached,category/kuliner/page/9/index.html,https://bikinlaper.com/category/kuliner/page/9/,20250513041115,text/html,99556,f24af70921ee65b16dfae2cea56f34f826a4f295a5a8bf8ab794913abea2c47e,https://web.archive.org/web/20250513041115id_/https://bikinlaper.com/category/kuliner/page/9/,
cached,category/peluang-usaha-kuliner/feed.xml,https://bikinlaper.com/category/peluang-usaha-kuliner/feed/,20231211145808,application/rss+xml,82801,133309bd245ff7a08cb97918dbc7b0f0a9941bd77cf1f89aa342b7c2b8f4221e,https://web.archive.org/web/20231211145808id_/https://bikinlaper.com/category/peluang-usaha-kuliner/feed/,
cached,category/peluang-usaha-kuliner/index.html,https://bikinlaper.com/category/peluang-usaha-kuliner/,20250513030532,text/html,87829,8d821c492c3e524b423ee06287edf6f608209778b0ac98c3a9419337ffa17025,https://web.archive.org/web/20250513030532id_/https://bikinlaper.com/category/peluang-usaha-kuliner/,
cached,category/peluang-usaha-kuliner/page/2/index.html,https://bikinlaper.com/category/peluang-usaha-kuliner/page/2/,20250718224548,text/html,110831,0c47b3106d716998b97ba6408210758ba40b572cc444ebf38811f56ca22fe689,https://web.archive.org/web/20250718224548id_/https://bikinlaper.com/category/peluang-usaha-kuliner/page/2/,
cached,category/peluang-usaha-kuliner/page/3/index.html,https://bikinlaper.com/category/peluang-usaha-kuliner/page/3/,20250421140612,text/html,106318,74da77303bfc46a424471069b3f1e6180864e103c94a2cab46bb55cd37b1f10d,https://web.archive.org/web/20250421140612id_/https://bikinlaper.com/category/peluang-usaha-kuliner/page/3/,
cached,category/peluang-usaha-kuliner/page/4/index.html,https://bikinlaper.com/category/peluang-usaha-kuliner/page/4/,20250807032550,text/html,97653,444f30eedda27a6ce617d2b548219e456f47b9107d77cafd0c9889ebd8b20fde,https://web.archive.org/web/20250807032550id_/https://bikinlaper.com/category/peluang-usaha-kuliner/page/4/,
cached,category/peluang-usaha-kuliner/page/5/index.html,https://bikinlaper.com/category/peluang-usaha-kuliner/page/5/,20241106044712,text/html,93288,7d8fa079e006b30388adfd0db4aecb3be588aed59b417385a371a8d064d93158,https://web.archive.org/web/20241106044712id_/https://bikinlaper.com/category/peluang-usaha-kuliner/page/5/,
cached,category/peluang-usaha-kuliner/page/6/index.html,https://bikinlaper.com/category/peluang-usaha-kuliner/page/6/,20250718225707,text/html,84620,179d099a93c1f5c1685394fdf3821148f14e09eef6acf6039d3316a3c28ea8c8,https://web.archive.org/web/20250718225707id_/https://bikinlaper.com/category/peluang-usaha-kuliner/page/6/,
cached,category/peluang-usaha-kuliner/page/7/index.html,https://bikinlaper.com/category/peluang-usaha-kuliner/page/7/,20250421141810,text/html,104788,e7c1d61b5d54d93094e34285ef10a44744c9d02fc3f7e6f4ed894cf94d502a2b,https://web.archive.org/web/20250421141810id_/https://bikinlaper.com/category/peluang-usaha-kuliner/page/7/,
cached,category/resep/index.html,https://bikinlaper.com/category/resep/,20251007052606,text/html,81178,066edb5e0966b1c1210bcdbf89885f8cd856265af891d93de1ca3fcbadefe02c,https://web.archive.org/web/20251007052606id_/https://bikinlaper.com/category/resep/,
cached,category/review/feed.xml,https://bikinlaper.com/category/review/feed/,20231211145731,application/rss+xml,95046,c96bec25c162e903da405e6c59c379110e1a554490f15f85c9e723dceda7f779,https://web.archive.org/web/20231211145731id_/https://bikinlaper.com/category/review/feed/,
cached,category/review/index.html,https://bikinlaper.com/category/review/,20250217102118,text/html,90252,b718cd8c81d3a8e7174bd03e98e5ea0d85ad0e3c39fb74fb7fc4aee29d0c7a99,https://web.archive.org/web/20250217102118id_/https://bikinlaper.com/category/review/,
cached,category/review/page/2/index.html,https://bikinlaper.com/category/review/page/2/,20231211145730,text/html,106044,715e26994507a8b0cdc41a759c3ff573a29838be052c54165c5fe928c3cc4e9f,https://web.archive.org/web/20231211145730id_/https://bikinlaper.com/category/review/page/2/,
cached,category/street-food/index.html,https://bikinlaper.com/category/street-food/,20250916231513,text/html,87530,b69530d9c5ca3ebc7244f47ba5cb8f75b0d29a7e8110209a22f1fcfa7ecc32bb,https://web.archive.org/web/20250916231513id_/https://bikinlaper.com/category/street-food/,
cached,category/tips/feed.xml,https://bikinlaper.com/category/tips/feed/,20231211145740,application/rss+xml,100165,3f8259e635f1fc19faaf35f9f3e73592be3d1b6c436fd93e5017782e9b7faff0,https://web.archive.org/web/20231211145740id_/https://bikinlaper.com/category/tips/feed/,
cached,category/tips/index.html,https://bikinlaper.com/category/tips/,20250421133604,text/html,94657,dc2f1ebd24fcf6530379bf314c408de9fd559ec2a29d485a0a46dacfa92eb55c,https://web.archive.org/web/20250421133604id_/https://bikinlaper.com/category/tips/,
cached,category/tips/page/2/index.html,https://bikinlaper.com/category/tips/page/2/,20231211145738,text/html,117679,5f4f174853e2d46f5a303943175dd1688c997ac7ebeb3a64afbbbf6f13bbfefa,https://web.archive.org/web/20231211145738id_/https://bikinlaper.com/category/tips/page/2/,
cached,category/tips/page/3/index.html,https://bikinlaper.com/category/tips/page/3/,20231211145751,text/html,114166,f09bb781c78798b004822500c55012110f5969bd2d40eeea313b2307df7700cb,https://web.archive.org/web/20231211145751id_/https://bikinlaper.com/category/tips/page/3/,
cached,category/travel/feed.xml,https://bikinlaper.com/category/travel/feed/,20231211145736,application/rss+xml,1115,4a081373ffbd095b910db4381a5eb9c98ef3a4a679b5c90a47f57f97d680d48a,https://web.archive.org/web/20231211145736id_/https://bikinlaper.com/category/travel/feed/,
cached,category/travel/index.html,https://bikinlaper.com/category/travel/,20250613134024,text/html,95793,2a570be0bcaf6f44821a417a347b2e4c681004a4762ad832bd245456022acfe7,https://web.archive.org/web/20250613134024id_/https://bikinlaper.com/category/travel/,
cached,category/travel/page/2/index.html,https://bikinlaper.com/category/travel/page/2/,20250718232218,text/html,84648,c2dd70b6bfca1f3b9fa7921a90bcff442968b2219ba17fe2048e6fa96669e55b,https://web.archive.org/web/20250718232218id_/https://bikinlaper.com/category/travel/page/2/,
cached,category/uncategorized/feed.xml,https://bikinlaper.com/category/uncategorized/feed/,20231211154238,application/rss+xml,96106,359d6d45f0e416f8d791135915138999183247ea6a5ac53684d5350b977c2374,https://web.archive.org/web/20231211154238id_/https://bikinlaper.com/category/uncategorized/feed/,
cached,category/uncategorized/index.html,https://bikinlaper.com/category/uncategorized/,20251007050440,text/html,88804,b5094ed4dff459b8e0c9f2c37ae715c798acbe12c356c2b93f143330226fa7d4,https://web.archive.org/web/20251007050440id_/https://bikinlaper.com/category/uncategorized/,
cached,category/uncategorized/page/2/index.html,https://bikinlaper.com/category/uncategorized/page/2/,20250613131643,text/html,99997,559433d6f9abcd911a62bfecb023d2fd6bc0eff8adc94e6e5e27e1d6acc585a6,https://web.archive.org/web/20250613131643id_/https://bikinlaper.com/category/uncategorized/page/2/,
cached,category/uncategorized/page/3/index.html,https://bikinlaper.com/category/uncategorized/page/3/,20251009143845,text/html,98408,7c477def43a2958f9cbf90b395189d70ef942983ce9caf38e88c66b3571fe123,https://web.archive.org/web/20251009143845id_/https://bikinlaper.com/category/uncategorized/page/3/,
cached,category/uncategorized/page/4/index.html,https://bikinlaper.com/category/uncategorized/page/4/,20250613135700,text/html,93894,79408cd3ab8a0e9bbb2818f369f3f505c237966ccb33647d06d684d95807caed,https://web.archive.org/web/20250613135700id_/https://bikinlaper.com/category/uncategorized/page/4/,
cached,category/uncategorized/page/5/index.html,https://bikinlaper.com/category/uncategorized/page/5/,20250613141532,text/html,89605,6ceb2121be66334b75996557c815b97914ce40fa41a52e454513fa1fb333feb4,https://web.archive.org/web/20250613141532id_/https://bikinlaper.com/category/uncategorized/page/5/,
cached,category/uncategorized/page/6/index.html,https://bikinlaper.com/category/uncategorized/page/6/,20251009134542,text/html,89424,3f08e5392da6353e1b55d55c109d0de37af285ff44732e2dbda5540d139b3069,https://web.archive.org/web/20251009134542id_/https://bikinlaper.com/category/uncategorized/page/6/,
cached,category/zodiak/index.html,https://bikinlaper.com/category/zodiak/,20251007054739,text/html,81126,9f46e0ef773fa3ddd3220d6f6785bd7e988ae118a2596f0fccf71167e8d3a394,https://web.archive.org/web/20251007054739id_/https://bikinlaper.com/category/zodiak/,
cached,comments/feed.xml,https://bikinlaper.com/comments/feed/,20231211145728,application/rss+xml,735,f68da802378930b30fbc9c1237c0e068cc4c15e616cc7e53984b513b3e5d6749,https://web.archive.org/web/20231211145728id_/https://bikinlaper.com/comments/feed/,
cached,contact-us/index.html,https://bikinlaper.com/contact-us/,20250916233909,text/html,93991,368a48c132ff900c078868ad2a691df344226d6a82b3e813a5bda085167e2bf5,https://web.archive.org/web/20250916233909id_/https://bikinlaper.com/contact-us/,
cached,cwie-mie-kuliner-mie-khas-kota-malang-yang-menggoda-lidah/index.html,https://bikinlaper.com/cwie-mie-kuliner-mie-khas-kota-malang-yang-menggoda-lidah/,20250807024652,text/html,150800,afb19f586fbb459df69325a873e9cc25d47895acd06c26ef8e70886c49ba9a84,https://web.archive.org/web/20250807024652id_/https://bikinlaper.com/cwie-mie-kuliner-mie-khas-kota-malang-yang-menggoda-lidah/,
cached,daftar-menu-lauk-harian-di-bulan-puasa-bikin-ngiler/index.html,https://bikinlaper.com/daftar-menu-lauk-harian-di-bulan-puasa-bikin-ngiler/,20251009135939,text/html,159130,ddc45009413133384837dfe069eff0e0e5326132c6f841288d0c96cf4b4db3c7,https://web.archive.org/web/20251009135939id_/https://bikinlaper.com/daftar-menu-lauk-harian-di-bulan-puasa-bikin-ngiler/,
cached,destinasi-pilihan-untuk-merayakan-tahun-baru-bersama-keluarga-kebersamaan-dan-kesenangan-untuk-semua/happy-new-year-2/index.html,https://bikinlaper.com/destinasi-pilihan-untuk-merayakan-tahun-baru-bersama-keluarga-kebersamaan-dan-kesenangan-untuk-semua/happy-new-year-2/,20251009134622,text/html,88690,6408be5750362917f210daecf6eb14b696afd5c871b5521acbf5659e9246dcaa,https://web.archive.org/web/20251009134622id_/https://bikinlaper.com/destinasi-pilihan-untuk-merayakan-tahun-baru-bersama-keluarga-kebersamaan-dan-kesenangan-untuk-semua/happy-new-year-2/,
cached,destinasi-pilihan-untuk-merayakan-tahun-baru-bersama-keluarga-kebersamaan-dan-kesenangan-untuk-semua/index.html,https://bikinlaper.com/destinasi-pilihan-untuk-merayakan-tahun-baru-bersama-keluarga-kebersamaan-dan-kesenangan-untuk-semua/,20251009141913,text/html,157820,1e8e01e3d762eff44d84e991f0eeb04f84263dd939225da73afdb84ed8544f00,https://web.archive.org/web/20251009141913id_/https://bikinlaper.com/destinasi-pilihan-untuk-merayakan-tahun-baru-bersama-keluarga-kebersamaan-dan-kesenangan-untuk-semua/,
cached,destinasi-pilihan-untuk-merayakan-tahun-baru-bersama-keluarga-kebersamaan-dan-kesenangan-untuk-semua/tahun-baru-2/index.html,https://bikinlaper.com/destinasi-pilihan-untuk-merayakan-tahun-baru-bersama-keluarga-kebersamaan-dan-kesenangan-untuk-semua/tahun-baru-2/,20251007055633,text/html,88462,098378501080b7446d7f848c7958ce7dbb700e96ff5960307992f246ec784e54,https://web.archive.org/web/20251007055633id_/https://bikinlaper.com/destinasi-pilihan-untuk-merayakan-tahun-baru-bersama-keluarga-kebersamaan-dan-kesenangan-untuk-semua/tahun-baru-2/,
cached,eksplorasi-dunia-kuliner-lezat-keajaiban-rasa-dari-berbagai-belahan-dunia/index.html,https://bikinlaper.com/eksplorasi-dunia-kuliner-lezat-keajaiban-rasa-dari-berbagai-belahan-dunia/,20251009141557,text/html,159209,257aa00547bf145cf86f1c113451c495826f90b07489cf16e1f15801b3070faa,https://web.archive.org/web/20251009141557id_/https://bikinlaper.com/eksplorasi-dunia-kuliner-lezat-keajaiban-rasa-dari-berbagai-belahan-dunia/,
cached,eksplorasi-kulinernya-yang-menggoda-di-solo-wisata-kuliner-di-kota-batik/index.html,https://bikinlaper.com/eksplorasi-kulinernya-yang-menggoda-di-solo-wisata-kuliner-di-kota-batik/,20251007061510,text/html,150872,51db0fd3f27bd71d587001021fef353ff1362c6e30ec9f125a805fc7526527c8,https://web.archive.org/web/20251007061510id_/https://bikinlaper.com/eksplorasi-kulinernya-yang-menggoda-di-solo-wisata-kuliner-di-kota-batik/,
cached,eksplorasi-makanan-khas-thailand-yang-halal-agar-kulineran-jadi-tenan/index.html,https://bikinlaper.com/eksplorasi-makanan-khas-thailand-yang-halal-agar-kulineran-jadi-tenan/,20250807030648,text/html,157409,5d83359d5f08c3ac3aa56a814e8252112a525815c2b70a0ea20b07174a273420,https://web.archive.org/web/20250807030648id_/https://bikinlaper.com/eksplorasi-makanan-khas-thailand-yang-halal-agar-kulineran-jadi-tenan/,
cached,eksplorasi-makanan-khas-thailand-yang-halal-agar-kulineran-jadi-tenan/pexels-nine-117702-5030168/index.html,https://bikinlaper.com/eksplorasi-makanan-khas-thailand-yang-halal-agar-kulineran-jadi-tenan/pexels-nine-117702-5030168/,20250513025511,text/html,89051,83b2dbac0a2854e74b3a6ab1fbbeec0897302cc5eda6be11cd97afb57896b7d9,https://web.archive.org/web/20250513025511id_/https://bikinlaper.com/eksplorasi-makanan-khas-thailand-yang-halal-agar-kulineran-jadi-tenan/pexels-nine-117702-5030168/,
cached,eksplorasi-minuman-khas-arab-yang-populer-diindonesia/index.html,https://bikinlaper.com/eksplorasi-minuman-khas-arab-yang-populer-diindonesia/,20251009152002,text/html,156408,bace28e06fa91b74ebae3c75ba8041acfafd4cb8d60186865b5670e858a5c5c7,https://web.archive.org/web/20251009152002id_/https://bikinlaper.com/eksplorasi-minuman-khas-arab-yang-populer-diindonesia/,
cached,eksplorasi-minuman-khas-arab-yang-populer-diindonesia/minuman-khas-arab/index.html,https://bikinlaper.com/eksplorasi-minuman-khas-arab-yang-populer-diindonesia/minuman-khas-arab/,20250513033458,text/html,87979,ca2dc80451ef60bd9af21d5fef3596aa75d9087a5eefd9531ec0b0b3e6c504e5,https://web.archive.org/web/20250513033458id_/https://bikinlaper.com/eksplorasi-minuman-khas-arab-yang-populer-diindonesia/minuman-khas-arab/,
cached,eksplorasi-nikmatnya-warisan-kuliner-indonesia-melalui-franchise-bakmi-gm/bakmi_gm_1692680061/index.html,https://bikinlaper.com/eksplorasi-nikmatnya-warisan-kuliner-indonesia-melalui-franchise-bakmi-gm/bakmi_gm_1692680061/,20250513043142,text/html,88740,70c2438e18e004f85842da6fa5794ea89ff50e248dad4ce176c21681d820bdf7,https://web.archive.org/web/20250513043142id_/https://bikinlaper.com/eksplorasi-nikmatnya-warisan-kuliner-indonesia-melalui-franchise-bakmi-gm/bakmi_gm_1692680061/,
cached,eksplorasi-nikmatnya-warisan-kuliner-indonesia-melalui-franchise-bakmi-gm/index.html,https://bikinlaper.com/eksplorasi-nikmatnya-warisan-kuliner-indonesia-melalui-franchise-bakmi-gm/,20251007060218,text/html,148979,d06e9030034b7bef896cbb644dd6eecce9f1508d97eac4bd2c1e16437151a79e,https://web.archive.org/web/20251007060218id_/https://bikinlaper.com/eksplorasi-nikmatnya-warisan-kuliner-indonesia-melalui-franchise-bakmi-gm/,
cached,eksplorasi-rasa-25-jenis-sushi-yang-memikat-selera/index.html,https://bikinlaper.com/eksplorasi-rasa-25-jenis-sushi-yang-memikat-selera/,20251007055132,text/html,150016,c19b1bb2e746414e5affefeacc33c4e1069248fbf45d5de50e77e25b8f3e03ab,https://web.archive.org/web/20251007055132id_/https://bikinlaper.com/eksplorasi-rasa-25-jenis-sushi-yang-memikat-selera/,
cached,es-cekek-menggoda-lidah-dengan-kelezatan-tradisional/es-cekek/index.html,https://bikinlaper.com/es-cekek-menggoda-lidah-dengan-kelezatan-tradisional/es-cekek/,20251007062027,text/html,87463,c8590a1fad0093127dc2bf791895457ca632c967aa3b23aad9e64f4b9f7fb29a,https://web.archive.org/web/20251007062027id_/https://bikinlaper.com/es-cekek-menggoda-lidah-dengan-kelezatan-tradisional/es-cekek/,
cached,es-cekek-menggoda-lidah-dengan-kelezatan-tradisional/index.html,https://bikinlaper.com/es-cekek-menggoda-lidah-dengan-kelezatan-tradisional/,20250807041423,text/html,149805,4757d9437a9bed48eb3c05e722e358ee917030b1efe6ed3bf06f50f5f3bdf16c,https://web.archive.org/web/20250807041423id_/https://bikinlaper.com/es-cekek-menggoda-lidah-dengan-kelezatan-tradisional/,
cached,esports-porownanie-kursow-bukmacherskich-watts-lipiec-202.bin,https://bikinlaper.com/esports-porownanie-kursow-bukmacherskich-watts-lipiec-202/,20240918143018,unk,1524,513e0ec4b18984cb92c9f94c8fc7bfa69dc831b106927c97404b7a82f5077ee1,https://web.archive.org/web/20240918143018id_/https://bikinlaper.com/esports-porownanie-kursow-bukmacherskich-watts-lipiec-202/,
cached,fb-adalah-peran-dan-makna-penting-dalam-dunia-kuliner/index.html,https://bikinlaper.com/fb-adalah-peran-dan-makna-penting-dalam-dunia-kuliner/,20251009135637,text/html,161556,4cc904dad016305d157f9cabe6b53dcc45ee06e34ab00e20337b39caf91a68b2,https://web.archive.org/web/20251009135637id_/https://bikinlaper.com/fb-adalah-peran-dan-makna-penting-dalam-dunia-kuliner/,
cached,fb-adalah-peran-dan-makna-penting-dalam-dunia-kuliner/interior-shot-cafe-with-chairs-near-bar-with-wooden-tables/index.html,https://bikinlaper.com/fb-adalah-peran-dan-makna-penting-dalam-dunia-kuliner/interior-shot-cafe-with-chairs-near-bar-with-wooden-tables/,20251009140533,text/html,89671,c806b1e7ddae4521fa0530678c31aab662b03f80395194fc83e6217fe9f17153,https://web.archive.org/web/20251009140533id_/https://bikinlaper.com/fb-adalah-peran-dan-makna-penting-dalam-dunia-kuliner/interior-shot-cafe-with-chairs-near-bar-with-wooden-tables/,
cached,feed.xml,https://bikinlaper.com/feed/,20231211145726,application/rss+xml,99803,25b40123d2e3250ef14cdd4c58c9e87b20707b382ad304e96a3b3da61aeeaca5,https://web.archive.org/web/20231211145726id_/https://bikinlaper.com/feed/,
cached,food-vlogger-profesi-apa-itu-apa-saja-keuntungan-yang-kita-dapatkan/index.html,https://bikinlaper.com/food-vlogger-profesi-apa-itu-apa-saja-keuntungan-yang-kita-dapatkan/,20251009144804,text/html,160701,79489e11a2ec6cb5c3d826cdbd8a24d810fa3a8f8847b2a8341f2949aa051fd0,https://web.archive.org/web/20251009144804id_/https://bikinlaper.com/food-vlogger-profesi-apa-itu-apa-saja-keuntungan-yang-kita-dapatkan/,
cached,food-vlogger-profesi-apa-itu-apa-saja-keuntungan-yang-kita-dapatkan/tanboykun/index.html,https://bikinlaper.com/food-vlogger-profesi-apa-itu-apa-saja-keuntungan-yang-kita-dapatkan/tanboykun/,20250513040720,text/html,87971,900102ad97c9e15a5ba65788cea0ebef1c385860be83ebfdd7187b4a9e4f833c,https://web.archive.org/web/20250513040720id_/https://bikinlaper.com/food-vlogger-profesi-apa-itu-apa-saja-keuntungan-yang-kita-dapatkan/tanboykun/,
cached,franchise-autopilot-terbaik-di-akhir-2024-indofishmart-id-sebagai-solusi-bisnis-tanpa-repot/index.html,https://bikinlaper.com/franchise-autopilot-terbaik-di-akhir-2024-indofishmart-id-sebagai-solusi-bisnis-tanpa-repot/,20251009144626,text/html,151693,887d8bdb9b0de493365e461950d7b54b45ebda1ae055c70fe17433bad2f5eb54,https://web.archive.org/web/20251009144626id_/https://bikinlaper.com/franchise-autopilot-terbaik-di-akhir-2024-indofishmart-id-sebagai-solusi-bisnis-tanpa-repot/,
cached,franchise-autopilot-terbaik-di-akhir-2024-indofishmart-id-sebagai-solusi-bisnis-tanpa-repot/whatsapp-image-2024-09-08-at-09-08-27/index.html,https://bikinlaper.com/franchise-autopilot-terbaik-di-akhir-2024-indofishmart-id-sebagai-solusi-bisnis-tanpa-repot/whatsapp-image-2024-09-08-at-09-08-27/,20251009150219,text/html,89664,598589a7740f1f12d469aaed1b763410893c4e93434c325d6ba10bfa30e82cd7,https://web.archive.org/web/20251009150219id_/https://bikinlaper.com/franchise-autopilot-terbaik-di-akhir-2024-indofishmart-id-sebagai-solusi-bisnis-tanpa-repot/whatsapp-image-2024-09-08-at-09-08-27/,
cached,franchise-definisi-dan-cara-mengembangkannya/index.html,https://bikinlaper.com/franchise-definisi-dan-cara-mengembangkannya/,20251009143659,text/html,163900,bad833cb05b7ed3c7170c5a36f7b8a4c6ce46a85628a6846b17a74f09fc9498e,https://web.archive.org/web/20251009143659id_/https://bikinlaper.com/franchise-definisi-dan-cara-mengembangkannya/,
cached,franchise-dominos-pizza-investasi-lezat-di-dunia-kuliner/dominos-pizza/index.html,https://bikinlaper.com/franchise-dominos-pizza-investasi-lezat-di-dunia-kuliner/dominos-pizza/,20251009142600,text/html,87211,34600730b39a5bce61973e0087a9df493463ba41e15dd382db0cbec24af60bcb,https://web.archive.org/web/20251009142600id_/https://bikinlaper.com/franchise-dominos-pizza-investasi-lezat-di-dunia-kuliner/dominos-pizza/,
cached,franchise-dominos-pizza-investasi-lezat-di-dunia-kuliner/index.html,https://bikinlaper.com/franchise-dominos-pizza-investasi-lezat-di-dunia-kuliner/,20250807025922,text/html,154711,a40a55c97655a01dcacb86c19ff4546d940db8a53e6c7d91659573db1ef855ba,https://web.archive.org/web/20250807025922id_/https://bikinlaper.com/franchise-dominos-pizza-investasi-lezat-di-dunia-kuliner/,
cached,franchise-warteg-terkenal-di-indonesia-menjelajahi-peluang-bisnis-kuliner-yang-menguntungkan/feed.xml,https://bikinlaper.com/franchise-warteg-terkenal-di-indonesia-menjelajahi-peluang-bisnis-kuliner-yang-menguntungkan/feed/,20231211145727,application/rss+xml,1137,7eb86e9dd3411b663927d33197ec4fb962dc5bf417733fbc06ab624928b60705,https://web.archive.org/web/20231211145727id_/https://bikinlaper.com/franchise-warteg-terkenal-di-indonesia-menjelajahi-peluang-bisnis-kuliner-yang-menguntungkan/feed/,
cached,franchise-warteg-terkenal-di-indonesia-menjelajahi-peluang-bisnis-kuliner-yang-menguntungkan/index.html,https://bikinlaper.com/franchise-warteg-terkenal-di-indonesia-menjelajahi-peluang-bisnis-kuliner-yang-menguntungkan/,20250718221950,text/html,170109,a0ef05574e3f87061f14c51d87e6acd76b789467e7666ec946411ba953f04f01,https://web.archive.org/web/20250718221950id_/https://bikinlaper.com/franchise-warteg-terkenal-di-indonesia-menjelajahi-peluang-bisnis-kuliner-yang-menguntungkan/,
cached,hanami-restoran-all-you-can-eat-di-pati-jawa-tengah/hanami-pati/index.html,https://bikinlaper.com/hanami-restoran-all-you-can-eat-di-pati-jawa-tengah/hanami-pati/,20250613135627,text/html,87578,78b3d3a7f786da3cfed08b45377573641126b7456f58c94c3f51bcedf1866ad4,https://web.archive.org/web/20250613135627id_/https://bikinlaper.com/hanami-restoran-all-you-can-eat-di-pati-jawa-tengah/hanami-pati/,
cached,hanami-restoran-all-you-can-eat-di-pati-jawa-tengah/index.html,https://bikinlaper.com/hanami-restoran-all-you-can-eat-di-pati-jawa-tengah/,20250513035948,text/html,159790,f600d927b33505eea24485187bac407762d57d70a3afa0472dd34b62e3a9dbf9,https://web.archive.org/web/20250513035948id_/https://bikinlaper.com/hanami-restoran-all-you-can-eat-di-pati-jawa-tengah/,
cached,hanami-restoran-all-you-can-eat-di-pati-jawa-tengah/screenshot_1/index.html,https://bikinlaper.com/hanami-restoran-all-you-can-eat-di-pati-jawa-tengah/screenshot_1/,20250916232432,text/html,87083,5abc640970fdec79a0ea0fc16171eb5eb1621cbe97ee13721a34fbd21f35edcc,https://web.archive.org/web/20250916232432id_/https://bikinlaper.com/hanami-restoran-all-you-can-eat-di-pati-jawa-tengah/screenshot_1/,
cached,hanami-restoran-all-you-can-eat-di-pati-jawa-tengah/screenshot_2/index.html,https://bikinlaper.com/hanami-restoran-all-you-can-eat-di-pati-jawa-tengah/screenshot_2/,20250421135145,text/html,86976,10d11c7d11cf337a20bfd23bba03eec07c7a744f005621f9f23a678f23700684,https://web.archive.org/web/20250421135145id_/https://bikinlaper.com/hanami-restoran-all-you-can-eat-di-pati-jawa-tengah/screenshot_2/,
cached,hanami-restoran-all-you-can-eat-di-pati-jawa-tengah/screenshot_3/index.html,https://bikinlaper.com/hanami-restoran-all-you-can-eat-di-pati-jawa-tengah/screenshot_3/,20251009144257,text/html,86976,2e88bdb03b4761b6d510c7075bdd055f8afb08ac5d2738fa5007036e016b0e22,https://web.archive.org/web/20251009144257id_/https://bikinlaper.com/hanami-restoran-all-you-can-eat-di-pati-jawa-tengah/screenshot_3/,
cached,hanami-restoran-all-you-can-eat-di-pati-jawa-tengah/screenshot_8/index.html,https://bikinlaper.com/hanami-restoran-all-you-can-eat-di-pati-jawa-tengah/screenshot_8/,20250613135836,text/html,86976,1490c37bbf00006d9c29508f936cf7ce5994f8b3cc034eb84fc72c7b31c9a556,https://web.archive.org/web/20250613135836id_/https://bikinlaper.com/hanami-restoran-all-you-can-eat-di-pati-jawa-tengah/screenshot_8/,
cached,hidangan-nusantara-kaya-aroma-rasa-dan-budaya-dalam-setiap-suapan/index.html,https://bikinlaper.com/hidangan-nusantara-kaya-aroma-rasa-dan-budaya-dalam-setiap-suapan/,20251009150400,text/html,156522,079b22446051d0816996310e82e9e54b9102ff3f717b6fa23ae22873b577cba6,https://web.archive.org/web/20251009150400id_/https://bikinlaper.com/hidangan-nusantara-kaya-aroma-rasa-dan-budaya-dalam-setiap-suapan/,
cached,home/052c7fafeb28b85eb9fe24850170fe51/index.html,https://bikinlaper.com/home/052c7fafeb28b85eb9fe24850170fe51/,20251009142835,text/html,84258,3d183ee0fbf08527c27abd47569d9be55065ad92f608bc2e265f1a59170485ea,https://web.archive.org/web/20251009142835id_/https://bikinlaper.com/home/052c7fafeb28b85eb9fe24850170fe51/,
cached,home/120823779_2745729095755226_7143895580681666546_o/index.html,https://bikinlaper.com/home/120823779_2745729095755226_7143895580681666546_o/,20250421133457,text/html,85094,d353426b30d1d3617e2d8a89d2314aee1457c64fcf3dc7787adc3d327df5a594,https://web.archive.org/web/20250421133457id_/https://bikinlaper.com/home/120823779_2745729095755226_7143895580681666546_o/,
cached,home/fore/index.html,https://bikinlaper.com/home/fore/,20251007052414,text/html,82804,1c89b2bac15b559c9a78e13c00c728e858bd26cdd1714c93db946492b8d10715,https://web.archive.org/web/20251007052414id_/https://bikinlaper.com/home/fore/,
cached,home/foree/index.html,https://bikinlaper.com/home/foree/,20250718222608,text/html,82854,298ae54b4b9c5ae7fe3a05e0296535526110cda10dbd9c142ab35b646fd67c83,https://web.archive.org/web/20250718222608id_/https://bikinlaper.com/home/foree/,
cached,home/index.html,https://bikinlaper.com/home/,20251009140314,text/html,208293,7e477ca7e019010e6cf9c4e09bb70ae96ff0c2070070f1defe3574a0893c41e5,https://web.archive.org/web/20251009140314id_/https://bikinlaper.com/home/,
cached,home/janji-jiwa/index.html,https://bikinlaper.com/home/janji-jiwa/,20251007061918,text/html,83114,3a1a4db12c22a884b3681a4a252497d0dced7df9462e3b1617e3d18845ddd0e7,https://web.archive.org/web/20251007061918id_/https://bikinlaper.com/home/janji-jiwa/,
cached,home/kopi-kenangan/index.html,https://bikinlaper.com/home/kopi-kenangan/,20251007061622,text/html,83272,08bc126ae3b4c9689238f91e8c9a15db87367ef8b4f088c9dc21b6081e3f2cc5,https://web.archive.org/web/20251007061622id_/https://bikinlaper.com/home/kopi-kenangan/,
cached,home/mie-gacoan/index.html,https://bikinlaper.com/home/mie-gacoan/,20250807035543,text/html,83114,a533bfb023883c3b8c284e1d320d065e5bded02a34ebdae7f8f1e6719a6e80ca,https://web.archive.org/web/20250807035543id_/https://bikinlaper.com/home/mie-gacoan/,
cached,home/mixue/index.html,https://bikinlaper.com/home/mixue/,20250114024905,text/html,83061,700019d0971cec6968c4a2abca88141428ef7ac4ac2eb76423709f9eb0ed5dd4,https://web.archive.org/web/20250114024905id_/https://bikinlaper.com/home/mixue/,
cached,home/solaria/index.html,https://bikinlaper.com/home/solaria/,20251009150905,text/html,82962,85da8acfa55aa015a851b34945a0787fe0ee8b7b05db7bc8c747a53f08e18b64,https://web.archive.org/web/20251009150905id_/https://bikinlaper.com/home/solaria/,
cached,home/warteg-putri-bahari/index.html,https://bikinlaper.com/home/warteg-putri-bahari/,20250214020744,text/html,84239,d2e0276846510fd7227c8d781462cbe039600095622198671e09e9b156f812b3,https://web.archive.org/web/20250214020744id_/https://bikinlaper.com/home/warteg-putri-bahari/,
cached,ifbc-expo-franchise-peluang-bisnis-luar-biasa-dalam-dunia-pameran-dan-konferensi-internasional/ifbc/index.html,https://bikinlaper.com/ifbc-expo-franchise-peluang-bisnis-luar-biasa-dalam-dunia-pameran-dan-konferensi-internasional/ifbc/,20250513042241,text/html,87855,117ae2004023951249e4b0bb9387fa70f5d3904d97ceca9f7b8014a853a1ceec,https://web.archive.org/web/20250513042241id_/https://bikinlaper.com/ifbc-expo-franchise-peluang-bisnis-luar-biasa-dalam-dunia-pameran-dan-konferensi-internasional/ifbc/,
cached,ifbc-expo-franchise-peluang-bisnis-luar-biasa-dalam-dunia-pameran-dan-konferensi-internasional/index.html,https://bikinlaper.com/ifbc-expo-franchise-peluang-bisnis-luar-biasa-dalam-dunia-pameran-dan-konferensi-internasional/,20251007045649,text/html,153719,87e0ab00102f42ec76e4ade65855a62fe473f9047695ccaf2397f93f9c16f859,https://web.archive.org/web/20251007045649id_/https://bikinlaper.com/ifbc-expo-franchise-peluang-bisnis-luar-biasa-dalam-dunia-pameran-dan-konferensi-internasional/,
cached,index.html,https://bikinlaper.com/,20250916232405,text/html,206975,d2b6dc6a000ec3f408b1e8663db49781379f3dc74ce912e7eca915a21286babe,https://web.archive.org/web/20250916232405id_/https://bikinlaper.com/,
cached,info-trend-bisnis-kuliner-terbaru-2024-di-indonesia/index.html,https://bikinlaper.com/info-trend-bisnis-kuliner-terbaru-2024-di-indonesia/,20251009152055,text/html,158502,ec0b0d75ed3342452919ff3c93c2d727af4314d91caf5c55dbf1b6341007f52f,https://web.archive.org/web/20251009152055id_/https://bikinlaper.com/info-trend-bisnis-kuliner-terbaru-2024-di-indonesia/,
cached,jajan-sepuasnya-seni-dan-nikmatnya-menjelajahi-kuliner-indonesia/feed.xml,https://bikinlaper.com/jajan-sepuasnya-seni-dan-nikmatnya-menjelajahi-kuliner-indonesia/feed/,20231226141352,application/rss+xml,1025,1926d0560007a9fe41304421108ab3d1c778087cb4e86251940fcfb0919473f0,https://web.archive.org/web/20231226141352id_/https://bikinlaper.com/jajan-sepuasnya-seni-dan-nikmatnya-menjelajahi-kuliner-indonesia/feed/,
cached,jajan-sepuasnya-seni-dan-nikmatnya-menjelajahi-kuliner-indonesia/index.html,https://bikinlaper.com/jajan-sepuasnya-seni-dan-nikmatnya-menjelajahi-kuliner-indonesia/,20251007052835,text/html,152878,ee60d4745e49fcfb4bf0306f62442d86598c41be118b148b10bb9e6fea10a7be,https://web.archive.org/web/20251007052835id_/https://bikinlaper.com/jajan-sepuasnya-seni-dan-nikmatnya-menjelajahi-kuliner-indonesia/,
cached,jakarta-2023-menjelajahi-tempat-terbaik-merayakan-malam-tahun-baru-untuk-pengalaman-tak-terlupakan/feed.xml,https://bikinlaper.com/jakarta-2023-menjelajahi-tempat-terbaik-merayakan-malam-tahun-baru-untuk-pengalaman-tak-terlupakan/feed/,20231226141415,application/rss+xml,1161,e4ab0dda7f1a5a3fccf42d207afa50feb39205ba70e5c73f864b95fa88f597c3,https://web.archive.org/web/20231226141415id_/https://bikinlaper.com/jakarta-2023-menjelajahi-tempat-terbaik-merayakan-malam-tahun-baru-untuk-pengalaman-tak-terlupakan/feed/,
cached,jakarta-2023-menjelajahi-tempat-terbaik-merayakan-malam-tahun-baru-untuk-pengalaman-tak-terlupakan/index.html,https://bikinlaper.com/jakarta-2023-menjelajahi-tempat-terbaik-merayakan-malam-tahun-baru-untuk-pengalaman-tak-terlupakan/,20250916231303,text/html,160783,0a66c6ac8617516e90ba28fe1269ef5a2760475789208991852e86e33da5a6a5,https://web.archive.org/web/20250916231303id_/https://bikinlaper.com/jakarta-2023-menjelajahi-tempat-terbaik-merayakan-malam-tahun-baru-untuk-pengalaman-tak-terlupakan/,
cached,jakarta-2023-menjelajahi-tempat-terbaik-merayakan-malam-tahun-baru-untuk-pengalaman-tak-terlupakan/tahun-baru/index.html,https://bikinlaper.com/jakarta-2023-menjelajahi-tempat-terbaik-merayakan-malam-tahun-baru-untuk-pengalaman-tak-terlupakan/tahun-baru/,20251009135014,text/html,88326,7c288f9d817225aa06d1b392c65cb36c535f0ae63db69ef6d1d444bc3d79b770,https://web.archive.org/web/20251009135014id_/https://bikinlaper.com/jakarta-2023-menjelajahi-tempat-terbaik-merayakan-malam-tahun-baru-untuk-pengalaman-tak-terlupakan/tahun-baru/,
cached,kelezatan-autentik-menjelajahi-keindahan-masakan-lokal-terlezat/index.html,https://bikinlaper.com/kelezatan-autentik-menjelajahi-keindahan-masakan-lokal-terlezat/,20250513040025,text/html,152257,313dd6a681aa43d8dc2faa3f6b4f4276654c55bc611872d0688c67c8295283f6,https://web.archive.org/web/20250513040025id_/https://bikinlaper.com/kelezatan-autentik-menjelajahi-keindahan-masakan-lokal-terlezat/,
cached,kelezatan-ayam-kalasan-membahas-hidangan-ikonik-dari-yogyakarta/ayam-kalasan/index.html,https://bikinlaper.com/kelezatan-ayam-kalasan-membahas-hidangan-ikonik-dari-yogyakarta/ayam-kalasan/,20250513035406,text/html,87360,3964383d6331603d5b44c0b76bbfa7ae631f0e6f1d9f6a2d3bd6f94d9fcc87ce,https://web.archive.org/web/20250513035406id_/https://bikinlaper.com/kelezatan-ayam-kalasan-membahas-hidangan-ikonik-dari-yogyakarta/ayam-kalasan/,
cached,kelezatan-ayam-kalasan-membahas-hidangan-ikonik-dari-yogyakarta/index.html,https://bikinlaper.com/kelezatan-ayam-kalasan-membahas-hidangan-ikonik-dari-yogyakarta/,20251009151720,text/html,159246,cb0d9bd654afd9a5d937d86bc213add84540818fe0a2b2da7c77805814923c8e,https://web.archive.org/web/20251009151720id_/https://bikinlaper.com/kelezatan-ayam-kalasan-membahas-hidangan-ikonik-dari-yogyakarta/,
cached,kelezatan-yang-tak-terlupakan-segudang-rahasia-di-balik-kue-madeline/index.html,https://bikinlaper.com/kelezatan-yang-tak-terlupakan-segudang-rahasia-di-balik-kue-madeline/,20251009135050,text/html,152205,ee125fe0e2eb7ac41612664e0264ea1172b51ad5c262230458fcb290f7ac6a4a,https://web.archive.org/web/20251009135050id_/https://bikinlaper.com/kelezatan-yang-tak-terlupakan-segudang-rahasia-di-balik-kue-madeline/,
cached,kelezatan-yang-tak-terlupakan-segudang-rahasia-di-balik-kue-madeline/kue-madeline/index.html,https://bikinlaper.com/kelezatan-yang-tak-terlupakan-segudang-rahasia-di-balik-kue-madeline/kue-madeline/,20251009140643,text/html,87510,3f8f5e3f405ab5cc1c6737c223baf83671f0c06f77773e873d01c3aae4cb38d0,https://web.archive.org/web/20251009140643id_/https://bikinlaper.com/kelezatan-yang-tak-terlupakan-segudang-rahasia-di-balik-kue-madeline/kue-madeline/,
cached,kemitraan-usaha-viral-strategi-membangun-kesuksesan-bersama-dalam-era-digital/feed.xml,https://bikinlaper.com/kemitraan-usaha-viral-strategi-membangun-kesuksesan-bersama-dalam-era-digital/feed/,20231227110753,application/rss+xml,1077,064f0eb6fdf312864371ae6cd11d6004afcde67bb238f6220095484b7b3a03b4,https://web.archive.org/web/20231227110753id_/https://bikinlaper.com/kemitraan-usaha-viral-strategi-membangun-kesuksesan-bersama-dalam-era-digital/feed/,
cached,kemitraan-usaha-viral-strategi-membangun-kesuksesan-bersama-dalam-era-digital/index.html,https://bikinlaper.com/kemitraan-usaha-viral-strategi-membangun-kesuksesan-bersama-dalam-era-digital/,20251009133042,text/html,152400,6061cbee9a4754be5b15a620eb4f19e75343515f2b6d750a87bb4c8c2717a514,https://web.archive.org/web/20251009133042id_/https://bikinlaper.com/kemitraan-usaha-viral-strategi-membangun-kesuksesan-bersama-dalam-era-digital/,
cached,kemitraan-warteg-yang-bagus-untuk-menambah-pendapatan-bulanan/index.html,https://bikinlaper.com/kemitraan-warteg-yang-bagus-untuk-menambah-pendapatan-bulanan/,20251009134301,text/html,150199,20339008e78740b6d17451e83102db984699c27ad0ab85f71b2f33dd6640b6ea,https://web.archive.org/web/20251009134301id_/https://bikinlaper.com/kemitraan-warteg-yang-bagus-untuk-menambah-pendapatan-bulanan/,
cached,ketahanan-bisnis-warteg-terhadap-pandemi-patut-di-ancungi-jempol/index.html,https://bikinlaper.com/ketahanan-bisnis-warteg-terhadap-pandemi-patut-di-ancungi-jempol/,20251007051952,text/html,150242,19b0c6b023f90cd48c7defa0365c8ad7af95a77eb1e253987c4a45a70ec5bc8a,https://web.archive.org/web/20251007051952id_/https://bikinlaper.com/ketahanan-bisnis-warteg-terhadap-pandemi-patut-di-ancungi-jempol/,
cached,keuntungan-tantangan-dan-biaya-franchise-rocket-chicken/index.html,https://bikinlaper.com/keuntungan-tantangan-dan-biaya-franchise-rocket-chicken/,20250807033158,text/html,155650,49adbf691b0ecb2d518d428d02749c14b9263beeb973d326a8547e438585b21c,https://web.archive.org/web/20250807033158id_/https://bikinlaper.com/keuntungan-tantangan-dan-biaya-franchise-rocket-chicken/,
cached,keuntungan-tantangan-dan-biaya-franchise-rocket-chicken/keuntungan-franchise-rocket-chicken/index.html,https://bikinlaper.com/keuntungan-tantangan-dan-biaya-franchise-rocket-chicken/keuntungan-franchise-rocket-chicken/,20250114040556,text/html,89112,35b24252184e37fb4736382e0dda94c57e3955384a4a0e750fcb7f2c6a052248,https://web.archive.org/web/20250114040556id_/https://bikinlaper.com/keuntungan-tantangan-dan-biaya-franchise-rocket-chicken/keuntungan-franchise-rocket-chicken/,
cached,konsep-waralaba-warteg-yang-ada-di-indonesia/index.html,https://bikinlaper.com/konsep-waralaba-warteg-yang-ada-di-indonesia/,20250718233428,text/html,154396,febcf8b31acb176244247f5fc3dcd678dd2ab94a3ae6540fe2ec5f5db9118eec,https://web.archive.org/web/20250718233428id_/https://bikinlaper.com/konsep-waralaba-warteg-yang-ada-di-indonesia/,
cached,kue-cubit-kelezatan-tradisional-yang-merayakan-keberagaman-kuliner/index.html,https://bikinlaper.com/kue-cubit-kelezatan-tradisional-yang-merayakan-keberagaman-kuliner/,20251009142013,text/html,157861,b776d8ed7b81de6499c588a0728a4f7a2f6e3ce46e02f42372a3629a32dd79f9,https://web.archive.org/web/20251009142013id_/https://bikinlaper.com/kue-cubit-kelezatan-tradisional-yang-merayakan-keberagaman-kuliner/,
cached,kue-cubit-kelezatan-tradisional-yang-merayakan-keberagaman-kuliner/kue-cubit/index.html,https://bikinlaper.com/kue-cubit-kelezatan-tradisional-yang-merayakan-keberagaman-kuliner/kue-cubit/,20251007060022,text/html,87285,bc642e190d88a10905c3e3ce19c19662378c15519388c1f243de53cc5563a138,https://web.archive.org/web/20251007060022id_/https://bikinlaper.com/kue-cubit-kelezatan-tradisional-yang-merayakan-keberagaman-kuliner/kue-cubit/,
cached,kue-dan-jajanan-bulan-puasa-yang-enak-dan-bikin-laper/index.html,https://bikinlaper.com/kue-dan-jajanan-bulan-puasa-yang-enak-dan-bikin-laper/,20250807032927,text/html,157325,a1c8d35bdf1e00e2f404f65fabde3c54f4df850962dc9c793f048496d0c75344,https://web.archive.org/web/20250807032927id_/https://bikinlaper.com/kue-dan-jajanan-bulan-puasa-yang-enak-dan-bikin-laper/,
cached,kue-dan-jajanan-bulan-puasa-yang-enak-dan-bikin-laper/kue-dan-jajanan/index.html,https://bikinlaper.com/kue-dan-jajanan-bulan-puasa-yang-enak-dan-bikin-laper/kue-dan-jajanan/,20251007054700,text/html,87342,e83372ddf5b42963da10799b4be2301120edad8c3d028f54d5ee7200315d4f1d,https://web.archive.org/web/20251007054700id_/https://bikinlaper.com/kue-dan-jajanan-bulan-puasa-yang-enak-dan-bikin-laper/kue-dan-jajanan/,
cached,kue-jahe-tradisi-dan-sensasi-rasa-dalam-setiap-gigitan/gingerbread-characters-89148366e429d5eb45875423a4da00b3_600x400/index.html,https://bikinlaper.com/kue-jahe-tradisi-dan-sensasi-rasa-dalam-setiap-gigitan/gingerbread-characters-89148366e429d5eb45875423a4da00b3_600x400/,20250513025709,text/html,90657,0ebf7da425d6bd7e01eacfc2d888e0192359695c4f019e8147fe001d42ccb9f3,https://web.archive.org/web/20250513025709id_/https://bikinlaper.com/kue-jahe-tradisi-dan-sensasi-rasa-dalam-setiap-gigitan/gingerbread-characters-89148366e429d5eb45875423a4da00b3_600x400/,
cached,kue-jahe-tradisi-dan-sensasi-rasa-dalam-setiap-gigitan/index.html,https://bikinlaper.com/kue-jahe-tradisi-dan-sensasi-rasa-dalam-setiap-gigitan/,20251009145520,text/html,154079,008daeb6ab4293746b9e0084be2342b27e8db6c53de4fd3c66aec3f329b37448,https://web.archive.org/web/20251009145520id_/https://bikinlaper.com/kue-jahe-tradisi-dan-sensasi-rasa-dalam-setiap-gigitan/,
cached,kue-nastar-kekinian-bentuk-resep-dan-cara-membuatnya/bosan_model_bulat_yuk_cobain_nastar_kekinian_dengan_beragam_bentuk/index.html,https://bikinlaper.com/kue-nastar-kekinian-bentuk-resep-dan-cara-membuatnya/bosan_model_bulat_yuk_cobain_nastar_kekinian_dengan_beragam_bentuk/,20250718225928,text/html,89944,6aeb2ac649c04c4f63924132e37d5dfa360096b540d313f4f132716ab73736a4,https://web.archive.org/web/20250718225928id_/https://bikinlaper.com/kue-nastar-kekinian-bentuk-resep-dan-cara-membuatnya/bosan_model_bulat_yuk_cobain_nastar_kekinian_dengan_beragam_bentuk/,
cached,kue-nastar-kekinian-bentuk-resep-dan-cara-membuatnya/index.html,https://bikinlaper.com/kue-nastar-kekinian-bentuk-resep-dan-cara-membuatnya/,20251007053019,text/html,157724,a568afaa601e62a02ac03f577b02b3b046963ec15bcbc8de2396d07abd92fefb,https://web.archive.org/web/20251007053019id_/https://bikinlaper.com/kue-nastar-kekinian-bentuk-resep-dan-cara-membuatnya/,
cached,kue-natal-kelezatan-tradisional-dalam-merayakan-suasana-natal/index.html,https://bikinlaper.com/kue-natal-kelezatan-tradisional-dalam-merayakan-suasana-natal/,20250718230543,text/html,155765,252c92f3ac8ae56d0777b3722b6a9500f9d1d1584f49429c0722dec77a91c0be,https://web.archive.org/web/20250718230543id_/https://bikinlaper.com/kue-natal-kelezatan-tradisional-dalam-merayakan-suasana-natal/,
cached,kue-natal-kelezatan-tradisional-dalam-merayakan-suasana-natal/kue-natal/index.html,https://bikinlaper.com/kue-natal-kelezatan-tradisional-dalam-merayakan-suasana-natal/kue-natal/,20250421135852,text/html,87119,64da290fd3950a812f6a8ff0f9d583f5c9a303a4d6f61bacc6811cc49878c51e,https://web.archive.org/web/20250421135852id_/https://bikinlaper.com/kue-natal-kelezatan-tradisional-dalam-merayakan-suasana-natal/kue-natal/,
cached,kuliner-malam-di-jakarta-selatan-menjelajahi-kelezatan-yang-tersembunyi-di-setiap-sudut-kota/frozen-food/index.html,https://bikinlaper.com/kuliner-malam-di-jakarta-selatan-menjelajahi-kelezatan-yang-tersembunyi-di-setiap-sudut-kota/frozen-food/,20250421145826,text/html,88875,e8ed003b35619039bc7317c093dca5fbe9f543e00a80914f4ece390b72692829,https://web.archive.org/web/20250421145826id_/https://bikinlaper.com/kuliner-malam-di-jakarta-selatan-menjelajahi-kelezatan-yang-tersembunyi-di-setiap-sudut-kota/frozen-food/,
cached,kuliner-malam-di-jakarta-selatan-menjelajahi-kelezatan-yang-tersembunyi-di-setiap-sudut-kota/index.html,https://bikinlaper.com/kuliner-malam-di-jakarta-selatan-menjelajahi-kelezatan-yang-tersembunyi-di-setiap-sudut-kota/,20251009150724,text/html,163532,bd09c5dfcad1116492346adb7fc7711cdf16e79d62ced64ce4c68c7488c3632b,https://web.archive.org/web/20251009150724id_/https://bikinlaper.com/kuliner-malam-di-jakarta-selatan-menjelajahi-kelezatan-yang-tersembunyi-di-setiap-sudut-kota/,
cached,kuliner-malam-di-jakarta-selatan-menjelajahi-kelezatan-yang-tersembunyi-di-setiap-sudut-kota/kuliner-jakarta-selatan/index.html,https://bikinlaper.com/kuliner-malam-di-jakarta-selatan-menjelajahi-kelezatan-yang-tersembunyi-di-setiap-sudut-kota/kuliner-jakarta-selatan/,20250421134948,text/html,89595,d88c83f107bbee6657f03aacc7983d894938c5d05f45e4596c1e2661e70d1c1d,https://web.archive.org/web/20250421134948id_/https://bikinlaper.com/kuliner-malam-di-jakarta-selatan-menjelajahi-kelezatan-yang-tersembunyi-di-setiap-sudut-kota/kuliner-jakarta-selatan/,
cached,kulineran-medan-menikmati-kelezatan-makanan-di-kota-sumatera-utara/index.html,https://bikinlaper.com/kulineran-medan-menikmati-kelezatan-makanan-di-kota-sumatera-utara/,20251009150108,text/html,158295,783d508605f59a6b0d19dc16b572d02190ef6fbe4f9097b0099bb5afbbd2afcc,https://web.archive.org/web/20251009150108id_/https://bikinlaper.com/kulineran-medan-menikmati-kelezatan-makanan-di-kota-sumatera-utara/,
cached,kulineran-medan-menikmati-kelezatan-makanan-di-kota-sumatera-utara/soto_medan/index.html,https://bikinlaper.com/kulineran-medan-menikmati-kelezatan-makanan-di-kota-sumatera-utara/soto_medan/,20251009133229,text/html,87331,da7b9842d18ddb533ff75ddcdf8ed8c7d1ff82b5af9df6ae731fe53ff6d868aa,https://web.archive.org/web/20251009133229id_/https://bikinlaper.com/kulineran-medan-menikmati-kelezatan-makanan-di-kota-sumatera-utara/soto_medan/,
cached,kulineran-yang-bikin-laper-terus-dari-seluruh-dunia-menjelajahi-sensasi-rasa-yang-menggoda/index.html,https://bikinlaper.com/kulineran-yang-bikin-laper-terus-dari-seluruh-dunia-menjelajahi-sensasi-rasa-yang-menggoda/,20250807040650,text/html,157874,f6d0f4b54b34733887abce85e4d6133d83b94aae5e21ad7bb11ab1bed7cb58d8,https://web.archive.org/web/20250807040650id_/https://bikinlaper.com/kulineran-yang-bikin-laper-terus-dari-seluruh-dunia-menjelajahi-sensasi-rasa-yang-menggoda/,
cached,kulineran-yang-bikin-laper-terus-dari-seluruh-dunia-menjelajahi-sensasi-rasa-yang-menggoda/sushi-jepang/index.html,https://bikinlaper.com/kulineran-yang-bikin-laper-terus-dari-seluruh-dunia-menjelajahi-sensasi-rasa-yang-menggoda/sushi-jepang/,20250613135229,text/html,88846,27660940f879a191feed79b53944867d833435cf3e8f6e027b4d53f450b53a6f,https://web.archive.org/web/20250613135229id_/https://bikinlaper.com/kulineran-yang-bikin-laper-terus-dari-seluruh-dunia-menjelajahi-sensasi-rasa-yang-menggoda/sushi-jepang/,
cached,lezatnya-kuliner-favorit-member-nct-eksplorasi-kelezatan-di-dunia-kuliner-k-pop/index.html,https://bikinlaper.com/lezatnya-kuliner-favorit-member-nct-eksplorasi-kelezatan-di-dunia-kuliner-k-pop/,20250807034530,text/html,164785,f1b4dbfae00b7a26ccea8aaacd4bef9a436818f5fa936735c849baccb4231e02,https://web.archive.org/web/20250807034530id_/https://bikinlaper.com/lezatnya-kuliner-favorit-member-nct-eksplorasi-kelezatan-di-dunia-kuliner-k-pop/,
cached,lezatnya-kuliner-favorit-member-nct-eksplorasi-kelezatan-di-dunia-kuliner-k-pop/makanan-favorite-member-nct-dream/index.html,https://bikinlaper.com/lezatnya-kuliner-favorit-member-nct-eksplorasi-kelezatan-di-dunia-kuliner-k-pop/makanan-favorite-member-nct-dream/,20250807035652,text/html,89183,4a8f8386801824e1aa0f00b45f5bd9e1f5b464727631fd632f46313882b9f76f,https://web.archive.org/web/20250807035652id_/https://bikinlaper.com/lezatnya-kuliner-favorit-member-nct-eksplorasi-kelezatan-di-dunia-kuliner-k-pop/makanan-favorite-member-nct-dream/,
cached,lezatnya-kuliner-favorit-member-nct-eksplorasi-kelezatan-di-dunia-kuliner-k-pop/makanan-member-nct-dream-1/index.html,https://bikinlaper.com/lezatnya-kuliner-favorit-member-nct-eksplorasi-kelezatan-di-dunia-kuliner-k-pop/makanan-member-nct-dream-1/,20250513031342,text/html,89434,f1af7cd0942789ab69adcf8bf6d4d0fed03471f6daef5524060eb2a7688507f4,https://web.archive.org/web/20250513031342id_/https://bikinlaper.com/lezatnya-kuliner-favorit-member-nct-eksplorasi-kelezatan-di-dunia-kuliner-k-pop/makanan-member-nct-dream-1/,
cached,makan-apa-hari-ini-10-ide-menu-lezat-untuk-harimu/feed.xml,https://bikinlaper.com/makan-apa-hari-ini-10-ide-menu-lezat-untuk-harimu/feed/,20231226141340,application/rss+xml,965,cfa6efe2e326237c6d48c4c0f3a08ac63541b3a069b4e9f1ea74142eec751ca0,https://web.archive.org/web/20231226141340id_/https://bikinlaper.com/makan-apa-hari-ini-10-ide-menu-lezat-untuk-harimu/feed/,
cached,makan-apa-hari-ini-10-ide-menu-lezat-untuk-harimu/index.html,https://bikinlaper.com/makan-apa-hari-ini-10-ide-menu-lezat-untuk-harimu/,20251007050940,text/html,148776,4b68211dd70196c43c6d36b21c2cc39a941e290f5e53e03f4e6cc6fe67fe076c,https://web.archive.org/web/20251007050940id_/https://bikinlaper.com/makan-apa-hari-ini-10-ide-menu-lezat-untuk-harimu/,
cached,makan-malam-untuk-diet-tips-dan-resep-lezat-untuk-mencapai-tujuan-kesehatan-anda/8f02ef68d3dfec9d672bef453f80201c_thumb/index.html,https://bikinlaper.com/makan-malam-untuk-diet-tips-dan-resep-lezat-untuk-mencapai-tujuan-kesehatan-anda/8f02ef68d3dfec9d672bef453f80201c_thumb/,20251009133437,text/html,89361,d83bdd47529004b6e236071d45d47a66c6c7b1952b1ed504261dcb299fba4584,https://web.archive.org/web/20251009133437id_/https://bikinlaper.com/makan-malam-untuk-diet-tips-dan-resep-lezat-untuk-mencapai-tujuan-kesehatan-anda/8f02ef68d3dfec9d672bef453f80201c_thumb/,
cached,makan-malam-untuk-diet-tips-dan-resep-lezat-untuk-mencapai-tujuan-kesehatan-anda/index.html,https://bikinlaper.com/makan-malam-untuk-diet-tips-dan-resep-lezat-untuk-mencapai-tujuan-kesehatan-anda/,20251009134423,text/html,159644,41cd83e1c04aabe841f9ef4b78542026030fc34bc7430e1ad612222be8d3e350,https://web.archive.org/web/20251009134423id_/https://bikinlaper.com/makan-malam-untuk-diet-tips-dan-resep-lezat-untuk-mencapai-tujuan-kesehatan-anda/,
cached,makan-malam-untuk-diet-tips-dan-resep-lezat-untuk-mencapai-tujuan-kesehatan-anda/polenta-with-curry-grilled-vegetables-1-of-4/index.html,https://bikinlaper.com/makan-malam-untuk-diet-tips-dan-resep-lezat-untuk-mencapai-tujuan-kesehatan-anda/polenta-with-curry-grilled-vegetables-1-of-4/,20251007061241,text/html,89707,069c62eff4e924c440be938dbc21a5d34c964bc8956e513b473ceba3bd3f22cf,https://web.archive.org/web/20251007061241id_/https://bikinlaper.com/makan-malam-untuk-diet-tips-dan-resep-lezat-untuk-mencapai-tujuan-kesehatan-anda/polenta-with-curry-grilled-vegetables-1-of-4/,
cached,makanan-eksplorasi-aroma-dan-rasa-yang-menggoda/index.html,https://bikinlaper.com/makanan-eksplorasi-aroma-dan-rasa-yang-menggoda/,20251007060101,text/html,151370,55f9402aa081416890b301feda9f682fb8ca61c2167e19cd5214c279841806d1,https://web.archive.org/web/20251007060101id_/https://bikinlaper.com/makanan-eksplorasi-aroma-dan-rasa-yang-menggoda/,
cached,makanan-lezat-dan-bergizi-rahasia-kebahagiaan-di-dapur-anda/index.html,https://bikinlaper.com/makanan-lezat-dan-bergizi-rahasia-kebahagiaan-di-dapur-anda/,20251009142207,text/html,151268,9787cbc411a5e0046607ca3c48c00ff48c32c34d3a9b8370775f33c570f32938,https://web.archive.org/web/20251009142207id_/https://bikinlaper.com/makanan-lezat-dan-bergizi-rahasia-kebahagiaan-di-dapur-anda/,
cached,makanan-natal-sehat-menyajikan-kelezatan-tanpa-merugikan-kesehatan-anda/feed.xml,https://bikinlaper.com/makanan-natal-sehat-menyajikan-kelezatan-tanpa-merugikan-kesehatan-anda/feed/,20231227121110,application/rss+xml,1053,dd7fa7de77758064b2f5e84c1532364b509932022bde49bf44bb5c0cc7a9b36b,https://web.archive.org/web/20231227121110id_/https://bikinlaper.com/makanan-natal-sehat-menyajikan-kelezatan-tanpa-merugikan-kesehatan-anda/feed/,
cached,makanan-natal-sehat-menyajikan-kelezatan-tanpa-merugikan-kesehatan-anda/index.html,https://bikinlaper.com/makanan-natal-sehat-menyajikan-kelezatan-tanpa-merugikan-kesehatan-anda/,20251007055518,text/html,155166,b0d65cef88baf2dc12ed95c88e568824448078840ace2621ceb303f5a005316b,https://web.archive.org/web/20251007055518id_/https://bikinlaper.com/makanan-natal-sehat-menyajikan-kelezatan-tanpa-merugikan-kesehatan-anda/,
cached,makanan-natal-sehat-menyajikan-kelezatan-tanpa-merugikan-kesehatan-anda/klappertart/index.html,https://bikinlaper.com/makanan-natal-sehat-menyajikan-kelezatan-tanpa-merugikan-kesehatan-anda/klappertart/,20250421143707,text/html,87548,6e195db1dec978488c1c11ba8a00ff601ea1167fdd0584e5b2e3dae886dff16b,https://web.archive.org/web/20250421143707id_/https://bikinlaper.com/makanan-natal-sehat-menyajikan-kelezatan-tanpa-merugikan-kesehatan-anda/klappertart/,
cached,makanan-olahan-menggali-lebih-dalam-tentang-keuntungan-dan-risikonya/index.html,https://bikinlaper.com/makanan-olahan-menggali-lebih-dalam-tentang-keuntungan-dan-risikonya/,20250718231115,text/html,152261,beadd333eaef4ccf32c117e8f97a2147938c8b51ef5d22b3ef4d13752259cae7,https://web.archive.org/web/20250718231115id_/https://bikinlaper.com/makanan-olahan-menggali-lebih-dalam-tentang-keuntungan-dan-risikonya/,
cached,makanan-penambah-darah-mengoptimalkan-kesehatan-dan-mengatasi-anemia/index.html,https://bikinlaper.com/makanan-penambah-darah-mengoptimalkan-kesehatan-dan-mengatasi-anemia/,20250807032126,text/html,162342,9124efcfc0909bdbdaf78bc16141047f6bd0f57bcbf2e3f486b419421d7c5740,https://web.archive.org/web/20250807032126id_/https://bikinlaper.com/makanan-penambah-darah-mengoptimalkan-kesehatan-dan-mengatasi-anemia/,
cached,makanan-penambah-darah-mengoptimalkan-kesehatan-dan-mengatasi-anemia/makanan-sehat/index.html,https://bikinlaper.com/makanan-penambah-darah-mengoptimalkan-kesehatan-dan-mengatasi-anemia/makanan-sehat/,20251009143212,text/html,87569,31766103b3f11048afdc3a83bb3515f711a05cbae8555f18f7a0731e71a30317,https://web.archive.org/web/20251009143212id_/https://bikinlaper.com/makanan-penambah-darah-mengoptimalkan-kesehatan-dan-mengatasi-anemia/makanan-sehat/,
cached,makanan-pengganti-nasi-pilihan-sehat-dan-varian-kuliner-alternatif/feed.xml,https://bikinlaper.com/makanan-pengganti-nasi-pilihan-sehat-dan-varian-kuliner-alternatif/feed/,20231226142933,application/rss+xml,1033,64477a2a3c523bc8b1bd29a913ab935a6aee441430b40ca7685054d29d89ba78,https://web.archive.org/web/20231226142933id_/https://bikinlaper.com/makanan-pengganti-nasi-pilihan-sehat-dan-varian-kuliner-alternatif/feed/,
cached,makanan-pengganti-nasi-pilihan-sehat-dan-varian-kuliner-alternatif/index.html,https://bikinlaper.com/makanan-pengganti-nasi-pilihan-sehat-dan-varian-kuliner-alternatif/,20250718234231,text/html,151822,a94840e5d1a23e3339201319822ecd50ee75646cd3b5a4f4339153a1f5aa4050,https://web.archive.org/web/20250718234231id_/https://bikinlaper.com/makanan-pengganti-nasi-pilihan-sehat-dan-varian-kuliner-alternatif/,
cached,makanan-penguat-imun-kunci-kesehatan-tubuh-anda/imuniti/index.html,https://bikinlaper.com/makanan-penguat-imun-kunci-kesehatan-tubuh-anda/imuniti/,20251007062701,text/html,86572,59eb08d7194512b94a572a90301b383f30c4fe457ac68d8912aac79e1a8982ad,https://web.archive.org/web/20251007062701id_/https://bikinlaper.com/makanan-penguat-imun-kunci-kesehatan-tubuh-anda/imuniti/,
cached,makanan-penguat-imun-kunci-kesehatan-tubuh-anda/index.html,https://bikinlaper.com/makanan-penguat-imun-kunci-kesehatan-tubuh-anda/,20251007064026,text/html,154336,a777b8b1a477c3f4aec7f94e2f26eeb150f50997df16d991dd6c55001b777147,https://web.archive.org/web/20251007064026id_/https://bikinlaper.com/makanan-penguat-imun-kunci-kesehatan-tubuh-anda/,
cached,makanan-sehat-untuk-anak-anak-10-pilihan-lezat-yang-penuh-gizi/index.html,https://bikinlaper.com/makanan-sehat-untuk-anak-anak-10-pilihan-lezat-yang-penuh-gizi/,20250217105030,text/html,159523,4492d8344b538277d25409a393224c69d64af32d0fd79bd100cef5725d104843,https://web.archive.org/web/20250217105030id_/https://bikinlaper.com/makanan-sehat-untuk-anak-anak-10-pilihan-lezat-yang-penuh-gizi/,
cached,makanan-sehat-yang-menggugah-selera-enak-dan-bergizi-untuk-hidup-sehat/feed.xml,https://bikinlaper.com/makanan-sehat-yang-menggugah-selera-enak-dan-bergizi-untuk-hidup-sehat/feed/,20231226141337,application/rss+xml,1049,8a288d4332eee99d59806f2004769ff2c87cc115eac532c9fbb9d7989b7d5199,https://web.archive.org/web/20231226141337id_/https://bikinlaper.com/makanan-sehat-yang-menggugah-selera-enak-dan-bergizi-untuk-hidup-sehat/feed/,
cached,makanan-sehat-yang-menggugah-selera-enak-dan-bergizi-untuk-hidup-sehat/index.html,https://bikinlaper.com/makanan-sehat-yang-menggugah-selera-enak-dan-bergizi-untuk-hidup-sehat/,20251009143512,text/html,150812,f9f3a8e73a0d07576a9925d0fdc3d4ea020182280c4142783c2e588d38f3b00f,https://web.archive.org/web/20251009143512id_/https://bikinlaper.com/makanan-sehat-yang-menggugah-selera-enak-dan-bergizi-untuk-hidup-sehat/,
cached,makanan-siang-yang-lezat-dan-bergizi-pilihan-terbaik-untuk-menyegarkan-hari-anda/feed.xml,https://bikinlaper.com/makanan-siang-yang-lezat-dan-bergizi-pilihan-terbaik-untuk-menyegarkan-hari-anda/feed/,20231211145730,application/rss+xml,1089,9d3df1e819c60ee9a60726d3e1b949a4ba00c06a4d4cfe4ef3f7da24dbd50735,https://web.archive.org/web/20231211145730id_/https://bikinlaper.com/makanan-siang-yang-lezat-dan-bergizi-pilihan-terbaik-untuk-menyegarkan-hari-anda/feed/,
cached,makanan-siang-yang-lezat-dan-bergizi-pilihan-terbaik-untuk-menyegarkan-hari-anda/index.html,https://bikinlaper.com/makanan-siang-yang-lezat-dan-bergizi-pilihan-terbaik-untuk-menyegarkan-hari-anda/,20250513042137,text/html,155569,e7f3ac61e321b17ade032b4d2f5382902aa36d35a4f44c14e5175922621bd3c3,https://web.archive.org/web/20250513042137id_/https://bikinlaper.com/makanan-siang-yang-lezat-dan-bergizi-pilihan-terbaik-untuk-menyegarkan-hari-anda/,
cached,makanan-toxic-mengenal-mewaspadai-dan-menghindari-risikonya-dalam-keseharian/index.html,https://bikinlaper.com/makanan-toxic-mengenal-mewaspadai-dan-menghindari-risikonya-dalam-keseharian/,20251007060748,text/html,169366,6146cdb451242a117685065fda7c041de09a7f9842de413ce9abb84f16870679,https://web.archive.org/web/20251007060748id_/https://bikinlaper.com/makanan-toxic-mengenal-mewaspadai-dan-menghindari-risikonya-dalam-keseharian/,
cached,makanan-yang-bikin-laper-rahasia-dibalik-kenikmatan-dan-kenyamanan/index.html,https://bikinlaper.com/makanan-yang-bikin-laper-rahasia-dibalik-kenikmatan-dan-kenyamanan/,20250214005909,text/html,164093,0977c1eb4de04c39210c8b7ff40c3b1f48b6eba56a007c5324d09bba50b59a89,https://web.archive.org/web/20250214005909id_/https://bikinlaper.com/makanan-yang-bikin-laper-rahasia-dibalik-kenikmatan-dan-kenyamanan/,
cached,makanan-yang-bikin-laper-rahasia-dibalik-kenikmatan-dan-kenyamanan/sering-merasa-mudah-lapar-8-hal-ini-penyebabnya-rev-1/index.html,https://bikinlaper.com/makanan-yang-bikin-laper-rahasia-dibalik-kenikmatan-dan-kenyamanan/sering-merasa-mudah-lapar-8-hal-ini-penyebabnya-rev-1/,20251009145629,text/html,89782,5b353eab743be17c9ade73f4d0876cd8626cef53800308df264e60bbd2d1d67f,https://web.archive.org/web/20251009145629id_/https://bikinlaper.com/makanan-yang-bikin-laper-rahasia-dibalik-kenikmatan-dan-kenyamanan/sering-merasa-mudah-lapar-8-hal-ini-penyebabnya-rev-1/,
cached,manfaat-kesehatan-dari-makan-bubur-ayam/index.html,https://bikinlaper.com/manfaat-kesehatan-dari-makan-bubur-ayam/,20251007053545,text/html,158864,640914413b671ea1e7316afe0c62b6e2ea1b9f2d8fc1947ac4d1417671d43156,https://web.archive.org/web/20251007053545id_/https://bikinlaper.com/manfaat-kesehatan-dari-makan-bubur-ayam/,
cached,martabak-mesir-kenikmatan-kuliner-khas-timur-tengah-yang-merambah-nusantara/14-resep-martabak-mesir-sambal-geprek-ala-rumahan/index.html,https://bikinlaper.com/martabak-mesir-kenikmatan-kuliner-khas-timur-tengah-yang-merambah-nusantara/14-resep-martabak-mesir-sambal-geprek-ala-rumahan/,20250613124005,text/html,89864,38c76a31686ceb6ada7d29ea36443232d9df1aa24f375160fc9319f12815736e,https://web.archive.org/web/20250613124005id_/https://bikinlaper.com/martabak-mesir-kenikmatan-kuliner-khas-timur-tengah-yang-merambah-nusantara/14-resep-martabak-mesir-sambal-geprek-ala-rumahan/,
cached,martabak-mesir-kenikmatan-kuliner-khas-timur-tengah-yang-merambah-nusantara/index.html,https://bikinlaper.com/martabak-mesir-kenikmatan-kuliner-khas-timur-tengah-yang-merambah-nusantara/,20251007060139,text/html,155066,b815d392b6694937cd47f2920eb47d7cc21d60a8fab82d0de3d13bf31fd4e303,https://web.archive.org/web/20251007060139id_/https://bikinlaper.com/martabak-mesir-kenikmatan-kuliner-khas-timur-tengah-yang-merambah-nusantara/,
cached,masakan-natal-favorit-di-indonesia-merayakan-kelezatan-dan-kebahagiaan/index.html,https://bikinlaper.com/masakan-natal-favorit-di-indonesia-merayakan-kelezatan-dan-kebahagiaan/,20251007053621,text/html,154925,1979b4dd9812156f204a95be9c4e17f24fcf1e4369e6d503a8a57b4f45508493,https://web.archive.org/web/20251007053621id_/https://bikinlaper.com/masakan-natal-favorit-di-indonesia-merayakan-kelezatan-dan-kebahagiaan/,
cached,masakan-natal-favorit-di-indonesia-merayakan-kelezatan-dan-kebahagiaan/kuliner-natal/index.html,https://bikinlaper.com/masakan-natal-favorit-di-indonesia-merayakan-kelezatan-dan-kebahagiaan/kuliner-natal/,20251007052452,text/html,87629,9d52c9e99fcd9bf1556f784aab8299035892a49cb97840a35d162b9cb92871e3,https://web.archive.org/web/20251007052452id_/https://bikinlaper.com/masakan-natal-favorit-di-indonesia-merayakan-kelezatan-dan-kebahagiaan/kuliner-natal/,
cached,masakan-nusantara-kelezatan-yang-memikat-dari-indonesia/index.html,https://bikinlaper.com/masakan-nusantara-kelezatan-yang-memikat-dari-indonesia/,20251007060413,text/html,155299,aad79be625188f532041663726122fc821ab456aa214bb4fb229cc3306cc4f17,https://web.archive.org/web/20251007060413id_/https://bikinlaper.com/masakan-nusantara-kelezatan-yang-memikat-dari-indonesia/,
cached,memahami-peran-jam-makan-untuk-diet-yang-sukses/avocado-tuna-spinach-salad-f8048f77ff6b45038adca1c06cb178d3/index.html,https://bikinlaper.com/memahami-peran-jam-makan-untuk-diet-yang-sukses/avocado-tuna-spinach-salad-f8048f77ff6b45038adca1c06cb178d3/,20251009143100,text/html,89538,dfd25b501bc7f5405228d21cb6987acaa73827e48c460aba120b76dac635248f,https://web.archive.org/web/20251009143100id_/https://bikinlaper.com/memahami-peran-jam-makan-untuk-diet-yang-sukses/avocado-tuna-spinach-salad-f8048f77ff6b45038adca1c06cb178d3/,
cached,memahami-peran-jam-makan-untuk-diet-yang-sukses/ayam-pangg/index.html,https://bikinlaper.com/memahami-peran-jam-makan-untuk-diet-yang-sukses/ayam-pangg/,20251007053659,text/html,86741,d93d0fa338f22fdc79a005bc81e2a0101fdb01fdaf4dab17633f125a6ceeaee6,https://web.archive.org/web/20251007053659id_/https://bikinlaper.com/memahami-peran-jam-makan-untuk-diet-yang-sukses/ayam-pangg/,
cached,memahami-peran-jam-makan-untuk-diet-yang-sukses/ayam-panggang/index.html,https://bikinlaper.com/memahami-peran-jam-makan-untuk-diet-yang-sukses/ayam-panggang/,20251007063326,text/html,86912,eac0d52f1c75ff3fe83289cf4ff1a3c777adb34baa9c2b8a0f48972bf67ea2bd,https://web.archive.org/web/20251007063326id_/https://bikinlaper.com/memahami-peran-jam-makan-untuk-diet-yang-sukses/ayam-panggang/,
cached,memahami-peran-jam-makan-untuk-diet-yang-sukses/index.html,https://bikinlaper.com/memahami-peran-jam-makan-untuk-diet-yang-sukses/,20250214004559,text/html,167296,a0d48bbe9c3c9d66cb49e5fc3071fa56e7ea2e46989f89fa6e929422764e20f3,https://web.archive.org/web/20250214004559id_/https://bikinlaper.com/memahami-peran-jam-makan-untuk-diet-yang-sukses/,
cached,memahami-peran-jam-makan-untuk-diet-yang-sukses/overnight-oats-500x500-2/index.html,https://bikinlaper.com/memahami-peran-jam-makan-untuk-diet-yang-sukses/overnight-oats-500x500-2/,20251009134222,text/html,87584,d37059fc77ae1a174761f9a1881b9471a5aa6a9d7bc08c71915a40e81aa5714a,https://web.archive.org/web/20251009134222id_/https://bikinlaper.com/memahami-peran-jam-makan-untuk-diet-yang-sukses/overnight-oats-500x500-2/,
cached,memahami-peran-jam-makan-untuk-diet-yang-sukses/overnight-oats-500x500/index.html,https://bikinlaper.com/memahami-peran-jam-makan-untuk-diet-yang-sukses/overnight-oats-500x500/,20251007060901,text/html,87526,4b5f64081c145fd2332bf9241fe879586f795bd5746d8be8502c4275ef1d36e1,https://web.archive.org/web/20251007060901id_/https://bikinlaper.com/memahami-peran-jam-makan-untuk-diet-yang-sukses/overnight-oats-500x500/,
cached,memahami-peran-jam-makan-untuk-diet-yang-sukses/smotttttt/index.html,https://bikinlaper.com/memahami-peran-jam-makan-untuk-diet-yang-sukses/smotttttt/,20251009143548,text/html,86684,5654a84fec2805879f120b512378f6eac7bd9727e8fea93163e44bbed9243d5c,https://web.archive.org/web/20251009143548id_/https://bikinlaper.com/memahami-peran-jam-makan-untuk-diet-yang-sukses/smotttttt/,
cached,memahami-tren-kuliner-2024-keunikan-dan-kesejahteraan-dalam-setiap-sajian/feed.xml,https://bikinlaper.com/memahami-tren-kuliner-2024-keunikan-dan-kesejahteraan-dalam-setiap-sajian/feed/,20240123090813,application/rss+xml,1061,6584f0a7f0c3143b961b1ae8bf73f36f87ff7ed3c4ab677590dc59927a8b7fe9,https://web.archive.org/web/20240123090813id_/https://bikinlaper.com/memahami-tren-kuliner-2024-keunikan-dan-kesejahteraan-dalam-setiap-sajian/feed/,
cached,memahami-tren-kuliner-2024-keunikan-dan-kesejahteraan-dalam-setiap-sajian/index.html,https://bikinlaper.com/memahami-tren-kuliner-2024-keunikan-dan-kesejahteraan-dalam-setiap-sajian/,20251009142719,text/html,154691,e4a831c1313c812c1f21b75a034f3ed4d23ac0d0f36bb6ffd94cedbf4f8a8e23,https://web.archive.org/web/20251009142719id_/https://bikinlaper.com/memahami-tren-kuliner-2024-keunikan-dan-kesejahteraan-dalam-setiap-sajian/,
cached,memasak-ikan-patin-cara-yang-lezat-dan-sederhana/cara-memasak-ikan-pating/index.html,https://bikinlaper.com/memasak-ikan-patin-cara-yang-lezat-dan-sederhana/cara-memasak-ikan-pating/,20251007063432,text/html,88229,45930ad41e871fffe90cb46123b04dd8f8d85a0aadb8c8b266d635d47ad5e749,https://web.archive.org/web/20251007063432id_/https://bikinlaper.com/memasak-ikan-patin-cara-yang-lezat-dan-sederhana/cara-memasak-ikan-pating/,
cached,memasak-ikan-patin-cara-yang-lezat-dan-sederhana/index.html,https://bikinlaper.com/memasak-ikan-patin-cara-yang-lezat-dan-sederhana/,20250718233609,text/html,156560,116c1d1c272b8cb9b7de4e32e46dccd19b5c42f508c92ed41b06debc3f29274c,https://web.archive.org/web/20250718233609id_/https://bikinlaper.com/memasak-ikan-patin-cara-yang-lezat-dan-sederhana/,
cached,membangun-kemitraan-berbayar-yang-sukses-kisah-sukses-warteg-putri-bahari/index.html,https://bikinlaper.com/membangun-kemitraan-berbayar-yang-sukses-kisah-sukses-warteg-putri-bahari/,20251007064241,text/html,151240,aedb2d46646629a074c12a8ca63bbf6995f54a817f6bbc49a92e9315e76db847,https://web.archive.org/web/20251007064241id_/https://bikinlaper.com/membangun-kemitraan-berbayar-yang-sukses-kisah-sukses-warteg-putri-bahari/,
cached,membangun-kesuksesan-bisnis-dengan-franchise-waroeng-steak-panduan-komprehensif/index.html,https://bikinlaper.com/membangun-kesuksesan-bisnis-dengan-franchise-waroeng-steak-panduan-komprehensif/,20250214011909,text/html,160933,ed8355f32209af7501223955840f8acf837fa25cd9e10232f56f73e9f45a78cd,https://web.archive.org/web/20250214011909id_/https://bikinlaper.com/membangun-kesuksesan-bisnis-dengan-franchise-waroeng-steak-panduan-komprehensif/,
cached,membangun-kesuksesan-bisnis-dengan-franchise-waroeng-steak-panduan-komprehensif/waroeng-steak/index.html,https://bikinlaper.com/membangun-kesuksesan-bisnis-dengan-franchise-waroeng-steak-panduan-komprehensif/waroeng-steak/,20250807040958,text/html,87915,3c4db702acc344348830edda01551b751275dc88ad7ffc98cf7ebfe7f107e86c,https://web.archive.org/web/20250807040958id_/https://bikinlaper.com/membangun-kesuksesan-bisnis-dengan-franchise-waroeng-steak-panduan-komprehensif/waroeng-steak/,
cached,membangun-usaha-kuliner-dengan-memanfaatkan-bahan-gratisan/index.html,https://bikinlaper.com/membangun-usaha-kuliner-dengan-memanfaatkan-bahan-gratisan/,20250807031313,text/html,156221,71dda30aadc6fd3916fb4ea46858230eb6b33e268d36d5c73008119e0e2db7b4,https://web.archive.org/web/20250807031313id_/https://bikinlaper.com/membangun-usaha-kuliner-dengan-memanfaatkan-bahan-gratisan/,
cached,membongkar-potensi-bisnis-warteg-waralaba-panduan-lengkap-untuk-sukses/index.html,https://bikinlaper.com/membongkar-potensi-bisnis-warteg-waralaba-panduan-lengkap-untuk-sukses/,20251009141005,text/html,160339,fbbea248385423c756eb44c2423960354fa900f50e92dc74be513525e7e2bcf2,https://web.archive.org/web/20251009141005id_/https://bikinlaper.com/membongkar-potensi-bisnis-warteg-waralaba-panduan-lengkap-untuk-sukses/,
cached,membongkar-potensi-bisnis-warteg-waralaba-panduan-lengkap-untuk-sukses/warteg-waralaba/index.html,https://bikinlaper.com/membongkar-potensi-bisnis-warteg-waralaba-panduan-lengkap-untuk-sukses/warteg-waralaba/,20251009150544,text/html,87750,2bc89454b63b4fc8454398f61dd3c8093a922ed10fce0390a5b1906d6814508a,https://web.archive.org/web/20251009150544id_/https://bikinlaper.com/membongkar-potensi-bisnis-warteg-waralaba-panduan-lengkap-untuk-sukses/warteg-waralaba/,
cached,membuka-peluang-bisnis-panduan-lengkap-vending-machine-franchise/index.html,https://bikinlaper.com/membuka-peluang-bisnis-panduan-lengkap-vending-machine-franchise/,20250214014055,text/html,162162,65c39527d49e1ec0aa9834c7489a587dc0ac6ab272ab2e2c6e0abdfa47bf708a,https://web.archive.org/web/20250214014055id_/https://bikinlaper.com/membuka-peluang-bisnis-panduan-lengkap-vending-machine-franchise/,
cached,membuka-peluang-bisnis-panduan-lengkap-vending-machine-franchise/jumpstart/index.html,https://bikinlaper.com/membuka-peluang-bisnis-panduan-lengkap-vending-machine-franchise/jumpstart/,20250718230839,text/html,87272,120621520b9560d5c3de0730639a3246bf1409f4b11b3954434cb03f4b38c003,https://web.archive.org/web/20250718230839id_/https://bikinlaper.com/membuka-peluang-bisnis-panduan-lengkap-vending-machine-franchise/jumpstart/,
cached,membuka-peluang-sukses-dengan-usaha-franchise-murah-panduan-lengkap-untuk-para-wirausaha/feed.xml,https://bikinlaper.com/membuka-peluang-sukses-dengan-usaha-franchise-murah-panduan-lengkap-untuk-para-wirausaha/feed/,20231211154235,application/rss+xml,1121,1e2ccd3c2df14c599a1abb53d8adbec4466d57338e200a8a4a08603bb10d2790,https://web.archive.org/web/20231211154235id_/https://bikinlaper.com/membuka-peluang-sukses-dengan-usaha-franchise-murah-panduan-lengkap-untuk-para-wirausaha/feed/,
cached,membuka-peluang-sukses-dengan-usaha-franchise-murah-panduan-lengkap-untuk-para-wirausaha/index.html,https://bikinlaper.com/membuka-peluang-sukses-dengan-usaha-franchise-murah-panduan-lengkap-untuk-para-wirausaha/,20251009145342,text/html,154618,4acb8d04c075a87b17ddef0bd3aa6fdef100776aeb3afe1dd3b35f234ad30874,https://web.archive.org/web/20251009145342id_/https://bikinlaper.com/membuka-peluang-sukses-dengan-usaha-franchise-murah-panduan-lengkap-untuk-para-wirausaha/,
cached,membuka-peluang-sukses-dengan-usaha-franchise-murah-panduan-lengkap-untuk-para-wirausaha/logo-f/index.html,https://bikinlaper.com/membuka-peluang-sukses-dengan-usaha-franchise-murah-panduan-lengkap-untuk-para-wirausaha/logo-f/,20250916233403,text/html,87872,8045e23769a2287852ee51ab984f8462a657e075136bfa12c71d0a9effa87b15,https://web.archive.org/web/20250916233403id_/https://bikinlaper.com/membuka-peluang-sukses-dengan-usaha-franchise-murah-panduan-lengkap-untuk-para-wirausaha/logo-f/,
cached,membuka-peluang-usaha-sukses-dengan-franchise-ayam-goreng/feed.xml,https://bikinlaper.com/membuka-peluang-usaha-sukses-dengan-franchise-ayam-goreng/feed/,20231211145750,application/rss+xml,996,6fd355fe5a74a225f1560b7fa4eddbe343d4be304281e722a13c55be485943ce,https://web.archive.org/web/20231211145750id_/https://bikinlaper.com/membuka-peluang-usaha-sukses-dengan-franchise-ayam-goreng/feed/,
cached,membuka-peluang-usaha-sukses-dengan-franchise-ayam-goreng/franchise-ayam-goreng/index.html,https://bikinlaper.com/membuka-peluang-usaha-sukses-dengan-franchise-ayam-goreng/franchise-ayam-goreng/,20251009145155,text/html,87781,81f4f64761d2ed8d87975164c8f8d5e4b1c59352ae10593902d1f84c2173cf18,https://web.archive.org/web/20251009145155id_/https://bikinlaper.com/membuka-peluang-usaha-sukses-dengan-franchise-ayam-goreng/franchise-ayam-goreng/,
cached,membuka-peluang-usaha-sukses-dengan-franchise-ayam-goreng/index.html,https://bikinlaper.com/membuka-peluang-usaha-sukses-dengan-franchise-ayam-goreng/,20251007060710,text/html,171051,213e9303c8ceddf8720580b01a440749fbba702665840bf1e453279efe685df5,https://web.archive.org/web/20251007060710id_/https://bikinlaper.com/membuka-peluang-usaha-sukses-dengan-franchise-ayam-goreng/,
cached,membuka-pintu-kesuksesan-panduan-lengkap-memahami-dan-membangun-franchise-subway-di-indonesia/index.html,https://bikinlaper.com/membuka-pintu-kesuksesan-panduan-lengkap-memahami-dan-membangun-franchise-subway-di-indonesia/,20251009145739,text/html,154592,146412b99936967b9fb1c16a966e1e7ba260e00f99d9d5527b24c77229da6acb,https://web.archive.org/web/20251009145739id_/https://bikinlaper.com/membuka-pintu-kesuksesan-panduan-lengkap-memahami-dan-membangun-franchise-subway-di-indonesia/,
cached,membuka-pintu-kesuksesan-panduan-lengkap-memahami-dan-membangun-franchise-subway-di-indonesia/subway/index.html,https://bikinlaper.com/membuka-pintu-kesuksesan-panduan-lengkap-memahami-dan-membangun-franchise-subway-di-indonesia/subway/,20251009145123,text/html,87950,72830b9ac62a09ba674ff137f5a2baf28329a20924f470d41793a063629b1042,https://web.archive.org/web/20251009145123id_/https://bikinlaper.com/membuka-pintu-kesuksesan-panduan-lengkap-memahami-dan-membangun-franchise-subway-di-indonesia/subway/,
cached,memetik-lezatnya-petualangan-kulineran-enak-di-indonesia/index.html,https://bikinlaper.com/memetik-lezatnya-petualangan-kulineran-enak-di-indonesia/,20251009144033,text/html,159053,37dfdd60455db281b26af1458b14d3e87dafed6b1fc4895607e1bb93f14e52fd,https://web.archive.org/web/20251009144033id_/https://bikinlaper.com/memetik-lezatnya-petualangan-kulineran-enak-di-indonesia/,
cached,menakar-peluang-usaha-pengolahan-makanan-internasional-di-indonesia/index.html,https://bikinlaper.com/menakar-peluang-usaha-pengolahan-makanan-internasional-di-indonesia/,20251007054107,text/html,164662,82cd0aed64d07f6505e4f5b242b8611f98185f66ae9f4ff93eae7be7e651e229,https://web.archive.org/web/20251007054107id_/https://bikinlaper.com/menakar-peluang-usaha-pengolahan-makanan-internasional-di-indonesia/,
cached,menakar-peluang-usaha-pengolahan-makanan-internasional-di-indonesia/peluang-usaha-makanan-internasional-di-indonesia/index.html,https://bikinlaper.com/menakar-peluang-usaha-pengolahan-makanan-internasional-di-indonesia/peluang-usaha-makanan-internasional-di-indonesia/,20250718231542,text/html,90341,6c6b73d05a3e296245eca239956f22c7b8256f1c1b166f2fd2e00f0fe3ac297c,https://web.archive.org/web/20250718231542id_/https://bikinlaper.com/menakar-peluang-usaha-pengolahan-makanan-internasional-di-indonesia/peluang-usaha-makanan-internasional-di-indonesia/,
cached,menavigasi-dunia-waralaba-di-indonesia/index.html,https://bikinlaper.com/menavigasi-dunia-waralaba-di-indonesia/,20250916225602,text/html,160311,f6d1211bfcefedd24564da4d2bbb668f02dab5796ef0e58b4064f679730227e3,https://web.archive.org/web/20250916225602id_/https://bikinlaper.com/menavigasi-dunia-waralaba-di-indonesia/,
cached,menavigasi-dunia-waralaba-di-indonesia/pameran-franchise/index.html,https://bikinlaper.com/menavigasi-dunia-waralaba-di-indonesia/pameran-franchise/,20250421152505,text/html,87528,3a2c6905c24ea9b65cd9ab180824a9c480a41fe7d4d8b5460eb449d5dda685bb,https://web.archive.org/web/20250421152505id_/https://bikinlaper.com/menavigasi-dunia-waralaba-di-indonesia/pameran-franchise/,
cached,mencari-warung-makan-terdekat-panduan-lengkap/feed.xml,https://bikinlaper.com/mencari-warung-makan-terdekat-panduan-lengkap/feed/,20231211145727,application/rss+xml,949,cd312c98e51d7df1bc9b9c09ed728636e5925c31bc0157e766c70a7161fb4abc,https://web.archive.org/web/20231211145727id_/https://bikinlaper.com/mencari-warung-makan-terdekat-panduan-lengkap/feed/,
cached,mencari-warung-makan-terdekat-panduan-lengkap/index.html,https://bikinlaper.com/mencari-warung-makan-terdekat-panduan-lengkap/,20250513032800,text/html,171876,cd3262df8370edf54f070bfcdce2798ec13a0165a80650b4123646f5bd6e5636,https://web.archive.org/web/20250513032800id_/https://bikinlaper.com/mencari-warung-makan-terdekat-panduan-lengkap/,
cached,mencari-warung-makan-terdekat-panduan-lengkap/warung-makan-terdekat/index.html,https://bikinlaper.com/mencari-warung-makan-terdekat-panduan-lengkap/warung-makan-terdekat/,20251007050348,text/html,87307,01af8ea1236bce6bc16ef178dbe08c655e59877cda87d875752ed488b9af6c04,https://web.archive.org/web/20251007050348id_/https://bikinlaper.com/mencari-warung-makan-terdekat-panduan-lengkap/warung-makan-terdekat/,
cached,mencicipi-kelezatan-indonesia-5-merek-warteg-populer-tahun-2024/index.html,https://bikinlaper.com/mencicipi-kelezatan-indonesia-5-merek-warteg-populer-tahun-2024/,20250613123645,text/html,161302,ec5093ef645dc3ff621acf4e304a76586472371dacea00dffe50b4c78694a838,https://web.archive.org/web/20250613123645id_/https://bikinlaper.com/mencicipi-kelezatan-indonesia-5-merek-warteg-populer-tahun-2024/,
cached,menelusuri-kelezatan-minuman-tradisional-kaya-akan-sejarah-dan-budaya/feed.xml,https://bikinlaper.com/menelusuri-kelezatan-minuman-tradisional-kaya-akan-sejarah-dan-budaya/feed/,20231211154240,application/rss+xml,1045,d91dd38cd3930fbc165b8e056f24a3653b41d606e7bcb5b3483bc0ea91e04ae1,https://web.archive.org/web/20231211154240id_/https://bikinlaper.com/menelusuri-kelezatan-minuman-tradisional-kaya-akan-sejarah-dan-budaya/feed/,
cached,menelusuri-kelezatan-minuman-tradisional-kaya-akan-sejarah-dan-budaya/index.html,https://bikinlaper.com/menelusuri-kelezatan-minuman-tradisional-kaya-akan-sejarah-dan-budaya/,20251009151947,text/html,152998,b0d3e3a1e3a825133a9cfeff3c67d1ce3f6ada83fcd80c687e8c83bad58432f5,https://web.archive.org/web/20251009151947id_/https://bikinlaper.com/menelusuri-kelezatan-minuman-tradisional-kaya-akan-sejarah-dan-budaya/,
cached,menelusuri-kelezatan-minuman-tradisional-kaya-akan-sejarah-dan-budaya/sake/index.html,https://bikinlaper.com/menelusuri-kelezatan-minuman-tradisional-kaya-akan-sejarah-dan-budaya/sake/,20251009134030,text/html,87094,3a8c892aca1768f211f920aab78f1cb5bd29c5865c8b9c969be8c7680da37d33,https://web.archive.org/web/20251009134030id_/https://bikinlaper.com/menelusuri-kelezatan-minuman-tradisional-kaya-akan-sejarah-dan-budaya/sake/,
cached,menemukan-kelezatan-di-ketinggian-rekomendasi-rumah-makan-di-puncak-bogor/feed.xml,https://bikinlaper.com/menemukan-kelezatan-di-ketinggian-rekomendasi-rumah-makan-di-puncak-bogor/feed/,20231211145736,application/rss+xml,1061,6677a19a85317fbb0fcb3f4700a61b83413e14053338bde4dbec303e0c2a61a3,https://web.archive.org/web/20231211145736id_/https://bikinlaper.com/menemukan-kelezatan-di-ketinggian-rekomendasi-rumah-makan-di-puncak-bogor/feed/,
cached,menemukan-kelezatan-di-ketinggian-rekomendasi-rumah-makan-di-puncak-bogor/index.html,https://bikinlaper.com/menemukan-kelezatan-di-ketinggian-rekomendasi-rumah-makan-di-puncak-bogor/,20251007060448,text/html,157506,dd96cafb404364e49ed3b388bb1a55114d8b49a8485443f9131a45018425b9e5,https://web.archive.org/web/20251007060448id_/https://bikinlaper.com/menemukan-kelezatan-di-ketinggian-rekomendasi-rumah-makan-di-puncak-bogor/,
cached,menemukan-kelezatan-restoran-nuansa-asia-di-jakarta-restoran-dengan-nuansa-yang-memikat/henshin-jakarta/index.html,https://bikinlaper.com/menemukan-kelezatan-restoran-nuansa-asia-di-jakarta-restoran-dengan-nuansa-yang-memikat/henshin-jakarta/,20250718232723,text/html,88961,fd5ed0ff568e46c0517d4b4956fd493ef7c6972296daf2313a278b21e749d5bc,https://web.archive.org/web/20250718232723id_/https://bikinlaper.com/menemukan-kelezatan-restoran-nuansa-asia-di-jakarta-restoran-dengan-nuansa-yang-memikat/henshin-jakarta/,
cached,menemukan-kelezatan-restoran-nuansa-asia-di-jakarta-restoran-dengan-nuansa-yang-memikat/index.html,https://bikinlaper.com/menemukan-kelezatan-restoran-nuansa-asia-di-jakarta-restoran-dengan-nuansa-yang-memikat/,20251007061357,text/html,159494,a92cdfcd0ffce7f299dfb7e3981017b27271a69b7e703aeb2fda909eec56a68e,https://web.archive.org/web/20251007061357id_/https://bikinlaper.com/menemukan-kelezatan-restoran-nuansa-asia-di-jakarta-restoran-dengan-nuansa-yang-memikat/,
cached,mengapa-harus-bergabung-dengan-franchise-warteg-bahari/index.html,https://bikinlaper.com/mengapa-harus-bergabung-dengan-franchise-warteg-bahari/,20251009150650,text/html,151330,9c06e1ac8f82c1224124c721b6bae5e6b05d2b3a4a1f81cc713cbb8a0f32d8ee,https://web.archive.org/web/20251009150650id_/https://bikinlaper.com/mengapa-harus-bergabung-dengan-franchise-warteg-bahari/,
cached,mengapa-harus-bergabung-dengan-franchise-warteg-bahari/putri-bahari/index.html,https://bikinlaper.com/mengapa-harus-bergabung-dengan-franchise-warteg-bahari/putri-bahari/,20250217102712,text/html,87731,2c1ffc122583a5ffc53929b4ea7802ce48019b672efdb2c971c7e53a34c20692,https://web.archive.org/web/20250217102712id_/https://bikinlaper.com/mengapa-harus-bergabung-dengan-franchise-warteg-bahari/putri-bahari/,
cached,mengarungi-malam-tahun-baru-mencari-destinasi-ideal-untuk-merayakan-awal-tahun/index.html,https://bikinlaper.com/mengarungi-malam-tahun-baru-mencari-destinasi-ideal-untuk-merayakan-awal-tahun/,20250916220041,text/html,153155,b5952a797ab72cc3f5ac0305bad93ab97754cfa2f2cd50eefc6208da8b1e7d73,https://web.archive.org/web/20250916220041id_/https://bikinlaper.com/mengarungi-malam-tahun-baru-mencari-destinasi-ideal-untuk-merayakan-awal-tahun/,
cached,mengenal-lebih-dekat-richeese-factory-kelezatan-dan-kreativitas-dalam-kuliner/feed.xml,https://bikinlaper.com/mengenal-lebih-dekat-richeese-factory-kelezatan-dan-kreativitas-dalam-kuliner/feed/,20240123090721,application/rss+xml,1077,f806c7143043680965b49e96beaf4047ec9cd5b15862e7d134a7a8abc9e18cc0,https://web.archive.org/web/20240123090721id_/https://bikinlaper.com/mengenal-lebih-dekat-richeese-factory-kelezatan-dan-kreativitas-dalam-kuliner/feed/,
cached,mengenal-lebih-dekat-richeese-factory-kelezatan-dan-kreativitas-dalam-kuliner/index.html,https://bikinlaper.com/mengenal-lebih-dekat-richeese-factory-kelezatan-dan-kreativitas-dalam-kuliner/,20251009143736,text/html,159009,e281caded65e87d7c432fc0d815a9c153ef6fc7712f6de75af938ec8b137e2ac,https://web.archive.org/web/20251009143736id_/https://bikinlaper.com/mengenal-lebih-dekat-richeese-factory-kelezatan-dan-kreativitas-dalam-kuliner/,
cached,mengenal-lebih-dekat-richeese-factory-kelezatan-dan-kreativitas-dalam-kuliner/nabati-group_169/index.html,https://bikinlaper.com/mengenal-lebih-dekat-richeese-factory-kelezatan-dan-kreativitas-dalam-kuliner/nabati-group_169/,20250513035113,text/html,88702,809c176c75d3bc464d7ec93b6855d577005a4a79aeeabb806cabcf3de9441a82,https://web.archive.org/web/20250513035113id_/https://bikinlaper.com/mengenal-lebih-dekat-richeese-factory-kelezatan-dan-kreativitas-dalam-kuliner/nabati-group_169/,
cached,mengenal-mie-banglades-apakah-benar-berasal-dari-bangladesh/index.html,https://bikinlaper.com/mengenal-mie-banglades-apakah-benar-berasal-dari-bangladesh/,20251007052335,text/html,150149,170a49c5bae2e204126f815d91daf83605cbe01427a8a9a5dbeebd8978e5a5fc,https://web.archive.org/web/20251007052335id_/https://bikinlaper.com/mengenal-mie-banglades-apakah-benar-berasal-dari-bangladesh/,
cached,menggali-dalam-apa-keinginan-pribadi-di-tahun-2024/index.html,https://bikinlaper.com/menggali-dalam-apa-keinginan-pribadi-di-tahun-2024/,20251007063505,text/html,152492,0141372424f0a929fd10c16a4aca7749e0550704b08eef22e1818947afc9fec2,https://web.archive.org/web/20251007063505id_/https://bikinlaper.com/menggali-dalam-apa-keinginan-pribadi-di-tahun-2024/,
cached,menggali-kesejukan-di-tengah-panas-kelezatan-minuman-buah-tradisional/es-buah2/index.html,https://bikinlaper.com/menggali-kesejukan-di-tengah-panas-kelezatan-minuman-buah-tradisional/es-buah2/,20251007064803,text/html,87320,1997824e7c5b1137703101744f4507cf9c9087dee6143888b0a6a7c84e56f914,https://web.archive.org/web/20251007064803id_/https://bikinlaper.com/menggali-kesejukan-di-tengah-panas-kelezatan-minuman-buah-tradisional/es-buah2/,
cached,menggali-kesejukan-di-tengah-panas-kelezatan-minuman-buah-tradisional/index.html,https://bikinlaper.com/menggali-kesejukan-di-tengah-panas-kelezatan-minuman-buah-tradisional/,20250214023914,text/html,160824,7cb75e00584b3fb1998e323baadcb3533390a8150503a2242062b05085c892bc,https://web.archive.org/web/20250214023914id_/https://bikinlaper.com/menggali-kesejukan-di-tengah-panas-kelezatan-minuman-buah-tradisional/,
cached,menggali-kreativitas-kuliner-ide-bisnis-makanan-yang-menjanjikan/index.html,https://bikinlaper.com/menggali-kreativitas-kuliner-ide-bisnis-makanan-yang-menjanjikan/,20251009135828,text/html,150766,679c64c89d26aedd84f46dba2d97de43bbd06f331bf40a3c8818906b45aa5188,https://web.archive.org/web/20251009135828id_/https://bikinlaper.com/menggali-kreativitas-kuliner-ide-bisnis-makanan-yang-menjanjikan/,
cached,menggali-lebih-dalam-jenis-makanan-frozen-food-yang-laris-di-pasaran-saat-ini/frozen-food-300x185/index.html,https://bikinlaper.com/menggali-lebih-dalam-jenis-makanan-frozen-food-yang-laris-di-pasaran-saat-ini/frozen-food-300x185/,20250513024917,text/html,88693,2dcb92a4ec7222545b436b1e6d58238bcaa65c765df3c4696b30224ec9439666,https://web.archive.org/web/20250513024917id_/https://bikinlaper.com/menggali-lebih-dalam-jenis-makanan-frozen-food-yang-laris-di-pasaran-saat-ini/frozen-food-300x185/,
cached,menggali-lebih-dalam-jenis-makanan-frozen-food-yang-laris-di-pasaran-saat-ini/index.html,https://bikinlaper.com/menggali-lebih-dalam-jenis-makanan-frozen-food-yang-laris-di-pasaran-saat-ini/,20251007054818,text/html,152517,1ed3467d21289107f698c3d6624d6757c566f98464c99a6b8431e081c5dc410f,https://web.archive.org/web/20251007054818id_/https://bikinlaper.com/menggali-lebih-dalam-jenis-makanan-frozen-food-yang-laris-di-pasaran-saat-ini/,
cached,menggali-lebih-dalam-kuliner-bandung-2023-yang-memikat-selera/index.html,https://bikinlaper.com/menggali-lebih-dalam-kuliner-bandung-2023-yang-memikat-selera/,20251009140610,text/html,150655,280b1cb72b1d9a7285274d71f8026a20783a1cf6f172261e5d056b655ec2e534,https://web.archive.org/web/20251009140610id_/https://bikinlaper.com/menggali-lebih-dalam-kuliner-bandung-2023-yang-memikat-selera/,
cached,menggali-lebih-dalam-tentang-bahan-dasar-sayuran-keajaiban-kesehatan-dalam-genggaman-anda/index.html,https://bikinlaper.com/menggali-lebih-dalam-tentang-bahan-dasar-sayuran-keajaiban-kesehatan-dalam-genggaman-anda/,20251007055211,text/html,157468,d66ab1bfbaa154413d19137c8a42f7039ef7795c5749690419149cf1d983bedd,https://web.archive.org/web/20251007055211id_/https://bikinlaper.com/menggali-lebih-dalam-tentang-bahan-dasar-sayuran-keajaiban-kesehatan-dalam-genggaman-anda/,
cached,menggali-manfaat-luar-biasa-dari-smoothie-lezat-sehat-dan-segar/index.html,https://bikinlaper.com/menggali-manfaat-luar-biasa-dari-smoothie-lezat-sehat-dan-segar/,20250916232044,text/html,153389,252ab9d3bdc05c59de68860517bad8ad128b130c32cea3a22534a367ace3cd8e,https://web.archive.org/web/20250916232044id_/https://bikinlaper.com/menggali-manfaat-luar-biasa-dari-smoothie-lezat-sehat-dan-segar/,
cached,menggali-manfaat-luar-biasa-dari-smoothie-lezat-sehat-dan-segar/smoothie/index.html,https://bikinlaper.com/menggali-manfaat-luar-biasa-dari-smoothie-lezat-sehat-dan-segar/smoothie/,20250613130942,text/html,87138,257ac43d67c86df173d60bff1643ca8322b9db05f13c451e4ee387a8afe91281,https://web.archive.org/web/20250613130942id_/https://bikinlaper.com/menggali-manfaat-luar-biasa-dari-smoothie-lezat-sehat-dan-segar/smoothie/,
cached,menggali-peluang-bisnis-strategi-sukses-membangun-warteg-di-era-modern/index.html,https://bikinlaper.com/menggali-peluang-bisnis-strategi-sukses-membangun-warteg-di-era-modern/,20250718231158,text/html,152307,eb0dca8709bcfb2826140f8ce946e98a12445bb46b1801588face02fe145f71a,https://web.archive.org/web/20250718231158id_/https://bikinlaper.com/menggali-peluang-bisnis-strategi-sukses-membangun-warteg-di-era-modern/,
cached,menggali-peluang-emas-bisnis-franchise-yang-paling-menguntungkan/index.html,https://bikinlaper.com/menggali-peluang-emas-bisnis-franchise-yang-paling-menguntungkan/,20251009145015,text/html,151038,bd30a2616fa725c8f425bd9c5963ec3ac1fadb6167414be9087990ce82e42b05,https://web.archive.org/web/20251009145015id_/https://bikinlaper.com/menggali-peluang-emas-bisnis-franchise-yang-paling-menguntungkan/,
cached,menggali-peluang-usaha-warteg-di-jakarta-potensi-dan-tantangan/index.html,https://bikinlaper.com/menggali-peluang-usaha-warteg-di-jakarta-potensi-dan-tantangan/,20251009135752,text/html,165730,257578330982c2e6b391e503488430707a177c42fed493a1c15d27f813d36c44,https://web.archive.org/web/20251009135752id_/https://bikinlaper.com/menggali-peluang-usaha-warteg-di-jakarta-potensi-dan-tantangan/,
cached,menggali-penyebab-kegagalan-franchise-belajar-dari-kesalahan-untuk-keberhasilan-jangka-panjang/feed.xml,https://bikinlaper.com/menggali-penyebab-kegagalan-franchise-belajar-dari-kesalahan-untuk-keberhasilan-jangka-panjang/feed/,20231211145748,application/rss+xml,1145,0bd99100ec2ab1eb2a8d8714e76ef2f991313ea8dd62409f65e98e03f3ed1462,https://web.archive.org/web/20231211145748id_/https://bikinlaper.com/menggali-penyebab-kegagalan-franchise-belajar-dari-kesalahan-untuk-keberhasilan-jangka-panjang/feed/,
cached,menggali-penyebab-kegagalan-franchise-belajar-dari-kesalahan-untuk-keberhasilan-jangka-panjang/index.html,https://bikinlaper.com/menggali-penyebab-kegagalan-franchise-belajar-dari-kesalahan-untuk-keberhasilan-jangka-panjang/,20251007063913,text/html,166341,cbeaaee3035fe9d2f207bb6df2f688150573af37a388aef42fb6ed6d75e7352c,https://web.archive.org/web/20251007063913id_/https://bikinlaper.com/menggali-penyebab-kegagalan-franchise-belajar-dari-kesalahan-untuk-keberhasilan-jangka-panjang/,
cached,menggali-potensi-bisnis-franchise-warteg-dan-strategi-pengembangannya/feed.xml,https://bikinlaper.com/menggali-potensi-bisnis-franchise-warteg-dan-strategi-pengembangannya/feed/,20231211145753,application/rss+xml,1045,2e14a80208cd38397cc731eec5b38c50a41a586991a9f5c77dcae59c4658ed12,https://web.archive.org/web/20231211145753id_/https://bikinlaper.com/menggali-potensi-bisnis-franchise-warteg-dan-strategi-pengembangannya/feed/,
cached,menggali-potensi-bisnis-franchise-warteg-dan-strategi-pengembangannya/index.html,https://bikinlaper.com/menggali-potensi-bisnis-franchise-warteg-dan-strategi-pengembangannya/,20250613131848,text/html,152097,1a3b63bb9934ce3b268d60fa77f430e2177af67e30e90317e983876ddd29bf2b,https://web.archive.org/web/20250613131848id_/https://bikinlaper.com/menggali-potensi-bisnis-franchise-warteg-dan-strategi-pengembangannya/,
cached,menggali-potensi-bisnis-membahas-keuntungan-dan-tantangan-franchise-laundry-koin/feed.xml,https://bikinlaper.com/menggali-potensi-bisnis-membahas-keuntungan-dan-tantangan-franchise-laundry-koin/feed/,20231211145733,application/rss+xml,1089,5fbc913ef65795637bb6e64ceb7090eaf03536f53e7549a221fd96cef97461ad,https://web.archive.org/web/20231211145733id_/https://bikinlaper.com/menggali-potensi-bisnis-membahas-keuntungan-dan-tantangan-franchise-laundry-koin/feed/,
cached,menggali-potensi-bisnis-membahas-keuntungan-dan-tantangan-franchise-laundry-koin/index.html,https://bikinlaper.com/menggali-potensi-bisnis-membahas-keuntungan-dan-tantangan-franchise-laundry-koin/,20250613130013,text/html,154721,762ef3dddc74f775eda6a0e38b4e59678c4855fb0e83a41331d1dcc5605472d1,https://web.archive.org/web/20250613130013id_/https://bikinlaper.com/menggali-potensi-bisnis-membahas-keuntungan-dan-tantangan-franchise-laundry-koin/,
cached,menggali-potensi-bisnis-membahas-keuntungan-dan-tantangan-franchise-laundry-koin/laundry-coin/index.html,https://bikinlaper.com/menggali-potensi-bisnis-membahas-keuntungan-dan-tantangan-franchise-laundry-koin/laundry-coin/,20251007051344,text/html,87879,22f5151fdccab382ecbedef1fe761d2568cbeae03d5072e0765847b62337b4ac,https://web.archive.org/web/20251007051344id_/https://bikinlaper.com/menggali-potensi-bisnis-membahas-keuntungan-dan-tantangan-franchise-laundry-koin/laundry-coin/,
cached,menggali-potensi-kesuksesan-bisnis-melalui-kemitraan-usaha-strategi-dan-manfaatnya/index.html,https://bikinlaper.com/menggali-potensi-kesuksesan-bisnis-melalui-kemitraan-usaha-strategi-dan-manfaatnya/,20251007063400,text/html,151599,b1d438e6031a9ca6fa26f015581fe83178f5f7f6f879a878e203e502535ff7af,https://web.archive.org/web/20251007063400id_/https://bikinlaper.com/menggali-potensi-kesuksesan-bisnis-melalui-kemitraan-usaha-strategi-dan-manfaatnya/,
cached,menggali-potensi-kesuksesan-dalam-bisnis-waralaba-panduan-lengkap/index.html,https://bikinlaper.com/menggali-potensi-kesuksesan-dalam-bisnis-waralaba-panduan-lengkap/,20251009151853,text/html,156374,74035f11f4635202243cfe0886c8a3a14edc0cfb9b590020633df0770aca637a,https://web.archive.org/web/20251009151853id_/https://bikinlaper.com/menggali-potensi-kesuksesan-dalam-bisnis-waralaba-panduan-lengkap/,
cached,menggali-potensi-kesuksesan-dalam-bisnis-waralaba-panduan-lengkap/waralaba/index.html,https://bikinlaper.com/menggali-potensi-kesuksesan-dalam-bisnis-waralaba-panduan-lengkap/waralaba/,20251007050810,text/html,87186,0874041cbefd823aa08198935a255d04f26277c6d87762dc9094c4e7dc1a7bad,https://web.archive.org/web/20251007050810id_/https://bikinlaper.com/menggali-potensi-kesuksesan-dalam-bisnis-waralaba-panduan-lengkap/waralaba/,
cached,menghadapi-lonjakan-angka-covid-19-pentingnya-meningkatkan-kekebalan-tubuh-dengan-makanan-sehat/index.html,https://bikinlaper.com/menghadapi-lonjakan-angka-covid-19-pentingnya-meningkatkan-kekebalan-tubuh-dengan-makanan-sehat/,20251007055745,text/html,168898,dff7297bfe8f0c9db44e9e9a66479f6ccca70fb7ce7480aff4056c4216662d4e,https://web.archive.org/web/20251007055745id_/https://bikinlaper.com/menghadapi-lonjakan-angka-covid-19-pentingnya-meningkatkan-kekebalan-tubuh-dengan-makanan-sehat/,
cached,menghadapi-lonjakan-angka-covid-19-pentingnya-meningkatkan-kekebalan-tubuh-dengan-makanan-sehat/makanansehat/index.html,https://bikinlaper.com/menghadapi-lonjakan-angka-covid-19-pentingnya-meningkatkan-kekebalan-tubuh-dengan-makanan-sehat/makanansehat,20241122061251,text/html,88583,5ad944f9c3d974847269ffdf6b66e06531d951db92470785a8a524521681e1c7,https://web.archive.org/web/20241122061251id_/https://bikinlaper.com/menghadapi-lonjakan-angka-covid-19-pentingnya-meningkatkan-kekebalan-tubuh-dengan-makanan-sehat/makanansehat,
cached,menghadapi-lonjakan-angka-covid-19-pentingnya-meningkatkan-kekebalan-tubuh-dengan-makanan-sehat/makanansehat/index__1d4b2829eb.html,https://bikinlaper.com/menghadapi-lonjakan-angka-covid-19-pentingnya-meningkatkan-kekebalan-tubuh-dengan-makanan-sehat/makanansehat/,20250718225225,text/html,88351,3cd6162c961e0ae93715bfbb29976534458caf8b13ae9bea7ae9ce0694b9e6c4,https://web.archive.org/web/20250718225225id_/https://bikinlaper.com/menghadapi-lonjakan-angka-covid-19-pentingnya-meningkatkan-kekebalan-tubuh-dengan-makanan-sehat/makanansehat/,
cached,menghadapi-lonjakan-angka-covid-19-pentingnya-meningkatkan-kekebalan-tubuh-dengan-makanan-sehat/natal/index.html,https://bikinlaper.com/menghadapi-lonjakan-angka-covid-19-pentingnya-meningkatkan-kekebalan-tubuh-dengan-makanan-sehat/natal/,20251009145415,text/html,87948,178c55680dfebc38ea828ee8335aa7618aeaf1a8dc6f5db57acce0c09cc8f206,https://web.archive.org/web/20251009145415id_/https://bikinlaper.com/menghadapi-lonjakan-angka-covid-19-pentingnya-meningkatkan-kekebalan-tubuh-dengan-makanan-sehat/natal/,
cached,menghadapi-lonjakan-angka-covid-19-pentingnya-meningkatkan-kekebalan-tubuh-dengan-makanan-sehat/overnight-oats-500x500-1/index.html,https://bikinlaper.com/menghadapi-lonjakan-angka-covid-19-pentingnya-meningkatkan-kekebalan-tubuh-dengan-makanan-sehat/overnight-oats-500x500-1,20241122044945,text/html,89348,75861dfe0f185f812bf9842c970efc40d5573980175e18e811a39e36f43a44fa,https://web.archive.org/web/20241122044945id_/https://bikinlaper.com/menghadapi-lonjakan-angka-covid-19-pentingnya-meningkatkan-kekebalan-tubuh-dengan-makanan-sehat/overnight-oats-500x500-1,
cached,menghadapi-lonjakan-angka-covid-19-pentingnya-meningkatkan-kekebalan-tubuh-dengan-makanan-sehat/overnight-oats-500x500-1/index__6ec5a04578.html,https://bikinlaper.com/menghadapi-lonjakan-angka-covid-19-pentingnya-meningkatkan-kekebalan-tubuh-dengan-makanan-sehat/overnight-oats-500x500-1/,20251007062105,text/html,89116,afcb1c14dd4513897364704a7790fdc29f229ac43fb77a87f2e6358498e7f577,https://web.archive.org/web/20251007062105id_/https://bikinlaper.com/menghadapi-lonjakan-angka-covid-19-pentingnya-meningkatkan-kekebalan-tubuh-dengan-makanan-sehat/overnight-oats-500x500-1/,
cached,menghadapi-lonjakan-angka-covid-19-pentingnya-meningkatkan-kekebalan-tubuh-dengan-makanan-sehat/pisang-goreng-madu/index.html,https://bikinlaper.com/menghadapi-lonjakan-angka-covid-19-pentingnya-meningkatkan-kekebalan-tubuh-dengan-makanan-sehat/pisang-goreng-madu/,20250916232016,text/html,88689,3ae8937f52aa45bf54f9b10509a70c3a1225c4183e7f0d06551371a5b49d2566,https://web.archive.org/web/20250916232016id_/https://bikinlaper.com/menghadapi-lonjakan-angka-covid-19-pentingnya-meningkatkan-kekebalan-tubuh-dengan-makanan-sehat/pisang-goreng-madu/,
cached,mengintip-menu-makanan-yang-paling-banyak-di-konsumsi-di-indonesia/index.html,https://bikinlaper.com/mengintip-menu-makanan-yang-paling-banyak-di-konsumsi-di-indonesia/,20251007051602,text/html,161769,144ea710dff738ca2f57d41fc05c2896809de6dca35e7cc508321a61c696cc59,https://web.archive.org/web/20251007051602id_/https://bikinlaper.com/mengintip-menu-makanan-yang-paling-banyak-di-konsumsi-di-indonesia/,
cached,mengintip-menu-makanan-yang-paling-banyak-di-konsumsi-di-indonesia/menu-nasi-goreng/index.html,https://bikinlaper.com/mengintip-menu-makanan-yang-paling-banyak-di-konsumsi-di-indonesia/menu-nasi-goreng/,20251007053308,text/html,87672,81422010a52cbfe8b3ad6e607fa51dab037c438fc6c3d0c407a291cf60df1dc4,https://web.archive.org/web/20251007053308id_/https://bikinlaper.com/mengintip-menu-makanan-yang-paling-banyak-di-konsumsi-di-indonesia/menu-nasi-goreng/,
cached,menguasai-seni-memasak-panduan-lengkap-tentang-teknik-memasak/index.html,https://bikinlaper.com/menguasai-seni-memasak-panduan-lengkap-tentang-teknik-memasak/,20251009140855,text/html,162991,5696833fd3c4016070c065817dff1af339e9ef4b780e2af8ccca0b943ce9c7be,https://web.archive.org/web/20251009140855id_/https://bikinlaper.com/menguasai-seni-memasak-panduan-lengkap-tentang-teknik-memasak/,
cached,mengulik-jejak-sejarah-warteg-di-indonesia-dari-kaki-lima-hingga-kuliner-ikonik/index.html,https://bikinlaper.com/mengulik-jejak-sejarah-warteg-di-indonesia-dari-kaki-lima-hingga-kuliner-ikonik/,20250807024946,text/html,158687,ae1798e30ef746395c83471f2f9013de475720ba970944dc4db2d08ac81d286d,https://web.archive.org/web/20250807024946id_/https://bikinlaper.com/mengulik-jejak-sejarah-warteg-di-indonesia-dari-kaki-lima-hingga-kuliner-ikonik/,
cached,mengungkap-kelezatan-makan-di-restoran-padang-pagi-sore/index.html,https://bikinlaper.com/mengungkap-kelezatan-makan-di-restoran-padang-pagi-sore/,20251009144515,text/html,160860,162375a8f8d8b9757cf9a85ccfb74b141a40012b506d8749e72212fede11f346,https://web.archive.org/web/20251009144515id_/https://bikinlaper.com/mengungkap-kelezatan-makan-di-restoran-padang-pagi-sore/,
cached,mengungkap-kelezatan-makan-di-restoran-padang-pagi-sore/mengungkap-kelezatan-warisan-kuliner-indonesia-restoran-padang-pagi-sore/index.html,https://bikinlaper.com/mengungkap-kelezatan-makan-di-restoran-padang-pagi-sore/mengungkap-kelezatan-warisan-kuliner-indonesia-restoran-padang-pagi-sore/,20250214012536,text/html,90711,863a8e4660f85b392187d1869429cf8d540ca6d4c05855554f102c3369b2d7a9,https://web.archive.org/web/20250214012536id_/https://bikinlaper.com/mengungkap-kelezatan-makan-di-restoran-padang-pagi-sore/mengungkap-kelezatan-warisan-kuliner-indonesia-restoran-padang-pagi-sore/,
cached,mengungkap-khasiat-dan-kelezatan-di-balik-franchise-bakso-malang/index.html,https://bikinlaper.com/mengungkap-khasiat-dan-kelezatan-di-balik-franchise-bakso-malang/,20251007064359,text/html,146865,f9d92cafb639b221a2131e6f499f342acb127a299d3098ae41679198b42166ac,https://web.archive.org/web/20251007064359id_/https://bikinlaper.com/mengungkap-khasiat-dan-kelezatan-di-balik-franchise-bakso-malang/,
cached,mengungkap-khasiat-dan-kelezatan-di-balik-franchise-bakso-malang/ini-resep-bakso-malang-lezat-yang-menggugah-selera-halodoc-jpg/index.html,https://bikinlaper.com/mengungkap-khasiat-dan-kelezatan-di-balik-franchise-bakso-malang/ini-resep-bakso-malang-lezat-yang-menggugah-selera-halodoc-jpg/,20250613133524,text/html,90892,1b17ec587c8d99625bac8f5bd7f3c000df78191d0b387e51a1487cd803fcf908,https://web.archive.org/web/20250613133524id_/https://bikinlaper.com/mengungkap-khasiat-dan-kelezatan-di-balik-franchise-bakso-malang/ini-resep-bakso-malang-lezat-yang-menggugah-selera-halodoc-jpg/,
cached,mengungkap-sistem-bisnis-warteg-kharisma-bahari-kelezatan-dalam-setiap-sajian/feed.xml,https://bikinlaper.com/mengungkap-sistem-bisnis-warteg-kharisma-bahari-kelezatan-dalam-setiap-sajian/feed/,20231226142926,application/rss+xml,1077,a9bb367eb752d36cfa55cd68eae4717a514e2f70a0205943dc8844bdc20a609a,https://web.archive.org/web/20231226142926id_/https://bikinlaper.com/mengungkap-sistem-bisnis-warteg-kharisma-bahari-kelezatan-dalam-setiap-sajian/feed/,
cached,mengungkap-sistem-bisnis-warteg-kharisma-bahari-kelezatan-dalam-setiap-sajian/index.html,https://bikinlaper.com/mengungkap-sistem-bisnis-warteg-kharisma-bahari-kelezatan-dalam-setiap-sajian/,20240305013437,text/html,1347,bec7b09a923235b34099abba1be787b6c552b5440768768fe9bb8cae72f166ed,https://web.archive.org/web/20240305013437id_/https://bikinlaper.com/mengungkap-sistem-bisnis-warteg-kharisma-bahari-kelezatan-dalam-setiap-sajian/,
cached,mengungkap-sistem-bisnis-warteg-kharisma-bahari-kelezatan-dalam-setiap-sajian/warung-kharisma-bahari-wkb/index.html,https://bikinlaper.com/mengungkap-sistem-bisnis-warteg-kharisma-bahari-kelezatan-dalam-setiap-sajian/warung-kharisma-bahari-wkb/,20250214023110,text/html,88776,171944a696eac457249c7f7eb094636cbb95cf3c400ca01b3d15a2a11b5a6d41,https://web.archive.org/web/20250214023110id_/https://bikinlaper.com/mengungkap-sistem-bisnis-warteg-kharisma-bahari-kelezatan-dalam-setiap-sajian/warung-kharisma-bahari-wkb/,
cached,menikmati-hidangan-enak-dengan-cara-makan-di-warteg-panduan-lengkap/index.html,https://bikinlaper.com/menikmati-hidangan-enak-dengan-cara-makan-di-warteg-panduan-lengkap/,20251007053749,text/html,170250,95110962064d65490ca9a319a56ecedff0e6d2790de1b3c23900d2727797e503,https://web.archive.org/web/20251007053749id_/https://bikinlaper.com/menikmati-hidangan-enak-dengan-cara-makan-di-warteg-panduan-lengkap/,
cached,menikmati-hidangan-enak-dengan-cara-makan-di-warteg-panduan-lengkap/warteg/index.html,https://bikinlaper.com/menikmati-hidangan-enak-dengan-cara-makan-di-warteg-panduan-lengkap/warteg/,20251007052529,text/html,87241,c58526bec28045dffc800ab52a435c59e6c78f62a51cb58bfa9bbdcbe42a47e0,https://web.archive.org/web/20251007052529id_/https://bikinlaper.com/menikmati-hidangan-enak-dengan-cara-makan-di-warteg-panduan-lengkap/warteg/,
cached,menikmati-kelezatan-jajanan-khas-jawa-barat-warisan-kuliner-yang-menggoda/batagor-jabar/index.html,https://bikinlaper.com/menikmati-kelezatan-jajanan-khas-jawa-barat-warisan-kuliner-yang-menggoda/batagor-jabar/,20250421135223,text/html,87727,1fc8841dbf899161d86ed2526c67ec485b1c897240a873470849439c02698f5e,https://web.archive.org/web/20250421135223id_/https://bikinlaper.com/menikmati-kelezatan-jajanan-khas-jawa-barat-warisan-kuliner-yang-menggoda/batagor-jabar/,
cached,menikmati-kelezatan-jajanan-khas-jawa-barat-warisan-kuliner-yang-menggoda/feed.xml,https://bikinlaper.com/menikmati-kelezatan-jajanan-khas-jawa-barat-warisan-kuliner-yang-menggoda/feed/,20231226141415,application/rss+xml,1061,ff344552122ddb7b52c29482f3a42e8da396ae55376d8b5867a7811d53cc2c13,https://web.archive.org/web/20231226141415id_/https://bikinlaper.com/menikmati-kelezatan-jajanan-khas-jawa-barat-warisan-kuliner-yang-menggoda/feed/,
cached,menikmati-kelezatan-jajanan-khas-jawa-barat-warisan-kuliner-yang-menggoda/index.html,https://bikinlaper.com/menikmati-kelezatan-jajanan-khas-jawa-barat-warisan-kuliner-yang-menggoda/,20251007061659,text/html,161482,52af1282088d005d670bb9b9754d1b49d0e008f911c124cc73127d88337cf3e3,https://web.archive.org/web/20251007061659id_/https://bikinlaper.com/menikmati-kelezatan-jajanan-khas-jawa-barat-warisan-kuliner-yang-menggoda/,
cached,menikmati-kelezatan-kuliner-cilacap-pesona-kuliner-yang-memikat/index.html,https://bikinlaper.com/menikmati-kelezatan-kuliner-cilacap-pesona-kuliner-yang-memikat/,20250807042656,text/html,153850,d79e254cf884ff789e6c71178505867d0e85f7267ae2fff0c6fb0338de68d6ff,https://web.archive.org/web/20250807042656id_/https://bikinlaper.com/menikmati-kelezatan-kuliner-cilacap-pesona-kuliner-yang-memikat/,
cached,menikmati-kelezatan-kuliner-cilacap-pesona-kuliner-yang-memikat/kuliner-cilacap/index.html,https://bikinlaper.com/menikmati-kelezatan-kuliner-cilacap-pesona-kuliner-yang-memikat/kuliner-cilacap/,20251009140053,text/html,87526,e5255025575d5bd0a97c95914a5bfd8668e1369c95d49d3b52265395b564f250,https://web.archive.org/web/20251009140053id_/https://bikinlaper.com/menikmati-kelezatan-kuliner-cilacap-pesona-kuliner-yang-memikat/kuliner-cilacap/,
cached,menikmati-kelezatan-kuliner-nusantara-di-warteg-21-pulomas-sebuah-review-mendalam/index.html,https://bikinlaper.com/menikmati-kelezatan-kuliner-nusantara-di-warteg-21-pulomas-sebuah-review-mendalam/,20250807043029,text/html,157677,0ba25e4110344134cc34e41156e1a89971124bea9661d1973a6648515ca4d8ff,https://web.archive.org/web/20250807043029id_/https://bikinlaper.com/menikmati-kelezatan-kuliner-nusantara-di-warteg-21-pulomas-sebuah-review-mendalam/,
cached,menikmati-kelezatan-kuliner-nusantara-di-warteg-21-pulomas-sebuah-review-mendalam/warteg-21-pulomas/index.html,https://bikinlaper.com/menikmati-kelezatan-kuliner-nusantara-di-warteg-21-pulomas-sebuah-review-mendalam/warteg-21-pulomas/,20250421145606,text/html,88847,3342a4db66c00b10aac1dfe792feb85c6c5ceb0fb87113e94d473ae7e426dd66,https://web.archive.org/web/20250421145606id_/https://bikinlaper.com/menikmati-kelezatan-kuliner-nusantara-di-warteg-21-pulomas-sebuah-review-mendalam/warteg-21-pulomas/,
cached,menikmati-kelezatan-soto-banjar-sejarah-resep-autentik-dan-khasiat-kesehatan/feed.xml,https://bikinlaper.com/menikmati-kelezatan-soto-banjar-sejarah-resep-autentik-dan-khasiat-kesehatan/feed/,20240123090719,application/rss+xml,1075,4e0020ea318f35b6c0bfce19caa5c6d078ec3b21303db0699589253933c91d64,https://web.archive.org/web/20240123090719id_/https://bikinlaper.com/menikmati-kelezatan-soto-banjar-sejarah-resep-autentik-dan-khasiat-kesehatan/feed/,
cached,menikmati-kelezatan-soto-banjar-sejarah-resep-autentik-dan-khasiat-kesehatan/index.html,https://bikinlaper.com/menikmati-kelezatan-soto-banjar-sejarah-resep-autentik-dan-khasiat-kesehatan/,20250807032234,text/html,156283,0f1c8150cab42312931f9d6c6d13ff2ddb464d74080522df189e3aac384c1b0d,https://web.archive.org/web/20250807032234id_/https://bikinlaper.com/menikmati-kelezatan-soto-banjar-sejarah-resep-autentik-dan-khasiat-kesehatan/,
cached,menikmati-kelezatan-soto-banjar-sejarah-resep-autentik-dan-khasiat-kesehatan/soto_banjar_ketupat/index.html,https://bikinlaper.com/menikmati-kelezatan-soto-banjar-sejarah-resep-autentik-dan-khasiat-kesehatan/soto_banjar_ketupat/,20250807035615,text/html,88888,a5ed470cf879072e1c4ac9922b360e73b940ed25fc35f974923dc23480255457,https://web.archive.org/web/20250807035615id_/https://bikinlaper.com/menikmati-kelezatan-soto-banjar-sejarah-resep-autentik-dan-khasiat-kesehatan/soto_banjar_ketupat/,
cached,menjadi-pemilik-warung-tegal-warteg-franchise-simak-keuntungan-dan-tantanganya/index.html,https://bikinlaper.com/menjadi-pemilik-warung-tegal-warteg-franchise-simak-keuntungan-dan-tantanganya/,20251007063251,text/html,153247,2f23a485833506358d2fcd7ec7383be67a08e8fac6d35f8165c502ebcb877968,https://web.archive.org/web/20251007063251id_/https://bikinlaper.com/menjadi-pemilik-warung-tegal-warteg-franchise-simak-keuntungan-dan-tantanganya/,
cached,menjelajahi-diri-melalui-solo-traveling-petualangan-yang-membuka-pintu-kebahagiaan/index.html,https://bikinlaper.com/menjelajahi-diri-melalui-solo-traveling-petualangan-yang-membuka-pintu-kebahagiaan/,20250916234347,text/html,163128,6fee8a4cd1b6ba79a5af03f595f7aad642027cab991042aff3d4478c815721dc,https://web.archive.org/web/20250916234347id_/https://bikinlaper.com/menjelajahi-diri-melalui-solo-traveling-petualangan-yang-membuka-pintu-kebahagiaan/,
cached,menjelajahi-diri-melalui-solo-traveling-petualangan-yang-membuka-pintu-kebahagiaan/traveling/index.html,https://bikinlaper.com/menjelajahi-diri-melalui-solo-traveling-petualangan-yang-membuka-pintu-kebahagiaan/traveling/,20251007045959,text/html,88434,01f459efd7eea67dab080b3fe214d306c65bc9633cfd161f6f790593a7b2ca79,https://web.archive.org/web/20251007045959id_/https://bikinlaper.com/menjelajahi-diri-melalui-solo-traveling-petualangan-yang-membuka-pintu-kebahagiaan/traveling/,
cached,menjelajahi-kelezatan-kuliner-bandung-surga-kuliner-di-jawa-barat/feed.xml,https://bikinlaper.com/menjelajahi-kelezatan-kuliner-bandung-surga-kuliner-di-jawa-barat/feed/,20231211145748,application/rss+xml,1029,d99992c193fa029d45a0a8d7d00847cad7f7a7b1e6ed8adcf4598709c5e30332,https://web.archive.org/web/20231211145748id_/https://bikinlaper.com/menjelajahi-kelezatan-kuliner-bandung-surga-kuliner-di-jawa-barat/feed/,
cached,menjelajahi-kelezatan-kuliner-bandung-surga-kuliner-di-jawa-barat/index.html,https://bikinlaper.com/menjelajahi-kelezatan-kuliner-bandung-surga-kuliner-di-jawa-barat/,20251009145954,text/html,162856,7bbf355e0e82d41308700f2099316bf727aa8cdd86e457320524fb3277899d99,https://web.archive.org/web/20251009145954id_/https://bikinlaper.com/menjelajahi-kelezatan-kuliner-bandung-surga-kuliner-di-jawa-barat/,
cached,menjelajahi-kelezatan-kuliner-bandung-surga-kuliner-di-jawa-barat/martabak-enak-di-bandung-4_169/index.html,https://bikinlaper.com/menjelajahi-kelezatan-kuliner-bandung-surga-kuliner-di-jawa-barat/martabak-enak-di-bandung-4_169/,20250807025136,text/html,88442,d6a4b3b2b02f32682f1e153540540c03acf386bada517fa6a744374d637668ad,https://web.archive.org/web/20250807025136id_/https://bikinlaper.com/menjelajahi-kelezatan-kuliner-bandung-surga-kuliner-di-jawa-barat/martabak-enak-di-bandung-4_169/,
cached,menjelajahi-kelezatan-kuliner-di-kota-gaza-sebuah-petualangan-rasa/index.html,https://bikinlaper.com/menjelajahi-kelezatan-kuliner-di-kota-gaza-sebuah-petualangan-rasa/,20251007064513,text/html,152877,b3393995fef49eddcd4fdbba962255cf7d07340c4a56185eec7af41f737e211c,https://web.archive.org/web/20251007064513id_/https://bikinlaper.com/menjelajahi-kelezatan-kuliner-di-kota-gaza-sebuah-petualangan-rasa/,
cached,menjelajahi-kelezatan-kuliner-di-kota-gaza-sebuah-petualangan-rasa/swarma-gaza/index.html,https://bikinlaper.com/menjelajahi-kelezatan-kuliner-di-kota-gaza-sebuah-petualangan-rasa/swarma-gaza/,20250807033403,text/html,87388,2d8c935d847d9e3457d836eaa45537e4923749b3b6cc7803df93534e5abb1f4c,https://web.archive.org/web/20250807033403id_/https://bikinlaper.com/menjelajahi-kelezatan-kuliner-di-kota-gaza-sebuah-petualangan-rasa/swarma-gaza/,
cached,menjelajahi-kelezatan-kuliner-di-warteg-putri-bahari-mengapa-ini-adalah-pilihan-terbaik-anda-di-jakarta/index.html,https://bikinlaper.com/menjelajahi-kelezatan-kuliner-di-warteg-putri-bahari-mengapa-ini-adalah-pilihan-terbaik-anda-di-jakarta/,20251009140017,text/html,150637,7b00af7dfd2c4abe138c625161ebb2b42254003adf908b0d76d0271af1dd1f8f,https://web.archive.org/web/20251009140017id_/https://bikinlaper.com/menjelajahi-kelezatan-kuliner-di-warteg-putri-bahari-mengapa-ini-adalah-pilihan-terbaik-anda-di-jakarta/,
cached,menjelajahi-kelezatan-makanan-oriental-kumpulan-hidangan-ikonik-dan-asal-negaranya/feed.xml,https://bikinlaper.com/menjelajahi-kelezatan-makanan-oriental-kumpulan-hidangan-ikonik-dan-asal-negaranya/feed/,20240123090820,application/rss+xml,1097,3144b1fa1b6c5718effafc64e209491b19c577053197da7001351ba8f73751ab,https://web.archive.org/web/20240123090820id_/https://bikinlaper.com/menjelajahi-kelezatan-makanan-oriental-kumpulan-hidangan-ikonik-dan-asal-negaranya/feed/,
cached,menjelajahi-kelezatan-makanan-oriental-kumpulan-hidangan-ikonik-dan-asal-negaranya/index.html,https://bikinlaper.com/menjelajahi-kelezatan-makanan-oriental-kumpulan-hidangan-ikonik-dan-asal-negaranya/,20250718223923,text/html,155094,f432a3f40387e1d92a0824108080404d0eeb2cdd6b594126da9d027f0898a5ed,https://web.archive.org/web/20250718223923id_/https://bikinlaper.com/menjelajahi-kelezatan-makanan-oriental-kumpulan-hidangan-ikonik-dan-asal-negaranya/,
cached,menjelajahi-kelezatan-makanan-oriental-kumpulan-hidangan-ikonik-dan-asal-negaranya/makanan-oriental/index.html,https://bikinlaper.com/menjelajahi-kelezatan-makanan-oriental-kumpulan-hidangan-ikonik-dan-asal-negaranya/makanan-oriental/,20250613122939,text/html,88861,07045c692e3f107c5f77fea3f0a34243177785daf69f0eaa782e5b2fa86e766a,https://web.archive.org/web/20250613122939id_/https://bikinlaper.com/menjelajahi-kelezatan-makanan-oriental-kumpulan-hidangan-ikonik-dan-asal-negaranya/makanan-oriental/,
cached,menjelajahi-kelezatan-mi-akung-sebuah-perjalanan-kuliner-yang-tak-terlupakan/feed.xml,https://bikinlaper.com/menjelajahi-kelezatan-mi-akung-sebuah-perjalanan-kuliner-yang-tak-terlupakan/feed/,20240123090724,application/rss+xml,1073,8360504d8e188e22e116d8aec302b640c25b7c31deb75f394f2cbcb9df7c4fb1,https://web.archive.org/web/20240123090724id_/https://bikinlaper.com/menjelajahi-kelezatan-mi-akung-sebuah-perjalanan-kuliner-yang-tak-terlupakan/feed/,
cached,menjelajahi-kelezatan-mi-akung-sebuah-perjalanan-kuliner-yang-tak-terlupakan/index.html,https://bikinlaper.com/menjelajahi-kelezatan-mi-akung-sebuah-perjalanan-kuliner-yang-tak-terlupakan/,20250916222722,text/html,159796,8608af2c7481e05c6869457fc7d07a3655f4ee787f9126df77c47dcb3ecd90fa,https://web.archive.org/web/20250916222722id_/https://bikinlaper.com/menjelajahi-kelezatan-mi-akung-sebuah-perjalanan-kuliner-yang-tak-terlupakan/,
cached,menjelajahi-kelezatan-mi-akung-sebuah-perjalanan-kuliner-yang-tak-terlupakan/mie-akung/index.html,https://bikinlaper.com/menjelajahi-kelezatan-mi-akung-sebuah-perjalanan-kuliner-yang-tak-terlupakan/mie-akung/,20250421135027,text/html,87584,a4f17e83bab833ad8d027b95e182eb2092e5d99809f51576288bf467abf24a27,https://web.archive.org/web/20250421135027id_/https://bikinlaper.com/menjelajahi-kelezatan-mi-akung-sebuah-perjalanan-kuliner-yang-tak-terlupakan/mie-akung/,
cached,menjelajahi-kelezatan-terbaru-brand-makanan-terpopuler-2023-versi-bikinlaper-com/index.html,https://bikinlaper.com/menjelajahi-kelezatan-terbaru-brand-makanan-terpopuler-2023-versi-bikinlaper-com/,20251009152023,text/html,160625,d85907809297069a11dd9ee79898925a1f1b4af21cead53bc98530a8222e79e4,https://web.archive.org/web/20251009152023id_/https://bikinlaper.com/menjelajahi-kelezatan-terbaru-brand-makanan-terpopuler-2023-versi-bikinlaper-com/,
cached,menjelajahi-kelezatan-terbaru-brand-makanan-terpopuler-2023-versi-bikinlaper-com/original/index.html,https://bikinlaper.com/menjelajahi-kelezatan-terbaru-brand-makanan-terpopuler-2023-versi-bikinlaper-com/original/,20250214024214,text/html,87834,6c6a5908d2f1ab65b68142b65e1526f5104c53ad2ba0dfb41eac2cb66e9007cd,https://web.archive.org/web/20250214024214id_/https://bikinlaper.com/menjelajahi-kelezatan-terbaru-brand-makanan-terpopuler-2023-versi-bikinlaper-com/original/,
cached,menjelajahi-peluang-menguntungkan-panduan-komprehensif-bisnis-martabak-dan-analisis-pasar/index.html,https://bikinlaper.com/menjelajahi-peluang-menguntungkan-panduan-komprehensif-bisnis-martabak-dan-analisis-pasar/,20251007063110,text/html,154266,a2a09faba2bec7f39a722ec796c6fdf97fb99c43c446ba4d7c4e72d92ff82861,https://web.archive.org/web/20251007063110id_/https://bikinlaper.com/menjelajahi-peluang-menguntungkan-panduan-komprehensif-bisnis-martabak-dan-analisis-pasar/,
cached,menjelajahi-peluang-menguntungkan-panduan-komprehensif-bisnis-martabak-dan-analisis-pasar/usaha_martabak/index.html,https://bikinlaper.com/menjelajahi-peluang-menguntungkan-panduan-komprehensif-bisnis-martabak-dan-analisis-pasar/usaha_martabak/,20250421135107,text/html,88926,a6116a9a5b9ca9ca2ca8ddc4cefef09c1999f1707c8bfa33748ff5b089e77a8d,https://web.archive.org/web/20250421135107id_/https://bikinlaper.com/menjelajahi-peluang-menguntungkan-panduan-komprehensif-bisnis-martabak-dan-analisis-pasar/usaha_martabak/,
cached,menjelajahi-sajian-variasi-otak-otak-dari-berbagai-daerah/index.html,https://bikinlaper.com/menjelajahi-sajian-variasi-otak-otak-dari-berbagai-daerah/,20251007050135,text/html,155061,6dee2c0b0ff860077cdde5a513796c0b3234d93770de3b426f50a2990e52b4c6,https://web.archive.org/web/20251007050135id_/https://bikinlaper.com/menjelajahi-sajian-variasi-otak-otak-dari-berbagai-daerah/,
cached,menjelajahi-sajian-variasi-otak-otak-dari-berbagai-daerah/variasi-otak-otal/index.html,https://bikinlaper.com/menjelajahi-sajian-variasi-otak-otak-dari-berbagai-daerah/variasi-otak-otal/,20250513040351,text/html,88102,e2ad12adb8eef4ee90a44a3eddb2d47a76d7d5199cf81a2aaaec551de95b35b5,https://web.archive.org/web/20250513040351id_/https://bikinlaper.com/menjelajahi-sajian-variasi-otak-otak-dari-berbagai-daerah/variasi-otak-otal/,
cached,menjelajahi-tradisi-kuliner-imlek-cerita-di-balik-kelezatan-yang-menggoda/index.html,https://bikinlaper.com/menjelajahi-tradisi-kuliner-imlek-cerita-di-balik-kelezatan-yang-menggoda/,20250718224036,text/html,159940,3a6434086f1799e0b01e63110d9b141f1c6bd2d4b2500bfd7e7096fe713208d1,https://web.archive.org/web/20250718224036id_/https://bikinlaper.com/menjelajahi-tradisi-kuliner-imlek-cerita-di-balik-kelezatan-yang-menggoda/,
cached,menu-lebaran-kekinian-merayakan-tradisi-dengan-sentuhan-modern/index.html,https://bikinlaper.com/menu-lebaran-kekinian-merayakan-tradisi-dengan-sentuhan-modern/,20251007054500,text/html,157601,ba0b2f934fbcb1fe1d4edc11df923a449600b91b0a0777a73a2b394d3b22604d,https://web.archive.org/web/20251007054500id_/https://bikinlaper.com/menu-lebaran-kekinian-merayakan-tradisi-dengan-sentuhan-modern/,
cached,menu-lebaran-kekinian-merayakan-tradisi-dengan-sentuhan-modern/menu-lebaran-kekinian/index.html,https://bikinlaper.com/menu-lebaran-kekinian-merayakan-tradisi-dengan-sentuhan-modern/menu-lebaran-kekinian/,20250613132738,text/html,88486,fc86d0d98252a55848f3af49f65c77da5a6ab4ae5ad46f9b45e2e5ce8e9622ce,https://web.archive.org/web/20250613132738id_/https://bikinlaper.com/menu-lebaran-kekinian-merayakan-tradisi-dengan-sentuhan-modern/menu-lebaran-kekinian/,
cached,menu-warteg-yang-paling-wajib-kenikmatan-kuliner-nusantara/feed.xml,https://bikinlaper.com/menu-warteg-yang-paling-wajib-kenikmatan-kuliner-nusantara/feed/,20231226141415,application/rss+xml,1001,5bc73bf2eab5fc01384b85567a764ef7fe05e05e336106a6cb626a9b1e767623,https://web.archive.org/web/20231226141415id_/https://bikinlaper.com/menu-warteg-yang-paling-wajib-kenikmatan-kuliner-nusantara/feed/,
cached,menu-warteg-yang-paling-wajib-kenikmatan-kuliner-nusantara/index.html,https://bikinlaper.com/menu-warteg-yang-paling-wajib-kenikmatan-kuliner-nusantara/,20251009145919,text/html,150090,01e8e180fe0c388f61af85583b90816fe03f56ea510c4b79306ce80367d3d14f,https://web.archive.org/web/20251009145919id_/https://bikinlaper.com/menu-warteg-yang-paling-wajib-kenikmatan-kuliner-nusantara/,
cached,menyantap-kelezatan-sejati-eksplorasi-restoran-steak-di-jakarta/index.html,https://bikinlaper.com/menyantap-kelezatan-sejati-eksplorasi-restoran-steak-di-jakarta/,20250807040043,text/html,160525,8658aa473bf3e5ca4109d2743749c1eddca851a91209171957cb26bfa66ba2e7,https://web.archive.org/web/20250807040043id_/https://bikinlaper.com/menyantap-kelezatan-sejati-eksplorasi-restoran-steak-di-jakarta/,
cached,menyelami-kelezatan-hot-pot-di-jakarta-eksplorasi-restoran-restoran-pilihan/index.html,https://bikinlaper.com/menyelami-kelezatan-hot-pot-di-jakarta-eksplorasi-restoran-restoran-pilihan/,20251009141520,text/html,159582,10dea18a5a1eef698310dc489efd2439ccbf052d9af7de9e38e3532662c639f6,https://web.archive.org/web/20251009141520id_/https://bikinlaper.com/menyelami-kelezatan-hot-pot-di-jakarta-eksplorasi-restoran-restoran-pilihan/,
cached,menyelami-kelezatan-tradisi-kuliner-nusa-tenggara-yang-memukau/ayam-taliwang/index.html,https://bikinlaper.com/menyelami-kelezatan-tradisi-kuliner-nusa-tenggara-yang-memukau/ayam-taliwang/,20250421134008,text/html,87373,457ab12bcc1aebdf4b2d67d999a8f7be06054324d488ff0c3261a28ebf074b16,https://web.archive.org/web/20250421134008id_/https://bikinlaper.com/menyelami-kelezatan-tradisi-kuliner-nusa-tenggara-yang-memukau/ayam-taliwang/,
cached,menyelami-kelezatan-tradisi-kuliner-nusa-tenggara-yang-memukau/index.html,https://bikinlaper.com/menyelami-kelezatan-tradisi-kuliner-nusa-tenggara-yang-memukau/,20250421150756,text/html,160906,9ca26333390b3a4b5981759f475c43f66d87dc17f96ad480da683a42ec30fc0a,https://web.archive.org/web/20250421150756id_/https://bikinlaper.com/menyelami-kelezatan-tradisi-kuliner-nusa-tenggara-yang-memukau/,
cached,menyelami-kelezatan-tradisional-bipang-ambawang-pik-sebagai-kuliner-khas-indonesia/bipang-ambawang/index.html,https://bikinlaper.com/menyelami-kelezatan-tradisional-bipang-ambawang-pik-sebagai-kuliner-khas-indonesia/bipang-ambawang/,20250513043743,text/html,88125,ab1edfa950b68aab402fbe176c86825d87f874ae0a0972d6fb06697dfbee0fe4,https://web.archive.org/web/20250513043743id_/https://bikinlaper.com/menyelami-kelezatan-tradisional-bipang-ambawang-pik-sebagai-kuliner-khas-indonesia/bipang-ambawang/,
cached,menyelami-kelezatan-tradisional-bipang-ambawang-pik-sebagai-kuliner-khas-indonesia/feed.xml,https://bikinlaper.com/menyelami-kelezatan-tradisional-bipang-ambawang-pik-sebagai-kuliner-khas-indonesia/feed/,20231226141416,application/rss+xml,1097,533e8ed84b07ff7fbbf34045953dfa14e893a4c776c059577f2fb8d4250f4808,https://web.archive.org/web/20231226141416id_/https://bikinlaper.com/menyelami-kelezatan-tradisional-bipang-ambawang-pik-sebagai-kuliner-khas-indonesia/feed/,
cached,menyelami-kelezatan-tradisional-bipang-ambawang-pik-sebagai-kuliner-khas-indonesia/index.html,https://bikinlaper.com/menyelami-kelezatan-tradisional-bipang-ambawang-pik-sebagai-kuliner-khas-indonesia/,20251007051834,text/html,156672,12375b2c58af3a483e311ed6d998b49de0777a308dd5cb394361a9b16538bddd,https://web.archive.org/web/20251007051834id_/https://bikinlaper.com/menyelami-kelezatan-tradisional-bipang-ambawang-pik-sebagai-kuliner-khas-indonesia/,
cached,menyelami-kenikmatan-boga-eksplorasi-kuliner-makassar-yang-memikat/coto-makasar/index.html,https://bikinlaper.com/menyelami-kenikmatan-boga-eksplorasi-kuliner-makassar-yang-memikat/coto-makasar/,20251007062849,text/html,87445,bb50ddc5e29ff391ce086a8c253b19a85710aea18ab9e2d52f996f392b26c68f,https://web.archive.org/web/20251007062849id_/https://bikinlaper.com/menyelami-kenikmatan-boga-eksplorasi-kuliner-makassar-yang-memikat/coto-makasar/,
cached,menyelami-kenikmatan-boga-eksplorasi-kuliner-makassar-yang-memikat/index.html,https://bikinlaper.com/menyelami-kenikmatan-boga-eksplorasi-kuliner-makassar-yang-memikat/,20251007050854,text/html,158387,0e0161864a2708c59803636836aac6b45e2a7a0696e3f41e3b5fcf6b003d63e6,https://web.archive.org/web/20251007050854id_/https://bikinlaper.com/menyelami-kenikmatan-boga-eksplorasi-kuliner-makassar-yang-memikat/,
cached,meriahkan-natal-anda-dengan-resep-spesial-dan-lezat/index.html,https://bikinlaper.com/meriahkan-natal-anda-dengan-resep-spesial-dan-lezat/,20251007063649,text/html,159910,d7570a23d8093d4859858d3dc3010efa96b44a1a0050982303beb4f5ab499639,https://web.archive.org/web/20251007063649id_/https://bikinlaper.com/meriahkan-natal-anda-dengan-resep-spesial-dan-lezat/,
cached,meriahkan-natal-anda-dengan-resep-spesial-dan-lezat/sup-kream-labu/index.html,https://bikinlaper.com/meriahkan-natal-anda-dengan-resep-spesial-dan-lezat/sup-kream-labu/,20250613140957,text/html,87096,bf457974f0b8caefee082ddbfc6dd030be8669c5b7e9b27f27de7a04a13eaea8,https://web.archive.org/web/20250613140957id_/https://bikinlaper.com/meriahkan-natal-anda-dengan-resep-spesial-dan-lezat/sup-kream-labu/,
cached,mi-goreng-menyajikan-kelezatan-indonesia-di-piring-anda/index.html,https://bikinlaper.com/mi-goreng-menyajikan-kelezatan-indonesia-di-piring-anda/,20251007054857,text/html,152934,da98ae743262e1ad46a3cb4fbc5fefc1dcfab92878f9a9b3e20994d7cac5706c,https://web.archive.org/web/20251007054857id_/https://bikinlaper.com/mi-goreng-menyajikan-kelezatan-indonesia-di-piring-anda/,
cached,mi-goreng-menyajikan-kelezatan-indonesia-di-piring-anda/mie-goreng/index.html,https://bikinlaper.com/mi-goreng-menyajikan-kelezatan-indonesia-di-piring-anda/mie-goreng/,20251009142120,text/html,86992,b244b17f14c2a3db120a2cd5869397fe054301c1305d0d4fa032e62660f0f89c,https://web.archive.org/web/20251009142120id_/https://bikinlaper.com/mi-goreng-menyajikan-kelezatan-indonesia-di-piring-anda/mie-goreng/,
cached,mie-instan-mengungkap-kelezatan-dan-kemudahan-dalam-satu-bungkus/index.html,https://bikinlaper.com/mie-instan-mengungkap-kelezatan-dan-kemudahan-dalam-satu-bungkus/,20251009145704,text/html,150681,9696a514e31d50d2985ee63e4aa0cb609faac489746e80e47991987bab41ebd2,https://web.archive.org/web/20251009145704id_/https://bikinlaper.com/mie-instan-mengungkap-kelezatan-dan-kemudahan-dalam-satu-bungkus/,
cached,mie-instan-mengungkap-kelezatan-dan-kemudahan-dalam-satu-bungkus/indomie/index.html,https://bikinlaper.com/mie-instan-mengungkap-kelezatan-dan-kemudahan-dalam-satu-bungkus/indomie/,20250513041856,text/html,87749,91cc670fe42c3b69cfa28455098bfbdb73f9113a486eab8a36cf45693ca18feb,https://web.archive.org/web/20250513041856id_/https://bikinlaper.com/mie-instan-mengungkap-kelezatan-dan-kemudahan-dalam-satu-bungkus/indomie/,
cached,mie-kober-memikat-lidah-dengan-sensasi-pedasnya/franchise-mie-kober/index.html,https://bikinlaper.com/mie-kober-memikat-lidah-dengan-sensasi-pedasnya/franchise-mie-kober/,20250513042309,text/html,87915,c3d477a1d8c3ac629f2353dd50ef58a886bf5648b4344380fea428a6f2b84f35,https://web.archive.org/web/20250513042309id_/https://bikinlaper.com/mie-kober-memikat-lidah-dengan-sensasi-pedasnya/franchise-mie-kober/,
cached,mie-kober-memikat-lidah-dengan-sensasi-pedasnya/index.html,https://bikinlaper.com/mie-kober-memikat-lidah-dengan-sensasi-pedasnya/,20250513043641,text/html,151217,a3ecee8ac82d2efa24bedfe0235657953dc7224222cdc59271c81b3484caa4dd,https://web.archive.org/web/20250513043641id_/https://bikinlaper.com/mie-kober-memikat-lidah-dengan-sensasi-pedasnya/,
cached,minuman-khas-riau-cocok-diminum-ketika-berbuka-puasa/index.html,https://bikinlaper.com/minuman-khas-riau-cocok-diminum-ketika-berbuka-puasa/,20250916234250,text/html,158232,b93cc2b59a83ac5b6b87a7656e3a2cb0466bd89e11169ff9a548985487572610,https://web.archive.org/web/20250916234250id_/https://bikinlaper.com/minuman-khas-riau-cocok-diminum-ketika-berbuka-puasa/,
cached,munculnya-es-teh-nusantara-perpaduan-budaya-dan-kopi/es-teh-nusantara/index.html,https://bikinlaper.com/munculnya-es-teh-nusantara-perpaduan-budaya-dan-kopi/es-teh-nusantara/,20250421140007,text/html,87923,94bad218e18964c4352d77e5db45bfb1c762f2210f79761b5f6ff09e3d083dd3,https://web.archive.org/web/20250421140007id_/https://bikinlaper.com/munculnya-es-teh-nusantara-perpaduan-budaya-dan-kopi/es-teh-nusantara/,
cached,munculnya-es-teh-nusantara-perpaduan-budaya-dan-kopi/index.html,https://bikinlaper.com/munculnya-es-teh-nusantara-perpaduan-budaya-dan-kopi/,20251007063146,text/html,150828,d11174aac13a362ee9defd151c7501658142bdfef8a15e44c26bd4bdb439722f,https://web.archive.org/web/20251007063146id_/https://bikinlaper.com/munculnya-es-teh-nusantara-perpaduan-budaya-dan-kopi/,
cached,mustafa-kuliner-menyelami-kelezatan-yang-mewakili-warisan-dan-kreativitas-kuliner/feed.xml,https://bikinlaper.com/mustafa-kuliner-menyelami-kelezatan-yang-mewakili-warisan-dan-kreativitas-kuliner/feed/,20240123090805,application/rss+xml,1093,fb22bb3bbf7cd0aa64b7587805af8b6cd52e4cb1e6620752c76c225a6065ff6f,https://web.archive.org/web/20240123090805id_/https://bikinlaper.com/mustafa-kuliner-menyelami-kelezatan-yang-mewakili-warisan-dan-kreativitas-kuliner/feed/,
cached,mustafa-kuliner-menyelami-kelezatan-yang-mewakili-warisan-dan-kreativitas-kuliner/index.html,https://bikinlaper.com/mustafa-kuliner-menyelami-kelezatan-yang-mewakili-warisan-dan-kreativitas-kuliner/,20250807024131,text/html,155817,2ba9fc0fcec78525ea083b4273297a7977a6ddb2639438ed63db2fc03459555c,https://web.archive.org/web/20250807024131id_/https://bikinlaper.com/mustafa-kuliner-menyelami-kelezatan-yang-mewakili-warisan-dan-kreativitas-kuliner/,
cached,mustafa-kuliner-menyelami-kelezatan-yang-mewakili-warisan-dan-kreativitas-kuliner/mustafa-kuliner/index.html,https://bikinlaper.com/mustafa-kuliner-menyelami-kelezatan-yang-mewakili-warisan-dan-kreativitas-kuliner/mustafa-kuliner/,20250613133119,text/html,88743,7ac9d823ae2ee15ceeb9a2daac7e0637d200ffd30a282ae8a5a6b9621f8dd8aa,https://web.archive.org/web/20250613133119id_/https://bikinlaper.com/mustafa-kuliner-menyelami-kelezatan-yang-mewakili-warisan-dan-kreativitas-kuliner/mustafa-kuliner/,
cached,nama-mie-pedas-yang-unik-di-indonesia-sensasi-pedas-menggugah-selera/index.html,https://bikinlaper.com/nama-mie-pedas-yang-unik-di-indonesia-sensasi-pedas-menggugah-selera/,20250807024435,text/html,154856,3f1453f50139f5debf882ddf5a32a59dccca9f313c8a1d542eab5c51b04d8175,https://web.archive.org/web/20250807024435id_/https://bikinlaper.com/nama-mie-pedas-yang-unik-di-indonesia-sensasi-pedas-menggugah-selera/,
cached,nama-mie-pedas-yang-unik-di-indonesia-sensasi-pedas-menggugah-selera/mie-gacoan-2/index.html,https://bikinlaper.com/nama-mie-pedas-yang-unik-di-indonesia-sensasi-pedas-menggugah-selera/mie-gacoan-2/,20250718235551,text/html,88163,92aecb156321f8a71b729913098d7796789d3da606c5dfe2da068d1b3a96dbc9,https://web.archive.org/web/20250718235551id_/https://bikinlaper.com/nama-mie-pedas-yang-unik-di-indonesia-sensasi-pedas-menggugah-selera/mie-gacoan-2/,
cached,nasi-bogana-kelezatan-tradisional-yang-memikat-lidah/feed.xml,https://bikinlaper.com/nasi-bogana-kelezatan-tradisional-yang-memikat-lidah/feed/,20231226141424,application/rss+xml,977,b0f7bc0477887239a761f6ee91dce97f0904ae293f92991e46253b35a32427b5,https://web.archive.org/web/20231226141424id_/https://bikinlaper.com/nasi-bogana-kelezatan-tradisional-yang-memikat-lidah/feed/,
cached,nasi-bogana-kelezatan-tradisional-yang-memikat-lidah/index.html,https://bikinlaper.com/nasi-bogana-kelezatan-tradisional-yang-memikat-lidah/,20250807043059,text/html,159252,4b504af07f7d1d3094c48aebc7258a93914e89dec6e5ecf3f604c8f8e102e034,https://web.archive.org/web/20250807043059id_/https://bikinlaper.com/nasi-bogana-kelezatan-tradisional-yang-memikat-lidah/,
cached,nasi-bogana-kelezatan-tradisional-yang-memikat-lidah/nasi-bogana/index.html,https://bikinlaper.com/nasi-bogana-kelezatan-tradisional-yang-memikat-lidah/nasi-bogana/,20250513034514,text/html,86957,c3c5ba6631d904c895064f6e8cda3b3288ffddcdaffc78546c8a85ada95ccadb,https://web.archive.org/web/20250513034514id_/https://bikinlaper.com/nasi-bogana-kelezatan-tradisional-yang-memikat-lidah/nasi-bogana/,
cached,nasi-cokot-eksplorasi-kelezatan-dan-cerita-di-balik-kuliner-tradisional-indonesia/index.html,https://bikinlaper.com/nasi-cokot-eksplorasi-kelezatan-dan-cerita-di-balik-kuliner-tradisional-indonesia/,20250807042555,text/html,151737,eba009fbc88455fe1af1b28e0eba14bfb2bc5eed439f099d2db1368ea68baf13,https://web.archive.org/web/20250807042555id_/https://bikinlaper.com/nasi-cokot-eksplorasi-kelezatan-dan-cerita-di-balik-kuliner-tradisional-indonesia/,
cached,nasi-cokot-eksplorasi-kelezatan-dan-cerita-di-balik-kuliner-tradisional-indonesia/nasi-cokot-viral-494859560/index.html,https://bikinlaper.com/nasi-cokot-eksplorasi-kelezatan-dan-cerita-di-balik-kuliner-tradisional-indonesia/nasi-cokot-viral-494859560/,20251007050248,text/html,89372,d6367a365aea0f844091a42977f0e5f0a63299609e831bbcf2cf22e5df8a6681,https://web.archive.org/web/20251007050248id_/https://bikinlaper.com/nasi-cokot-eksplorasi-kelezatan-dan-cerita-di-balik-kuliner-tradisional-indonesia/nasi-cokot-viral-494859560/,
cached,os-15-bons-sites-de-apostas-esportiva.bin,https://bikinlaper.com/os-15-bons-sites-de-apostas-esportiva/,20240918135920,unk,1524,6a9b911dad52e0440d0027a5d6d2f4f5fdd212eed7fc787f3ad01b583a41b448,https://web.archive.org/web/20240918135920id_/https://bikinlaper.com/os-15-bons-sites-de-apostas-esportiva/,
cached,page-sitemap.xml,https://bikinlaper.com/page-sitemap.xml,20241123173413,text/xml,8307,b3662239f5f9f2aada5804e86c72b9d09e84378bdd34cae76259cabf0fa8dcb2,https://web.archive.org/web/20241123173413id_/https://bikinlaper.com/page-sitemap.xml,
cached,page/10/index.html,https://bikinlaper.com/page/10/,20251009134135,text/html,239841,00cdfb7f701169c031d9fc131efe778aa1595a153445050a2357b245f5f24a87,https://web.archive.org/web/20251009134135id_/https://bikinlaper.com/page/10/,
cached,page/18/index.html,https://bikinlaper.com/page/18/,20250613123813,text/html,196485,cf42c74c74f4c72b4557a570d468e8a151d2bd5344d8a5600aa435cf3baa567e,https://web.archive.org/web/20250613123813id_/https://bikinlaper.com/page/18/,
cached,page/19/index.html,https://bikinlaper.com/page/19/,20250718222244,text/html,184718,68f6394d3b0591598a9ab4c388790c3aba157580fd7af6be1a68697e1586aba0,https://web.archive.org/web/20250718222244id_/https://bikinlaper.com/page/19/,
cached,page/2/index.html,https://bikinlaper.com/page/2/,20250421152456,text/html,212151,0f9945886919e091cf33283d572a1b671cfb8a179b8083facd38b1109d61322f,https://web.archive.org/web/20250421152456id_/https://bikinlaper.com/page/2/,
cached,page/20/index.html,https://bikinlaper.com/page/20/,20250916222910,text/html,201732,184f8329e706095c036f9ff0f2c4974e7216a63d6b735b594e4b3ea816e792b5,https://web.archive.org/web/20250916222910id_/https://bikinlaper.com/page/20/,
cached,page/22/index.html,https://bikinlaper.com/page/22/,20250916223023,text/html,205498,3f00b7b5fc077b134a20acee9137a37f77d4cf629effc809fd33ca99221f7ae5,https://web.archive.org/web/20250916223023id_/https://bikinlaper.com/page/22/,
cached,page/25.bin,https://bikinlaper.com/page/25/,20240918142534,unk,1558,a26043e4c46448b6c0b0b6529a98abe9bb8d5fd4f2e75fd9bb3253ab76d73614,https://web.archive.org/web/20240918142534id_/https://bikinlaper.com/page/25/,
cached,page/3/index.html,https://bikinlaper.com/page/3/,20250214005826,text/html,223317,a3984942ad2e64e4f6913730afeccddb2c5a916c192a0c6c220135100e099172,https://web.archive.org/web/20250214005826id_/https://bikinlaper.com/page/3/,
cached,page/4/index.html,https://bikinlaper.com/page/4/,20250718224439,text/html,228906,ebdce80594b0deeb57ebada0335a2df92dba9a94d7c3ae8ed54ad86b4cf9f7f5,https://web.archive.org/web/20250718224439id_/https://bikinlaper.com/page/4/,
cached,page/5/index.html,https://bikinlaper.com/page/5/,20250214014012,text/html,188518,a19959cb9fa385eb590f54414cf732fb372e6a5b28fdf2d79991a6e73eacf51a,https://web.archive.org/web/20250214014012id_/https://bikinlaper.com/page/5/,
cached,page/6/index.html,https://bikinlaper.com/page/6/,20250613133947,text/html,190199,373a56842aa1b5ce78a1cf49c3f7ce3ed59c4dba3981b7ab12a7edaa5667fdf1,https://web.archive.org/web/20250613133947id_/https://bikinlaper.com/page/6/,
cached,page/7/index.html,https://bikinlaper.com/page/7/,20250916232502,text/html,217177,34729c9a47c4456755d4fd3b5781213146dc938f473636f376a731565d83fcce,https://web.archive.org/web/20250916232502id_/https://bikinlaper.com/page/7/,
cached,page/8/index.html,https://bikinlaper.com/page/8/,20241106061127,text/html,254249,337b78370fa49406dc3f517834c9968b525a772a7f6fb5bf3a8d7cff62582e36,https://web.archive.org/web/20241106061127id_/https://bikinlaper.com/page/8/,
cached,page/9/index.html,https://bikinlaper.com/page/9/,20250718221853,text/html,241356,539986e6e41b2447cbd5a2de3e8137d65a644aa24799185df267c35ceee29693,https://web.archive.org/web/20250718221853id_/https://bikinlaper.com/page/9/,
cached,page/_queries/2__q_a0f1490a20.html,https://bikinlaper.com/page/2/?s,20250513041556,text/html,94000,9d847c417a655c09a06b5db278f473880f016695c5ede8949e1363865e124233,https://web.archive.org/web/20250513041556id_/https://bikinlaper.com/page/2/?s,
cached,page/_queries/3__q_a0f1490a20.html,https://bikinlaper.com/page/3/?s,20250513042905,text/html,93006,c141f4e8354b137d35444579de9e13c2f4185c007f19fba384ac3af9caa0fdb8,https://web.archive.org/web/20250513042905id_/https://bikinlaper.com/page/3/?s,
cached,page/_queries/47__q_a0f1490a20.html,https://bikinlaper.com/page/47/?s,20250513033615,text/html,82693,d786033f2c8b5ee7408c1bf09a5d57c68251090c2b0e2170be9a4254db5defc9,https://web.archive.org/web/20250513033615id_/https://bikinlaper.com/page/47/?s,
cached,page/_queries/4__q_a0f1490a20.html,https://bikinlaper.com/page/4/?s,20241106035635,text/html,94198,6e0d306d7836946413b140f055946da5bab73b7a3199779c4f698db45fbfd1c4,https://web.archive.org/web/20241106035635id_/https://bikinlaper.com/page/4/?s,
cached,page/_queries/5__q_a0f1490a20.html,https://bikinlaper.com/page/5/?s,20250513031650,text/html,95875,c1fae877558b8f0d54e4895f90ea16ae68bc1e03f0746f6ee4a1e0ba7754bdfd,https://web.archive.org/web/20250513031650id_/https://bikinlaper.com/page/5/?s,
cached,panduan-lengkap-cara-verifikasi-djki-franchise-di-indonesia/djki/index.html,https://bikinlaper.com/panduan-lengkap-cara-verifikasi-djki-franchise-di-indonesia/djki/,20251009151437,text/html,86770,238af66e3fa768ad08a5f1050a6739bd9d951d4c9cc9d2af7d2503c2e2986188,https://web.archive.org/web/20251009151437id_/https://bikinlaper.com/panduan-lengkap-cara-verifikasi-djki-franchise-di-indonesia/djki/,
cached,panduan-lengkap-cara-verifikasi-djki-franchise-di-indonesia/index.html,https://bikinlaper.com/panduan-lengkap-cara-verifikasi-djki-franchise-di-indonesia/,20251009143324,text/html,173385,feeff2499952f4cfb79c801f75e2cab1a48f9cde965fe89bc6e6190fb5624d0e,https://web.archive.org/web/20251009143324id_/https://bikinlaper.com/panduan-lengkap-cara-verifikasi-djki-franchise-di-indonesia/,
cached,panduan-lengkap-jasa-pembuatan-sistem-franchise/index.html,https://bikinlaper.com/panduan-lengkap-jasa-pembuatan-sistem-franchise/,20250916221759,text/html,123374,87b7ed27507989eb9ded45c66fa909e91ab6a107c3d76831d3da87d2ac1d103f,https://web.archive.org/web/20250916221759id_/https://bikinlaper.com/panduan-lengkap-jasa-pembuatan-sistem-franchise/,
cached,panduan-lengkap-jasa-pembuatan-sistem-franchise/logo-bisnis-naik-kelas-1/index.html,https://bikinlaper.com/panduan-lengkap-jasa-pembuatan-sistem-franchise/logo-bisnis-naik-kelas-1/,20250718230801,text/html,87566,527befd95962001e04b6beb888d501efd4724463bf9ed9109359563144bc0d85,https://web.archive.org/web/20250718230801id_/https://bikinlaper.com/panduan-lengkap-jasa-pembuatan-sistem-franchise/logo-bisnis-naik-kelas-1/,
cached,panduan-sukses-dalam-bisnis-franchise-cafe-mewujudkan-impian-anda/franchise-cafe/index.html,https://bikinlaper.com/panduan-sukses-dalam-bisnis-franchise-cafe-mewujudkan-impian-anda/franchise-cafe/,20250214005029,text/html,87716,208b8c2dea19a1abd7d37f40f721871320d5c8f8fdeececb6f5d50adbe5cfe14,https://web.archive.org/web/20250214005029id_/https://bikinlaper.com/panduan-sukses-dalam-bisnis-franchise-cafe-mewujudkan-impian-anda/franchise-cafe/,
cached,panduan-sukses-dalam-bisnis-franchise-cafe-mewujudkan-impian-anda/index.html,https://bikinlaper.com/panduan-sukses-dalam-bisnis-franchise-cafe-mewujudkan-impian-anda/,20251007045738,text/html,159037,fe92f27c90ab8b697cd8f02ffe3dd97734a33bba26a6188042ffc3622c2c4902,https://web.archive.org/web/20251007045738id_/https://bikinlaper.com/panduan-sukses-dalam-bisnis-franchise-cafe-mewujudkan-impian-anda/,
cached,pelopor-makanan-cepat-saji-tertua-di-dunia-menggali-sejarah-dan-keberlanjutan/index.html,https://bikinlaper.com/pelopor-makanan-cepat-saji-tertua-di-dunia-menggali-sejarah-dan-keberlanjutan/,20250214015055,text/html,162802,a35bbc259ae334b2b73234f93b81b18e6ee0fa7998b4f6e0811d63d8a93d12c0,https://web.archive.org/web/20250214015055id_/https://bikinlaper.com/pelopor-makanan-cepat-saji-tertua-di-dunia-menggali-sejarah-dan-keberlanjutan/,
cached,pelopor-makanan-cepat-saji-tertua-di-dunia-menggali-sejarah-dan-keberlanjutan/makanan-cepat-saji/index.html,https://bikinlaper.com/pelopor-makanan-cepat-saji-tertua-di-dunia-menggali-sejarah-dan-keberlanjutan/makanan-cepat-saji/,20251009151929,text/html,88243,5e10df27391e03806f8706a84ca487f9b6c0152c97988ad85d3dc6d7a4bf097a,https://web.archive.org/web/20251009151929id_/https://bikinlaper.com/pelopor-makanan-cepat-saji-tertua-di-dunia-menggali-sejarah-dan-keberlanjutan/makanan-cepat-saji/,
cached,peluang-usaha-bisnis-kuliner/01gkv52d9vd4wy0sa4qatgf8b2/index.html,https://bikinlaper.com/peluang-usaha-bisnis-kuliner/01gkv52d9vd4wy0sa4qatgf8b2/,20251009140131,text/html,84677,a10d8ca6b75cf4e198f80ccd487e596d7659de13e18dc390b8e091f5b9e0fd25,https://web.archive.org/web/20251009140131id_/https://bikinlaper.com/peluang-usaha-bisnis-kuliner/01gkv52d9vd4wy0sa4qatgf8b2/,
cached,peluang-usaha-bisnis-kuliner/abuba-steak/index.html,https://bikinlaper.com/peluang-usaha-bisnis-kuliner/abuba-steak/,20251007053223,text/html,83886,8aa1fbc29e1cc319f29ecbe89ba643362880d2633023cfe163e721b1d27cc684,https://web.archive.org/web/20251007053223id_/https://bikinlaper.com/peluang-usaha-bisnis-kuliner/abuba-steak/,
cached,peluang-usaha-bisnis-kuliner/alfamart/index.html,https://bikinlaper.com/peluang-usaha-bisnis-kuliner/alfamart/,20250114015235,text/html,83830,cb5901079cb772a9319c367f556117f5ca62c3e920e23d62ab4a7553d0646c6e,https://web.archive.org/web/20250114015235id_/https://bikinlaper.com/peluang-usaha-bisnis-kuliner/alfamart/,
cached,peluang-usaha-bisnis-kuliner/arrabica/index.html,https://bikinlaper.com/peluang-usaha-bisnis-kuliner/arrabica/,20251007064321,text/html,83623,7f20ea223fdc6a28be275eb9450d7fa6c79a012d0f329f48cebb2e8b90e1dbe1,https://web.archive.org/web/20251007064321id_/https://bikinlaper.com/peluang-usaha-bisnis-kuliner/arrabica/,
cached,peluang-usaha-bisnis-kuliner/barbertopia/index.html,https://bikinlaper.com/peluang-usaha-bisnis-kuliner/barbertopia/,20251007064647,text/html,83779,7662d00404015cb93f9f0c486d9f1219dc82d11919b33ac2c17595133dabaf11,https://web.archive.org/web/20251007064647id_/https://bikinlaper.com/peluang-usaha-bisnis-kuliner/barbertopia/,
cached,peluang-usaha-bisnis-kuliner/captain/index.html,https://bikinlaper.com/peluang-usaha-bisnis-kuliner/captain/,20251007053507,text/html,83571,c8f03468a208fee4b938c5269477390fa04c2a6ac9cc66755d0bf9d170df986a,https://web.archive.org/web/20251007053507id_/https://bikinlaper.com/peluang-usaha-bisnis-kuliner/captain/,
cached,peluang-usaha-bisnis-kuliner/chat-time/index.html,https://bikinlaper.com/peluang-usaha-bisnis-kuliner/chat-time/,20250916222309,text/html,83683,80a5471d0578cf5ce61164dbd89e36fde6d9348074e7358a6cfecd088f5279f7,https://web.archive.org/web/20250916222309id_/https://bikinlaper.com/peluang-usaha-bisnis-kuliner/chat-time/,
cached,peluang-usaha-bisnis-kuliner/dumdum/index.html,https://bikinlaper.com/peluang-usaha-bisnis-kuliner/dumdum/,20250807035404,text/html,83525,12010451ca4f1b8d0c5156e30e0873afca2d4b38059e630bbaefcb442c50ae3f,https://web.archive.org/web/20250807035404id_/https://bikinlaper.com/peluang-usaha-bisnis-kuliner/dumdum/,
cached,peluang-usaha-bisnis-kuliner/estea/index.html,https://bikinlaper.com/peluang-usaha-bisnis-kuliner/estea/,20251007045319,text/html,83467,35a652173ad4a99887fe3999d89107a5ef7065d61a6c30f44a6d8df22276d37c,https://web.archive.org/web/20251007045319id_/https://bikinlaper.com/peluang-usaha-bisnis-kuliner/estea/,
cached,peluang-usaha-bisnis-kuliner/family-mart/index.html,https://bikinlaper.com/peluang-usaha-bisnis-kuliner/family-mart/,20251009151543,text/html,83783,c40670e03273dd4ed02c53cfd57e070ee77ddaa91c8ced2cd1cba74fdc189afe,https://web.archive.org/web/20251009151543id_/https://bikinlaper.com/peluang-usaha-bisnis-kuliner/family-mart/,
cached,peluang-usaha-bisnis-kuliner/franchise-kharisma-1-1024x576-1006797488-1/index.html,https://bikinlaper.com/peluang-usaha-bisnis-kuliner/franchise-kharisma-1-1024x576-1006797488-1/,20250513032955,text/html,86136,9fc7830a21a651592ecac412ae8f1855db8f0636649627c535104b107df41381,https://web.archive.org/web/20250513032955id_/https://bikinlaper.com/peluang-usaha-bisnis-kuliner/franchise-kharisma-1-1024x576-1006797488-1/,
cached,peluang-usaha-bisnis-kuliner/haus/index.html,https://bikinlaper.com/peluang-usaha-bisnis-kuliner/haus/,20251009140823,text/html,83415,a327b5fec483f40e05886fbb6ffed25573ba8e84caf3e520781d853ce188697a,https://web.archive.org/web/20251009140823id_/https://bikinlaper.com/peluang-usaha-bisnis-kuliner/haus/,
cached,peluang-usaha-bisnis-kuliner/index.html,https://bikinlaper.com/peluang-usaha-bisnis-kuliner/,20250916231915,text/html,220720,b8c6b898e7ffbea00ca2c6484fbf29a67c7bfea2f210c1049f9ff7cbf17fc20b,https://web.archive.org/web/20250916231915id_/https://bikinlaper.com/peluang-usaha-bisnis-kuliner/,
cached,peluang-usaha-bisnis-kuliner/indomaret/index.html,https://bikinlaper.com/peluang-usaha-bisnis-kuliner/indomaret/,20251007063613,text/html,83679,88641d303682304f175b89644b2cc8e547ef0ca2607e2d65fbc35aee8100c499,https://web.archive.org/web/20251007063613id_/https://bikinlaper.com/peluang-usaha-bisnis-kuliner/indomaret/,
cached,peluang-usaha-bisnis-kuliner/indoramet-2/index.html,https://bikinlaper.com/peluang-usaha-bisnis-kuliner/indoramet-2/,20251009135902,text/html,83749,d9dce94659c9c76b1b1f69ca232d1a81bb8bd734c30bf5a71602710cc935ad28,https://web.archive.org/web/20251009135902id_/https://bikinlaper.com/peluang-usaha-bisnis-kuliner/indoramet-2/,
cached,peluang-usaha-bisnis-kuliner/indoramet/index.html,https://bikinlaper.com/peluang-usaha-bisnis-kuliner/indoramet/,20251007052759,text/html,83679,f2f61ac117ddae121d1442dcc0646f17e24892cf05b4fb85e13615cc699f1844,https://web.archive.org/web/20251007052759id_/https://bikinlaper.com/peluang-usaha-bisnis-kuliner/indoramet/,
cached,peluang-usaha-bisnis-kuliner/kopi-dari-hati/index.html,https://bikinlaper.com/peluang-usaha-bisnis-kuliner/kopi-dari-hati/,20251009151044,text/html,83935,7df76a6008cb029239de0b254654c2f1681b605257121fecad01eab765a18eab,https://web.archive.org/web/20251009151044id_/https://bikinlaper.com/peluang-usaha-bisnis-kuliner/kopi-dari-hati/,
cached,peluang-usaha-bisnis-kuliner/kopi-sewindu/index.html,https://bikinlaper.com/peluang-usaha-bisnis-kuliner/kopi-sewindu/,20251009134901,text/html,83831,b9e46149238dad98d68e6be32cb7fbf9ae0efd9342b5a7ea7627cef154826206,https://web.archive.org/web/20251009134901id_/https://bikinlaper.com/peluang-usaha-bisnis-kuliner/kopi-sewindu/,
cached,peluang-usaha-bisnis-kuliner/kopi-tuku/index.html,https://bikinlaper.com/peluang-usaha-bisnis-kuliner/kopi-tuku/,20251007051059,text/html,83675,1262f339db2bde95695b60a12fb56dcddc01b1a0bb14e3fa8979e86d6f1ef97d,https://web.archive.org/web/20251007051059id_/https://bikinlaper.com/peluang-usaha-bisnis-kuliner/kopi-tuku/,
cached,peluang-usaha-bisnis-kuliner/pagi-sore/index.html,https://bikinlaper.com/peluang-usaha-bisnis-kuliner/pagi-sore/,20251007060256,text/html,83675,9e8b3a2f0a642fa1cd0fcf12dbb20a9d8877b352efb6c531d24d2023f4680c1d,https://web.archive.org/web/20251007060256id_/https://bikinlaper.com/peluang-usaha-bisnis-kuliner/pagi-sore/,
cached,peluang-usaha-bisnis-kuliner/raja-cukur/index.html,https://bikinlaper.com/peluang-usaha-bisnis-kuliner/raja-cukur/,20250421135430,text/html,83727,0793ba1e01f61c87838e1a953ceb982ab935e45248be5524581d38b761716fea,https://web.archive.org/web/20250421135430id_/https://bikinlaper.com/peluang-usaha-bisnis-kuliner/raja-cukur/,
cached,peluang-usaha-bisnis-kuliner/rindu-minang/index.html,https://bikinlaper.com/peluang-usaha-bisnis-kuliner/rindu-minang/,20250613122147,text/html,83831,1289eff16723e0fda99c142774f29d2aa922186c9d9c70268d4375c00e7fc0bc,https://web.archive.org/web/20250613122147id_/https://bikinlaper.com/peluang-usaha-bisnis-kuliner/rindu-minang/,
cached,peluang-usaha-bisnis-kuliner/rm-pagi-sore/index.html,https://bikinlaper.com/peluang-usaha-bisnis-kuliner/rm-pagi-sore/,20250114205103,text/html,84050,ee219a083177d0ad8f56b9850123051050e5cdd0042eb30d8b67dd4a01a519d9,https://web.archive.org/web/20250114205103id_/https://bikinlaper.com/peluang-usaha-bisnis-kuliner/rm-pagi-sore/,
cached,peluang-usaha-bisnis-kuliner/sambal-bakar/index.html,https://bikinlaper.com/peluang-usaha-bisnis-kuliner/sambal-bakar/,20251009141440,text/html,83831,4ab890e48eba415cca2fa7ea0022c74f1ae68d2e1566dd885ed94db2deb8427a,https://web.archive.org/web/20251009141440id_/https://bikinlaper.com/peluang-usaha-bisnis-kuliner/sambal-bakar/,
cached,peluang-usaha-bisnis-kuliner/sambel-bakar-qjum9yi85mvhbxpkp348o37sskqkqyvvqx8hke19cw/index.html,https://bikinlaper.com/peluang-usaha-bisnis-kuliner/sambel-bakar-qjum9yi85mvhbxpkp348o37sskqkqyvvqx8hke19cw/,20251007062958,text/html,86067,624b3347ba391bd96a043f9aa20bbfc158d91aa91f41487aac26c69b7a41fe91,https://web.archive.org/web/20251007062958id_/https://bikinlaper.com/peluang-usaha-bisnis-kuliner/sambel-bakar-qjum9yi85mvhbxpkp348o37sskqkqyvvqx8hke19cw/,
cached,peluang-usaha-bisnis-kuliner/sederhana-qjulgferg0g6kyls4tl6u1hgxsafxangorebsftiu8/index.html,https://bikinlaper.com/peluang-usaha-bisnis-kuliner/sederhana-qjulgferg0g6kyls4tl6u1hgxsafxangorebsftiu8/,20251009151116,text/html,85911,027725dc1cb27f3cbf588d5d28ae78b01ec34b0802c0c00a9a8ad2e0b56884f7,https://web.archive.org/web/20251009151116id_/https://bikinlaper.com/peluang-usaha-bisnis-kuliner/sederhana-qjulgferg0g6kyls4tl6u1hgxsafxangorebsftiu8/,
cached,peluang-usaha-bisnis-kuliner/sederhana/index.html,https://bikinlaper.com/peluang-usaha-bisnis-kuliner/sederhana/,20251009140348,text/html,83675,4f9edd00857c97a210baa2575455b29d13b6bed0be623379166c09c89229f502,https://web.archive.org/web/20251009140348id_/https://bikinlaper.com/peluang-usaha-bisnis-kuliner/sederhana/,
cached,peluang-usaha-bisnis-kuliner/selera-sambal/index.html,https://bikinlaper.com/peluang-usaha-bisnis-kuliner/selera-sambal/,20251007061054,text/html,83883,38efed2109c6dad353dc2ea150d5f98be720a12736c1c291a1bfb3f0350d3ee8,https://web.archive.org/web/20251007061054id_/https://bikinlaper.com/peluang-usaha-bisnis-kuliner/selera-sambal/,
cached,peluang-usaha-bisnis-kuliner/special-sambal-qjumaehhdthctb2d3s0wch6mw4jtdtnbh4bqq3dkf4/index.html,https://bikinlaper.com/peluang-usaha-bisnis-kuliner/special-sambal-qjumaehhdthctb2d3s0wch6mw4jtdtnbh4bqq3dkf4/,20251007060600,text/html,86171,8bb24242b0bfaaaa7135f2c0763e9d0f7f0fd908727ea34ae753de943f2892b9,https://web.archive.org/web/20251007060600id_/https://bikinlaper.com/peluang-usaha-bisnis-kuliner/special-sambal-qjumaehhdthctb2d3s0wch6mw4jtdtnbh4bqq3dkf4/,
cached,peluang-usaha-bisnis-kuliner/special-sambel/index.html,https://bikinlaper.com/peluang-usaha-bisnis-kuliner/special-sambel/,20250916221556,text/html,83935,faaa63502132554f71fbb6febb9be17c5dca80e5035b7afe7caf0c3398c7b07b,https://web.archive.org/web/20250916221556id_/https://bikinlaper.com/peluang-usaha-bisnis-kuliner/special-sambel/,
cached,peluang-usaha-bisnis-kuliner/steak-21/index.html,https://bikinlaper.com/peluang-usaha-bisnis-kuliner/steak-21/,20251007064435,text/html,83627,1f68ddb209cf936d9a3d9e6b25f21b09464ca576c7dc8888af2902ff5d3d34c8,https://web.archive.org/web/20251007064435id_/https://bikinlaper.com/peluang-usaha-bisnis-kuliner/steak-21/,
cached,peluang-usaha-bisnis-kuliner/steak-abuba/index.html,https://bikinlaper.com/peluang-usaha-bisnis-kuliner/steak-abuba/,20251009133913,text/html,83779,3e19d9cae8d73ecae736484299f09862b1bce2abd146d85d7700b8b09c88bfec,https://web.archive.org/web/20251009133913id_/https://bikinlaper.com/peluang-usaha-bisnis-kuliner/steak-abuba/,
cached,peluang-usaha-bisnis-kuliner/teman-nongkrong/index.html,https://bikinlaper.com/peluang-usaha-bisnis-kuliner/teman-nongkrong/,20251009142757,text/html,83987,8433c11b2f48161bb8f14392585545398fdf12ec3f0d218c947618ae070b00f9,https://web.archive.org/web/20251009142757id_/https://bikinlaper.com/peluang-usaha-bisnis-kuliner/teman-nongkrong/,
cached,peluang-usaha-bisnis-kuliner/tomorro/index.html,https://bikinlaper.com/peluang-usaha-bisnis-kuliner/tomorro/,20251009135134,text/html,83561,a812c31119cc224173154ccd40faad37f22d4536ec0c392d38fdeafb22459302,https://web.archive.org/web/20251009135134id_/https://bikinlaper.com/peluang-usaha-bisnis-kuliner/tomorro/,
cached,peluang-usaha-bisnis-kuliner/tukku/index.html,https://bikinlaper.com/peluang-usaha-bisnis-kuliner/tukku/,20251007044505,text/html,83467,56babf2b0d7a0fd5a70cce9d97ad861cf6f6b0ac7cea291c672df28191a701be,https://web.archive.org/web/20251007044505id_/https://bikinlaper.com/peluang-usaha-bisnis-kuliner/tukku/,
cached,peluang-usaha-bisnis-kuliner/warkop-naik-kelas/index.html,https://bikinlaper.com/peluang-usaha-bisnis-kuliner/warkop-naik-kelas/,20251009144732,text/html,84091,ab1e23f4628754435fdc5a832af35800e725fd68bcd180cf782ac23075dd1984,https://web.archive.org/web/20251009144732id_/https://bikinlaper.com/peluang-usaha-bisnis-kuliner/warkop-naik-kelas/,
cached,peluang-usaha-bisnis-kuliner/waroeng-steak-2/index.html,https://bikinlaper.com/peluang-usaha-bisnis-kuliner/waroeng-steak-2/,20251007054542,text/html,83945,ba9f130fceff2789265ac32ea4e1d407c2b8c6983d9a0f9d1831e947c7c9f78b,https://web.archive.org/web/20251007054542id_/https://bikinlaper.com/peluang-usaha-bisnis-kuliner/waroeng-steak-2/,
cached,peluang-usaha-bisnis-kuliner/xiboba-qgn7vp4p42w2hlfew7elt3foawd887yie9gbqbk3vk/index.html,https://bikinlaper.com/peluang-usaha-bisnis-kuliner/xiboba-qgn7vp4p42w2hlfew7elt3foawd887yie9gbqbk3vk/,20251007045443,text/html,85756,7697e49138246341b9fc3dcba50e9079e4a31967c3530394cc9df0d2c93fc03c,https://web.archive.org/web/20251007045443id_/https://bikinlaper.com/peluang-usaha-bisnis-kuliner/xiboba-qgn7vp4p42w2hlfew7elt3foawd887yie9gbqbk3vk/,
cached,peluang-usaha-bisnis-kuliner/xiboba/index.html,https://bikinlaper.com/peluang-usaha-bisnis-kuliner/xiboba/,20251009140716,text/html,83523,448e2b37259ee2744afe4c21c4601d844d915d9e45a8a86c8f514a4d9040e259,https://web.archive.org/web/20251009140716id_/https://bikinlaper.com/peluang-usaha-bisnis-kuliner/xiboba/,
cached,peluang-usaha-kuliner/index.html,https://bikinlaper.com/peluang-usaha-kuliner/,20240305015531,text/html,1397,fb7c09a8e954ea17ce64d2a8f9a8a20720d456c76f2ff931381be12c75efdafb,https://web.archive.org/web/20240305015531id_/https://bikinlaper.com/peluang-usaha-kuliner/,
cached,pengalaman-menjalani-bisnis-franchise-warteg-sukses-tantangan-dan-tips/feed.xml,https://bikinlaper.com/pengalaman-menjalani-bisnis-franchise-warteg-sukses-tantangan-dan-tips/feed/,20231211145736,application/rss+xml,1051,7d73d01ac0cd821ffb749a5e05f43b6bdbc203c4067ab4295e3dc23d761b13d8,https://web.archive.org/web/20231211145736id_/https://bikinlaper.com/pengalaman-menjalani-bisnis-franchise-warteg-sukses-tantangan-dan-tips/feed/,
cached,pengalaman-menjalani-bisnis-franchise-warteg-sukses-tantangan-dan-tips/index.html,https://bikinlaper.com/pengalaman-menjalani-bisnis-franchise-warteg-sukses-tantangan-dan-tips/,20251009145446,text/html,169093,40cd7b75e0eed07ee12e6335e514828c1e291bdfff109bf5b67d0694f6248a67,https://web.archive.org/web/20251009145446id_/https://bikinlaper.com/pengalaman-menjalani-bisnis-franchise-warteg-sukses-tantangan-dan-tips/,
cached,pengalaman-menjalani-bisnis-franchise-warteg-sukses-tantangan-dan-tips/warteg-bahari/index.html,https://bikinlaper.com/pengalaman-menjalani-bisnis-franchise-warteg-sukses-tantangan-dan-tips/warteg-bahari/,20251007054217,text/html,87725,6c297235bfeedd1692cebf353ec50427204138f2a0cb2e75a96166be2cf643aa,https://web.archive.org/web/20251007054217id_/https://bikinlaper.com/pengalaman-menjalani-bisnis-franchise-warteg-sukses-tantangan-dan-tips/warteg-bahari/,
cached,pengalaman-unik-berkunjung-ke-breezy-cafe-rumah-perubahan/index.html,https://bikinlaper.com/pengalaman-unik-berkunjung-ke-breezy-cafe-rumah-perubahan/,20251009135519,text/html,153695,9d8bcc845b57c3efef5abca34651c0eb417eec1db00522eec5f2109712a40bdf,https://web.archive.org/web/20251009135519id_/https://bikinlaper.com/pengalaman-unik-berkunjung-ke-breezy-cafe-rumah-perubahan/,
cached,pengalaman-unik-berkunjung-ke-breezy-cafe-rumah-perubahan/review-breezy-cafe/index.html,https://bikinlaper.com/pengalaman-unik-berkunjung-ke-breezy-cafe-rumah-perubahan/review-breezy-cafe/,20250421152442,text/html,88179,29cc521a464cfd0ed72d06591f04990fb7b55f9bc0168a004e946de1abe30f61,https://web.archive.org/web/20250421152442id_/https://bikinlaper.com/pengalaman-unik-berkunjung-ke-breezy-cafe-rumah-perubahan/review-breezy-cafe/,
cached,penggunaan-teknologi-digital-untuk-franchise-makanan/index.html,https://bikinlaper.com/penggunaan-teknologi-digital-untuk-franchise-makanan/,20251009142912,text/html,155206,1766d251300d8478af37d71b17d1196ef95536299d9b46d8f51b9342ab8be75d,https://web.archive.org/web/20251009142912id_/https://bikinlaper.com/penggunaan-teknologi-digital-untuk-franchise-makanan/,
cached,post-sitemap.xml,https://bikinlaper.com/post-sitemap.xml,20241122061354,text/xml,85363,0ad4319d45e4c82d87c7a9c5a5a8a3e0b4c1316df417904bfb6e92cc80da695e,https://web.archive.org/web/20241122061354id_/https://bikinlaper.com/post-sitemap.xml,
cached,post_tag-sitemap.xml,https://bikinlaper.com/post_tag-sitemap.xml,20241122061029,text/xml,13392,6649904ca6fe9dca68e1eab1f820e6fff26e1ae769657002b4b6f882b5966b57,https://web.archive.org/web/20241122061029id_/https://bikinlaper.com/post_tag-sitemap.xml,
cached,prediksi-keuangan-gemini-untuk-2-juli-2024-menuju-stabilitas-dan-peluang-baru/image1-12/index.html,https://bikinlaper.com/prediksi-keuangan-gemini-untuk-2-juli-2024-menuju-stabilitas-dan-peluang-baru/image1-12/,20250421142932,text/html,88671,d2c41d6ed74b5b1d7900a5aaffb7132154bbf651f0a4ee36ec850be1df800e77,https://web.archive.org/web/20250421142932id_/https://bikinlaper.com/prediksi-keuangan-gemini-untuk-2-juli-2024-menuju-stabilitas-dan-peluang-baru/image1-12/,
cached,prediksi-keuangan-gemini-untuk-2-juli-2024-menuju-stabilitas-dan-peluang-baru/index.html,https://bikinlaper.com/prediksi-keuangan-gemini-untuk-2-juli-2024-menuju-stabilitas-dan-peluang-baru/,20250718230917,text/html,125310,1cf7a7c167a8ba9d6b8e01e1f9f6665543dc5262698961b0f5efaded0c7953f2,https://web.archive.org/web/20250718230917id_/https://bikinlaper.com/prediksi-keuangan-gemini-untuk-2-juli-2024-menuju-stabilitas-dan-peluang-baru/,
cached,prospek-cerah-usaha-warteg-di-indonesia/index.html,https://bikinlaper.com/prospek-cerah-usaha-warteg-di-indonesia/,20251009141113,text/html,151938,dcb8bf5ebab3643f28dc57cf64b160ab9582c890161e1161ea16ab283549df29,https://web.archive.org/web/20251009141113id_/https://bikinlaper.com/prospek-cerah-usaha-warteg-di-indonesia/,
cached,prospek-usaha-kuliner-peluang-dan-tantangan-dalam-industri-kuliner/index.html,https://bikinlaper.com/prospek-usaha-kuliner-peluang-dan-tantangan-dalam-industri-kuliner/,20251007051140,text/html,156763,4b36c076fcf3b5227169403c68ea674d1e3f5a93b34b707f5f4bb45e3ec0ab1f,https://web.archive.org/web/20251007051140id_/https://bikinlaper.com/prospek-usaha-kuliner-peluang-dan-tantangan-dalam-industri-kuliner/,
cached,rahasia-kelezatan-perkedel-kentang-resep-dan-cara-membuatnya/index.html,https://bikinlaper.com/rahasia-kelezatan-perkedel-kentang-resep-dan-cara-membuatnya/,20251009142408,text/html,122365,0d2617e6ddef749aaab34d45ea537471ae862cbb10b038cda3661cb6085829b6,https://web.archive.org/web/20251009142408id_/https://bikinlaper.com/rahasia-kelezatan-perkedel-kentang-resep-dan-cara-membuatnya/,
cached,rahasia-kelezatan-perkedel-kentang-resep-dan-cara-membuatnya/resep_perkedel_kentang_daging-width-800/index.html,https://bikinlaper.com/rahasia-kelezatan-perkedel-kentang-resep-dan-cara-membuatnya/resep_perkedel_kentang_daging-width-800/,20250718221051,text/html,89452,2a0ef3c7fe3460c66b172541942c41ce973737558b7165af2aa3835ba815ed55,https://web.archive.org/web/20250718221051id_/https://bikinlaper.com/rahasia-kelezatan-perkedel-kentang-resep-dan-cara-membuatnya/resep_perkedel_kentang_daging-width-800/,
cached,rahasia-kesuksesan-cara-cepat-cuan-dalam-bisnis-franchise/index.html,https://bikinlaper.com/rahasia-kesuksesan-cara-cepat-cuan-dalam-bisnis-franchise/,20251009143958,text/html,151561,5b26d4caf2aabd5d483e3f55c0da86eb59f3a6e72969a37491179048e11654af,https://web.archive.org/web/20251009143958id_/https://bikinlaper.com/rahasia-kesuksesan-cara-cepat-cuan-dalam-bisnis-franchise/,
cached,rahasia-sukses-panduan-lengkap-cara-membuat-martabak-lezat-di-rumah/index.html,https://bikinlaper.com/rahasia-sukses-panduan-lengkap-cara-membuat-martabak-lezat-di-rumah/,20251009151911,text/html,151605,8cdd3b0511fe827a9438367c6d925e0d7f8bb6037072b4323fbe24ad27619d69,https://web.archive.org/web/20251009151911id_/https://bikinlaper.com/rahasia-sukses-panduan-lengkap-cara-membuat-martabak-lezat-di-rumah/,
cached,rahasia-sukses-panduan-lengkap-cara-membuat-martabak-lezat-di-rumah/martabak/index.html,https://bikinlaper.com/rahasia-sukses-panduan-lengkap-cara-membuat-martabak-lezat-di-rumah/martabak/,20250613125936,text/html,87256,4008a29a5e0c8158d630db952fe04582ed341e6c157899102263a7c5ee130dda,https://web.archive.org/web/20250613125936id_/https://bikinlaper.com/rahasia-sukses-panduan-lengkap-cara-membuat-martabak-lezat-di-rumah/martabak/,
cached,raih-sukses-bisnis-kuliner-dengan-franchise-shihlin-peluang-dan-keuntungan-yang-menggiurkan/index.html,https://bikinlaper.com/raih-sukses-bisnis-kuliner-dengan-franchise-shihlin-peluang-dan-keuntungan-yang-menggiurkan/,20251007062141,text/html,152970,57948bb45e1f7eb547fc2771fa8ab34474680cf35fe817d8ba88e84b09ca43db,https://web.archive.org/web/20251007062141id_/https://bikinlaper.com/raih-sukses-bisnis-kuliner-dengan-franchise-shihlin-peluang-dan-keuntungan-yang-menggiurkan/,
cached,raih-sukses-bisnis-kuliner-dengan-franchise-shihlin-peluang-dan-keuntungan-yang-menggiurkan/shihlin/index.html,https://bikinlaper.com/raih-sukses-bisnis-kuliner-dengan-franchise-shihlin-peluang-dan-keuntungan-yang-menggiurkan/shihlin/,20251007052257,text/html,87939,b4b2d3ec9dcee494b5569ce3cdea19431e3c3174c18a5122faf9ec180ec7978f,https://web.archive.org/web/20251007052257id_/https://bikinlaper.com/raih-sukses-bisnis-kuliner-dengan-franchise-shihlin-peluang-dan-keuntungan-yang-menggiurkan/shihlin/,
cached,ramen-seirock-gandaria-city-petualangan-kuliner-ke-keunggulan-kulinari-jepang/657da67d37c7f-ramen-seirock-ya/index.html,https://bikinlaper.com/ramen-seirock-gandaria-city-petualangan-kuliner-ke-keunggulan-kulinari-jepang/657da67d37c7f-ramen-seirock-ya/,20250513040611,text/html,88653,f8d2017fc9a8ce4f550b4fdbdad89f5ff29cacf274d05800713af8cb6685b828,https://web.archive.org/web/20250513040611id_/https://bikinlaper.com/ramen-seirock-gandaria-city-petualangan-kuliner-ke-keunggulan-kulinari-jepang/657da67d37c7f-ramen-seirock-ya/,
cached,ramen-seirock-gandaria-city-petualangan-kuliner-ke-keunggulan-kulinari-jepang/index.html,https://bikinlaper.com/ramen-seirock-gandaria-city-petualangan-kuliner-ke-keunggulan-kulinari-jepang/,20250421144424,text/html,171005,b56fcb998e3662b107e344eae732544616f1714c8e1828a5a17b046ce865c753,https://web.archive.org/web/20250421144424id_/https://bikinlaper.com/ramen-seirock-gandaria-city-petualangan-kuliner-ke-keunggulan-kulinari-jepang/,
cached,ramen-seirock-gandaria-city-petualangan-kuliner-ke-keunggulan-kulinari-jepang/ramen-seirock-ya-aeon/index.html,https://bikinlaper.com/ramen-seirock-gandaria-city-petualangan-kuliner-ke-keunggulan-kulinari-jepang/ramen-seirock-ya-aeon/,20251009145552,text/html,88302,c3525445f24f845a3ac2d26d39737fe8470dbe463a3f534f0234651741c2859d,https://web.archive.org/web/20251009145552id_/https://bikinlaper.com/ramen-seirock-gandaria-city-petualangan-kuliner-ke-keunggulan-kulinari-jepang/ramen-seirock-ya-aeon/,
cached,ramen-seirock-gandaria-city-petualangan-kuliner-ke-keunggulan-kulinari-jepang/ramen-seirock-ya/index.html,https://bikinlaper.com/ramen-seirock-gandaria-city-petualangan-kuliner-ke-keunggulan-kulinari-jepang/ramen-seirock-ya/,20251007060634,text/html,88127,c5348fa5fde6b2a2167da0c9ae5daa283d940ef4047efa8474dd2fcc2cf68685,https://web.archive.org/web/20251007060634id_/https://bikinlaper.com/ramen-seirock-gandaria-city-petualangan-kuliner-ke-keunggulan-kulinari-jepang/ramen-seirock-ya/,
cached,ramen-seirock-gandaria-city-petualangan-kuliner-ke-keunggulan-kulinari-jepang/screenshot_6/index.html,https://bikinlaper.com/ramen-seirock-gandaria-city-petualangan-kuliner-ke-keunggulan-kulinari-jepang/screenshot_6/,20251007054936,text/html,87787,9519d5ccf2fee126ba880f0c259e8a747923ad8bf45799d5fcd80143329e7143,https://web.archive.org/web/20251007054936id_/https://bikinlaper.com/ramen-seirock-gandaria-city-petualangan-kuliner-ke-keunggulan-kulinari-jepang/screenshot_6/,
cached,ramen-seirock-gandaria-city-petualangan-kuliner-ke-keunggulan-kulinari-jepang/screenshot_7/index.html,https://bikinlaper.com/ramen-seirock-gandaria-city-petualangan-kuliner-ke-keunggulan-kulinari-jepang/screenshot_7/,20250513031510,text/html,88536,ac909bb7d73b0b1ddb730e8bf33a409830b334ab4a99cd1c767e52c10b5b274d,https://web.archive.org/web/20250513031510id_/https://bikinlaper.com/ramen-seirock-gandaria-city-petualangan-kuliner-ke-keunggulan-kulinari-jepang/screenshot_7/,
cached,rasakan-kelezatan-kuliner-probolinggo-eksplorasi-kuliner-yang-menggugah-selera-di-ujung-timur-jawa/feed.xml,https://bikinlaper.com/rasakan-kelezatan-kuliner-probolinggo-eksplorasi-kuliner-yang-menggugah-selera-di-ujung-timur-jawa/feed/,20240123090721,application/rss+xml,1161,e6428dcb3c2a52da10618de5df1f2bf7c0d6f676e8af98b413f79ca53bba3b96,https://web.archive.org/web/20240123090721id_/https://bikinlaper.com/rasakan-kelezatan-kuliner-probolinggo-eksplorasi-kuliner-yang-menggugah-selera-di-ujung-timur-jawa/feed/,
cached,rasakan-kelezatan-kuliner-probolinggo-eksplorasi-kuliner-yang-menggugah-selera-di-ujung-timur-jawa/index.html,https://bikinlaper.com/rasakan-kelezatan-kuliner-probolinggo-eksplorasi-kuliner-yang-menggugah-selera-di-ujung-timur-jawa/,20250214011126,text/html,161408,6711b8182499e4e71411f2d5af57a57ad7463db4456977280905adb951de1bf1,https://web.archive.org/web/20250214011126id_/https://bikinlaper.com/rasakan-kelezatan-kuliner-probolinggo-eksplorasi-kuliner-yang-menggugah-selera-di-ujung-timur-jawa/,
cached,rasakan-kelezatan-kuliner-probolinggo-eksplorasi-kuliner-yang-menggugah-selera-di-ujung-timur-jawa/kuliner-probolinggo/index.html,https://bikinlaper.com/rasakan-kelezatan-kuliner-probolinggo-eksplorasi-kuliner-yang-menggugah-selera-di-ujung-timur-jawa/kuliner-probolinggo/,20250217093640,text/html,12361,45c6c6dcb5303c0fb8237f6e7566422375531414712e5cb475065d870db451e2,https://web.archive.org/web/20250217093640id_/https://bikinlaper.com/rasakan-kelezatan-kuliner-probolinggo-eksplorasi-kuliner-yang-menggugah-selera-di-ujung-timur-jawa/kuliner-probolinggo/,
cached,rekomendasi-franchise-warteg-modern-yang-ada-di-indonesia/index.html,https://bikinlaper.com/rekomendasi-franchise-warteg-modern-yang-ada-di-indonesia/,20251007054410,text/html,150556,bfb406a163343f7a144bdc7b60f65ef39bd70909ff3aa0f4c522a5a79b86402b,https://web.archive.org/web/20251007054410id_/https://bikinlaper.com/rekomendasi-franchise-warteg-modern-yang-ada-di-indonesia/,
cached,rekomendasi-jajanan-unik-1/feed.xml,https://bikinlaper.com/rekomendasi-jajanan-unik-1/feed/,20231211154239,application/rss+xml,872,f1f2a61da98d2bcde3d698a249d49fc3439490d1ae029c278f8a8fdb3793c2b4,https://web.archive.org/web/20231211154239id_/https://bikinlaper.com/rekomendasi-jajanan-unik-1/feed/,
cached,rekomendasi-jajanan-unik-1/index.html,https://bikinlaper.com/rekomendasi-jajanan-unik-1/,20231211154235,text/html,129990,52e41c1c550cdd3af061f8219b46f2adaa8153a2018601c9d81674a24433291c,https://web.archive.org/web/20231211154235id_/https://bikinlaper.com/rekomendasi-jajanan-unik-1/,
cached,rekomendasi-jajanan-unik-2/feed.xml,https://bikinlaper.com/rekomendasi-jajanan-unik-2/feed/,20231211145749,application/rss+xml,872,982015184fb954feb72fd3939082ede79c0c99beda8820ad7a9d5991b105e4c8,https://web.archive.org/web/20231211145749id_/https://bikinlaper.com/rekomendasi-jajanan-unik-2/feed/,
cached,rekomendasi-jajanan-unik-2/index.html,https://bikinlaper.com/rekomendasi-jajanan-unik-2/,20231211145738,text/html,130986,e958d3b3cbd326a704b0caf4a0f9cd42058557151598d1fad5805a63d6f80085,https://web.archive.org/web/20231211145738id_/https://bikinlaper.com/rekomendasi-jajanan-unik-2/,
cached,rekomendasi-jajanan-unik-3/feed.xml,https://bikinlaper.com/rekomendasi-jajanan-unik-3/feed/,20231211154238,application/rss+xml,872,0f7f695071dcd8b3b853aaaedf0e5a6afd7d8dc932b6be54862d415a66343443,https://web.archive.org/web/20231211154238id_/https://bikinlaper.com/rekomendasi-jajanan-unik-3/feed/,
cached,rekomendasi-jajanan-unik-3/index.html,https://bikinlaper.com/rekomendasi-jajanan-unik-3/,20231211154235,text/html,131666,d53c7f1c6e89356e033e242d2edb7a43dac94c9280be8749aaf6a93b844e8485,https://web.archive.org/web/20231211154235id_/https://bikinlaper.com/rekomendasi-jajanan-unik-3/,
cached,rekomendasi-kuliner-1/feed.xml,https://bikinlaper.com/rekomendasi-kuliner-1/feed/,20231211145734,application/rss+xml,852,99cc8ce1fe650e6b864380b62d3b86952f168f503503ab75f0f8720562f11226,https://web.archive.org/web/20231211145734id_/https://bikinlaper.com/rekomendasi-kuliner-1/feed/,
cached,rekomendasi-kuliner-1/index.html,https://bikinlaper.com/rekomendasi-kuliner-1/,20231211145730,text/html,131068,d5bb7d8f32e9b6896ad851d6eee3ca2ed7b62ed1a2655ca66b3c92653100c41c,https://web.archive.org/web/20231211145730id_/https://bikinlaper.com/rekomendasi-kuliner-1/,
cached,resep-bebek-goreng-crispy-makanan-jalanan-yang-lezat/index.html,https://bikinlaper.com/resep-bebek-goreng-crispy-makanan-jalanan-yang-lezat/,20251009144441,text/html,150963,a3c362716315b0b4e2aa228ef82e0af0d6b79731c7222ed484d10afaac8edd1c,https://web.archive.org/web/20251009144441id_/https://bikinlaper.com/resep-bebek-goreng-crispy-makanan-jalanan-yang-lezat/,
cached,resep-makanan-yang-bikin-laper-di-tahun-2024/feed.xml,https://bikinlaper.com/resep-makanan-yang-bikin-laper-di-tahun-2024/feed/,20231226141423,application/rss+xml,944,b2a23918550aef513591c484617d7dab7b50bffd28828d8b3b36cc06c0d45b05,https://web.archive.org/web/20231226141423id_/https://bikinlaper.com/resep-makanan-yang-bikin-laper-di-tahun-2024/feed/,
cached,resep-makanan-yang-bikin-laper-di-tahun-2024/index.html,https://bikinlaper.com/resep-makanan-yang-bikin-laper-di-tahun-2024/,20251009143921,text/html,149798,101b6de233343800138adb3d2c871731317b8a88a00d5d9f821903172ccfc9a8,https://web.archive.org/web/20251009143921id_/https://bikinlaper.com/resep-makanan-yang-bikin-laper-di-tahun-2024/,
cached,resep-sayur-tahu-santan-ala-warteg-sangat-menggugah-selera/index.html,https://bikinlaper.com/resep-sayur-tahu-santan-ala-warteg-sangat-menggugah-selera/,20250718234127,text/html,154411,f62646778a0b4ef242838e6925bc209932041e5fa5176b2723a9b2fb7b712ae3,https://web.archive.org/web/20250718234127id_/https://bikinlaper.com/resep-sayur-tahu-santan-ala-warteg-sangat-menggugah-selera/,
cached,resep-sayur-tahu-santan-ala-warteg-sangat-menggugah-selera/sayur-tahu-ala-warteg-foto-resep-utama/index.html,https://bikinlaper.com/resep-sayur-tahu-santan-ala-warteg-sangat-menggugah-selera/sayur-tahu-ala-warteg-foto-resep-utama/,20250421142026,text/html,89330,56e03ad4a1d4443bfbeb24dd79441481de23597b83cc8c651cfe9cf3d3481e96,https://web.archive.org/web/20250421142026id_/https://bikinlaper.com/resep-sayur-tahu-santan-ala-warteg-sangat-menggugah-selera/sayur-tahu-ala-warteg-foto-resep-utama/,
cached,resep-usus-bumbu-kuning-menu-andalan-warteg-di-indonesia/index.html,https://bikinlaper.com/resep-usus-bumbu-kuning-menu-andalan-warteg-di-indonesia/,20250217104308,text/html,161134,16771e3efb53bd24867b9bc060259f512bb5b7771bc4411678de226a96f6c81d,https://web.archive.org/web/20250217104308id_/https://bikinlaper.com/resep-usus-bumbu-kuning-menu-andalan-warteg-di-indonesia/,
cached,resep-usus-bumbu-kuning-menu-andalan-warteg-di-indonesia/resep-usus-bumbu-kuning-1_43/index.html,https://bikinlaper.com/resep-usus-bumbu-kuning-menu-andalan-warteg-di-indonesia/resep-usus-bumbu-kuning-1_43/,20250718233243,text/html,88726,d3fada8a1df0377ea400f2d9543b0060f962969e205577227dc619e3775b2183,https://web.archive.org/web/20250718233243id_/https://bikinlaper.com/resep-usus-bumbu-kuning-menu-andalan-warteg-di-indonesia/resep-usus-bumbu-kuning-1_43/,
cached,review-bazar-takjil-benhil-jakarta-selatan/bazar-takjil-benhil/index.html,https://bikinlaper.com/review-bazar-takjil-benhil-jakarta-selatan/bazar-takjil-benhil/,20250421135349,text/html,87761,df40cf96b0689be84097e246b305f53acccfbf88e70690d5469979da1ba745e2,https://web.archive.org/web/20250421135349id_/https://bikinlaper.com/review-bazar-takjil-benhil-jakarta-selatan/bazar-takjil-benhil/,
cached,review-bazar-takjil-benhil-jakarta-selatan/index.html,https://bikinlaper.com/review-bazar-takjil-benhil-jakarta-selatan/,20250421150439,text/html,156565,65e51341b4b2b96e2ce6b5063a029e2584055b27436dfb39c4c6b31b4e03db53,https://web.archive.org/web/20250421150439id_/https://bikinlaper.com/review-bazar-takjil-benhil-jakarta-selatan/,
cached,review-kemitraan-franchise-es-teler-sultan/franchise-es-teller-sultan/index.html,https://bikinlaper.com/review-kemitraan-franchise-es-teler-sultan/franchise-es-teller-sultan/,20250513043811,text/html,88150,bf4c2b65bb46ea96a1af3601ed9a04b41253da2635cecf4faaaa1f14184e2bce,https://web.archive.org/web/20250513043811id_/https://bikinlaper.com/review-kemitraan-franchise-es-teler-sultan/franchise-es-teller-sultan/,
cached,review-kemitraan-franchise-es-teler-sultan/index.html,https://bikinlaper.com/review-kemitraan-franchise-es-teler-sultan/,20250421143823,text/html,159579,c041b2ea9fb4863236f82b50f36a80039f5c4a5963859f3d40f8cd6e9d8fcdc8,https://web.archive.org/web/20250421143823id_/https://bikinlaper.com/review-kemitraan-franchise-es-teler-sultan/,
cached,review-kulineran-di-nasi-uduk-cipete-xxi-menu-dan-harga/index.html,https://bikinlaper.com/review-kulineran-di-nasi-uduk-cipete-xxi-menu-dan-harga/,20251009151648,text/html,151994,f794a5f3bd10470c9b9601fc539922100252f460cea69c94b8cba390c40e82c8,https://web.archive.org/web/20251009151648id_/https://bikinlaper.com/review-kulineran-di-nasi-uduk-cipete-xxi-menu-dan-harga/,
cached,review-kulineran-di-nasi-uduk-cipete-xxi-menu-dan-harga/nasi-uduk-cipete-xxi/index.html,https://bikinlaper.com/review-kulineran-di-nasi-uduk-cipete-xxi-menu-dan-harga/nasi-uduk-cipete-xxi/,20251009150938,text/html,87586,2bac73e9625d7af17c3b5da1b931e0e239913f7fb56c9fd785f85f3a735d3cd0,https://web.archive.org/web/20251009150938id_/https://bikinlaper.com/review-kulineran-di-nasi-uduk-cipete-xxi-menu-dan-harga/nasi-uduk-cipete-xxi/,
cached,review-makan-di-pentol-budi-mulya-surabaya/index.html,https://bikinlaper.com/review-makan-di-pentol-budi-mulya-surabaya/,20250807033242,text/html,161596,3cc630c8e29a701d69922cf25b27754842381436ba3ddec6777f644720efaed9,https://web.archive.org/web/20250807033242id_/https://bikinlaper.com/review-makan-di-pentol-budi-mulya-surabaya/,
cached,review-makan-di-pentol-budi-mulya-surabaya/pentol-budi-mulya/index.html,https://bikinlaper.com/review-makan-di-pentol-budi-mulya-surabaya/pentol-budi-mulya/,20250513032728,text/html,87637,23afce0e6b24140c8769dd9a36106e4c67fed62d1468abda74f1f277c840c710,https://web.archive.org/web/20250513032728id_/https://bikinlaper.com/review-makan-di-pentol-budi-mulya-surabaya/pentol-budi-mulya/,
cached,review-makan-di-pentol-budi-mulya-surabaya/screenshot_1-2/index.html,https://bikinlaper.com/review-makan-di-pentol-budi-mulya-surabaya/screenshot_1-2/,20250421151823,text/html,87436,3dcd478596423d0c38dc95fc24cc1416aad2e8f1d91e653f5b0a7b6d8513e9c8,https://web.archive.org/web/20250421151823id_/https://bikinlaper.com/review-makan-di-pentol-budi-mulya-surabaya/screenshot_1-2/,
cached,review-makan-di-pentol-budi-mulya-surabaya/screenshot_10/index.html,https://bikinlaper.com/review-makan-di-pentol-budi-mulya-surabaya/screenshot_10/,20250807041905,text/html,86754,050e5dbfe4a3e2c385b59192d200328d622afce0f7d8b1575b4349755af3826a,https://web.archive.org/web/20250807041905id_/https://bikinlaper.com/review-makan-di-pentol-budi-mulya-surabaya/screenshot_10/,
cached,review-makan-di-pentol-budi-mulya-surabaya/screenshot_2-2/index.html,https://bikinlaper.com/review-makan-di-pentol-budi-mulya-surabaya/screenshot_2-2/,20251009152038,text/html,86877,b667e860de11ce78771a5a72503056bcb1c224e4ef2dad60ba7c056f595eeefa,https://web.archive.org/web/20251009152038id_/https://bikinlaper.com/review-makan-di-pentol-budi-mulya-surabaya/screenshot_2-2/,
cached,review-makan-di-pentol-budi-mulya-surabaya/screenshot_3-2/index.html,https://bikinlaper.com/review-makan-di-pentol-budi-mulya-surabaya/screenshot_3-2/,20250613123410,text/html,87436,2f893366dcfa352fa49bcc78619039886ce6732dc82ba510679781929b3c2fca,https://web.archive.org/web/20250613123410id_/https://bikinlaper.com/review-makan-di-pentol-budi-mulya-surabaya/screenshot_3-2/,
cached,review-makan-di-restoran-steak-21-lezatnya-di-di-setiap-gigitan/index.html,https://bikinlaper.com/review-makan-di-restoran-steak-21-lezatnya-di-di-setiap-gigitan/,20251007063949,text/html,151044,075e70c30018096d3b68b6db5684a4dac2f2fe62f4ac0fb9f9240f40f6fccf7b,https://web.archive.org/web/20251007063949id_/https://bikinlaper.com/review-makan-di-restoran-steak-21-lezatnya-di-di-setiap-gigitan/,
cached,review-makan-di-sate-tegal-pak-ahmad-kemanggisan/index.html,https://bikinlaper.com/review-makan-di-sate-tegal-pak-ahmad-kemanggisan/,20251009143135,text/html,152991,f062c0029d7ebdedf816d5500fcc386eb7077ec103e98b675123f38549f6394c,https://web.archive.org/web/20251009143135id_/https://bikinlaper.com/review-makan-di-sate-tegal-pak-ahmad-kemanggisan/,
cached,review-makan-di-sate-tegal-pak-ahmad-kemanggisan/review-sate-tegal-pak-ahmad/index.html,https://bikinlaper.com/review-makan-di-sate-tegal-pak-ahmad-kemanggisan/review-sate-tegal-pak-ahmad/,20251009144407,text/html,87738,7026da330da075de8353bae06c45664aa555f7081dc1ad357c9b1f68e71c6276,https://web.archive.org/web/20251009144407id_/https://bikinlaper.com/review-makan-di-sate-tegal-pak-ahmad-kemanggisan/review-sate-tegal-pak-ahmad/,
cached,review-makan-di-sate-tegal-pak-ahmad-kemanggisan/sate-tegal-pak-ahmad/index.html,https://bikinlaper.com/review-makan-di-sate-tegal-pak-ahmad-kemanggisan/sate-tegal-pak-ahmad/,20250421144532,text/html,88002,ffcb72b64932f89dea662a8ac8659cde39cfa380f7875ab72989055b2218fd27,https://web.archive.org/web/20250421144532id_/https://bikinlaper.com/review-makan-di-sate-tegal-pak-ahmad-kemanggisan/sate-tegal-pak-ahmad/,
cached,review-makan-di-sate-tegal-pak-ahmad-kemanggisan/screenshot-2024-04-25-102022/index.html,https://bikinlaper.com/review-makan-di-sate-tegal-pak-ahmad-kemanggisan/screenshot-2024-04-25-102022/,20251007051745,text/html,87795,80b5c0bd9468860e7aa2b45bbda5b592181edfaba5fd90c8504d650724927c90,https://web.archive.org/web/20251007051745id_/https://bikinlaper.com/review-makan-di-sate-tegal-pak-ahmad-kemanggisan/screenshot-2024-04-25-102022/,
cached,review-makan-di-sate-tegal-pak-ahmad-kemanggisan/screenshot-2024-04-25-102047/index.html,https://bikinlaper.com/review-makan-di-sate-tegal-pak-ahmad-kemanggisan/screenshot-2024-04-25-102047/,20251007045053,text/html,87795,7eed77b107443f1c5a866888f0d6607c4f15e5cc6a5befd84ce59f367310664a,https://web.archive.org/web/20251007045053id_/https://bikinlaper.com/review-makan-di-sate-tegal-pak-ahmad-kemanggisan/screenshot-2024-04-25-102047/,
cached,review-makan-di-sate-tegal-pak-ahmad-kemanggisan/screenshot-2024-04-25-102113/index.html,https://bikinlaper.com/review-makan-di-sate-tegal-pak-ahmad-kemanggisan/screenshot-2024-04-25-102113/,20251009143434,text/html,87795,340db6cfefefb8b8695d30ef31dca8c802cb8d64f726e28692390825cf6ead88,https://web.archive.org/web/20251009143434id_/https://bikinlaper.com/review-makan-di-sate-tegal-pak-ahmad-kemanggisan/screenshot-2024-04-25-102113/,
cached,review-makan-di-sate-tegal-pak-ahmad-kemanggisan/screenshot-2024-04-25-102134/index.html,https://bikinlaper.com/review-makan-di-sate-tegal-pak-ahmad-kemanggisan/screenshot-2024-04-25-102134/,20250513035443,text/html,88520,1ce8c8e6555279818781217af11de22a40e4668252050ae24e1ff99cf2e82863,https://web.archive.org/web/20250513035443id_/https://bikinlaper.com/review-makan-di-sate-tegal-pak-ahmad-kemanggisan/screenshot-2024-04-25-102134/,
cached,review-makan-di-warteg-gang-mangga-taman-sari-jakarta-barat/index.html,https://bikinlaper.com/review-makan-di-warteg-gang-mangga-taman-sari-jakarta-barat/,20250916233839,text/html,155379,4cb3e110eebab977abba0b7138597e0795f14242eea717b07f4352bfcb9bcc09,https://web.archive.org/web/20250916233839id_/https://bikinlaper.com/review-makan-di-warteg-gang-mangga-taman-sari-jakarta-barat/,
cached,review-makan-di-warteg-gang-mangga-taman-sari-jakarta-barat/warteg-gang-mangga/index.html,https://bikinlaper.com/review-makan-di-warteg-gang-mangga-taman-sari-jakarta-barat/warteg-gang-mangga/,20250421145429,text/html,88221,5f62762dd8f3f7bf8fa4c39d12c5d8ccdeef56a74b7072a588ce1b565bfede55,https://web.archive.org/web/20250421145429id_/https://bikinlaper.com/review-makan-di-warteg-gang-mangga-taman-sari-jakarta-barat/warteg-gang-mangga/,
cached,review-makanan-4/feed.xml,https://bikinlaper.com/review-makanan-4/feed/,20231211152751,application/rss+xml,832,ba4ab871f77eeea0c92e0f99d9e19c5d8739a16ecd7e72779b1c208e8350e0a3,https://web.archive.org/web/20231211152751id_/https://bikinlaper.com/review-makanan-4/feed/,
cached,review-makanan-4/index.html,https://bikinlaper.com/review-makanan-4/,20231211152748,text/html,130479,5b8257a679b4829d8492951dc93635aabae9cf712b9a894b9f5880112a60a026,https://web.archive.org/web/20231211152748id_/https://bikinlaper.com/review-makanan-4/,
cached,review-nasi-uduk-gaul-ibu-wiri-karet-kuningan-jakarta-selatan/index.html,https://bikinlaper.com/review-nasi-uduk-gaul-ibu-wiri-karet-kuningan-jakarta-selatan/,20251009150253,text/html,155428,4f5c2eaeeb8e128010b5262c825f8a3e541a6c473ac33be593e6983699d6a4b6,https://web.archive.org/web/20251009150253id_/https://bikinlaper.com/review-nasi-uduk-gaul-ibu-wiri-karet-kuningan-jakarta-selatan/,
cached,review-nasi-uduk-gaul-ibu-wiri-karet-kuningan-jakarta-selatan/whiteboardjournal-placestogo-nasiudukgaulbuwiri-1/index.html,https://bikinlaper.com/review-nasi-uduk-gaul-ibu-wiri-karet-kuningan-jakarta-selatan/whiteboardjournal-placestogo-nasiudukgaulbuwiri-1/,20251009144551,text/html,89520,57d305115594567e6bd8b7a718e1a6e9e080853e590c97c0ef3e8b29e63eeef5,https://web.archive.org/web/20251009144551id_/https://bikinlaper.com/review-nasi-uduk-gaul-ibu-wiri-karet-kuningan-jakarta-selatan/whiteboardjournal-placestogo-nasiudukgaulbuwiri-1/,
cached,review-pecel-lele-lamongan-35-yang-menggoda-selera/index.html,https://bikinlaper.com/review-pecel-lele-lamongan-35-yang-menggoda-selera/,20250916221231,text/html,156692,13f30050a3e162253c01c9c3c9f1c3020162e5b3603d12864803f4194fea6f33,https://web.archive.org/web/20250916221231id_/https://bikinlaper.com/review-pecel-lele-lamongan-35-yang-menggoda-selera/,
cached,review-pecel-lele-lamongan-35-yang-menggoda-selera/pecel-lele-lamongan-35/index.html,https://bikinlaper.com/review-pecel-lele-lamongan-35-yang-menggoda-selera/pecel-lele-lamongan-35/,20250718223201,text/html,88172,59fd1aef3e5beda550e7c4f794475dde2e4b0e6ab1f33ec3ecf7b977d0eb72ea,https://web.archive.org/web/20250718223201id_/https://bikinlaper.com/review-pecel-lele-lamongan-35-yang-menggoda-selera/pecel-lele-lamongan-35/,
cached,review-restoran-masakan-jepang-yoshinoya/index.html,https://bikinlaper.com/review-restoran-masakan-jepang-yoshinoya/,20250807035010,text/html,160095,6da1635ba889296eb2a23fdda42cbf131636575abb8e17a467b93a18aeab149f,https://web.archive.org/web/20250807035010id_/https://bikinlaper.com/review-restoran-masakan-jepang-yoshinoya/,
cached,review-rumah-makan-raden-bahari-menyelami-kelezatan-kuliner-nusantara/index.html,https://bikinlaper.com/review-rumah-makan-raden-bahari-menyelami-kelezatan-kuliner-nusantara/,20250613141029,text/html,161756,9994c03091f62159b4d742a1856b9c7d0c8e19ad5dfb8a5df0b3cc1ad3a7467a,https://web.archive.org/web/20250613141029id_/https://bikinlaper.com/review-rumah-makan-raden-bahari-menyelami-kelezatan-kuliner-nusantara/,
cached,review-rumah-makan-raden-bahari-menyelami-kelezatan-kuliner-nusantara/raden-bahari/index.html,https://bikinlaper.com/review-rumah-makan-raden-bahari-menyelami-kelezatan-kuliner-nusantara/raden-bahari/,20250421152415,text/html,88202,6b4f9cc06f10d5362a74988d191823aadce85613c7d45c1f431973c4dd150be2,https://web.archive.org/web/20250421152415id_/https://bikinlaper.com/review-rumah-makan-raden-bahari-menyelami-kelezatan-kuliner-nusantara/raden-bahari/,
cached,review-siomay-mitra-jatinegara-yang-sangat-lezat/index.html,https://bikinlaper.com/review-siomay-mitra-jatinegara-yang-sangat-lezat/,20250916233458,text/html,155218,c148ccc32d4b69ab254a121c1a679d9a8bf02164a1fd668b1b541076d3ac6da9,https://web.archive.org/web/20250916233458id_/https://bikinlaper.com/review-siomay-mitra-jatinegara-yang-sangat-lezat/,
cached,review-siomay-mitra-jatinegara-yang-sangat-lezat/siomay-mitra/index.html,https://bikinlaper.com/review-siomay-mitra-jatinegara-yang-sangat-lezat/siomay-mitra/,20250421152359,text/html,87546,a8851e3135fb5a33ba9210a4a3512425c987b8945d71260728b12358190b6913,https://web.archive.org/web/20250421152359id_/https://bikinlaper.com/review-siomay-mitra-jatinegara-yang-sangat-lezat/siomay-mitra/,
cached,review-tempat-makan-sengoseng-tebet-jakarta-selatan/c464176e-4af2-4a2e-9d85-2d2fa9000d22_go-biz_20231015_164649/index.html,https://bikinlaper.com/review-tempat-makan-sengoseng-tebet-jakarta-selatan/c464176e-4af2-4a2e-9d85-2d2fa9000d22_go-biz_20231015_164649/,20250513033310,text/html,90319,a952750b958295a5171a5f4c9082c40b5092e7c0533f427872b4ee340fd110fb,https://web.archive.org/web/20250513033310id_/https://bikinlaper.com/review-tempat-makan-sengoseng-tebet-jakarta-selatan/c464176e-4af2-4a2e-9d85-2d2fa9000d22_go-biz_20231015_164649/,
cached,review-tempat-makan-sengoseng-tebet-jakarta-selatan/index.html,https://bikinlaper.com/review-tempat-makan-sengoseng-tebet-jakarta-selatan/,20250807032824,text/html,189998,fc8216bb080252eace1a45f3eb5769c4a07c21789f83a9ce002ad399ec2e0faf,https://web.archive.org/web/20250807032824id_/https://bikinlaper.com/review-tempat-makan-sengoseng-tebet-jakarta-selatan/,
cached,robots.txt,https://bikinlaper.com/robots.txt,20241122053806,text/plain,294,ee3206f1a30ce9512740453188ffddb06e77c34aa7cdc090c86576c23cdf6901,https://web.archive.org/web/20241122053806id_/https://bikinlaper.com/robots.txt,
cached,rumah-makan-marannu-menggali-kenikmatan-kuliner-di-tengah-kota/1391693950_a-d4-nopvchcmrjthcqfysu5rmphymmbs7zoorualj4/index.html,https://bikinlaper.com/rumah-makan-marannu-menggali-kenikmatan-kuliner-di-tengah-kota/1391693950_a-d4-nopvchcmrjthcqfysu5rmphymmbs7zoorualj4/,20251007055941,text/html,89715,9f2f9e1abbd10c8968e12508b2645daae099417f39121df01013960d43aca77a,https://web.archive.org/web/20251007055941id_/https://bikinlaper.com/rumah-makan-marannu-menggali-kenikmatan-kuliner-di-tengah-kota/1391693950_a-d4-nopvchcmrjthcqfysu5rmphymmbs7zoorualj4/,
cached,rumah-makan-marannu-menggali-kenikmatan-kuliner-di-tengah-kota/index.html,https://bikinlaper.com/rumah-makan-marannu-menggali-kenikmatan-kuliner-di-tengah-kota/,20250214014448,text/html,162303,c6dffd40169548c09678968da3a839de074136096ba3eceaaf6582c83d5753e4,https://web.archive.org/web/20250214014448id_/https://bikinlaper.com/rumah-makan-marannu-menggali-kenikmatan-kuliner-di-tengah-kota/,
cached,search/feed/rss2.xml,https://bikinlaper.com/search/feed/rss2/,20231211145744,application/rss+xml,1075,b0b5619c2b25da3fb8f3f518338995ef715a552239578578e25595d63a1264b6,https://web.archive.org/web/20231211145744id_/https://bikinlaper.com/search/feed/rss2/,
cached,sejarah-dan-bahan-bahan-sandwich-kuba/index.html,https://bikinlaper.com/sejarah-dan-bahan-bahan-sandwich-kuba/,20251009140422,text/html,151690,15271e2a378e31df2472058b6e27cc5f1068e77edad182d24fa23a371e5f358d,https://web.archive.org/web/20251009140422id_/https://bikinlaper.com/sejarah-dan-bahan-bahan-sandwich-kuba/,
cached,sejarah-resep-dan-variasi-roti-macan-yang-ada-di-indonesia/index.html,https://bikinlaper.com/sejarah-resep-dan-variasi-roti-macan-yang-ada-di-indonesia/,20251009134703,text/html,149898,4e80c83a9264bfb8e232c7e452c12b341239f6d2dcb0f13d8873ae90c5777a60,https://web.archive.org/web/20251009134703id_/https://bikinlaper.com/sejarah-resep-dan-variasi-roti-macan-yang-ada-di-indonesia/,
cached,semua-tentang-rumah-makan-dapoer-emak-pati/2021-08-15/index.html,https://bikinlaper.com/semua-tentang-rumah-makan-dapoer-emak-pati/2021-08-15/,20250421144640,text/html,87246,06690a2ef67f80e0d88a9528617f3092b71d37e5bc381d0dacf019ee738be077,https://web.archive.org/web/20250421144640id_/https://bikinlaper.com/semua-tentang-rumah-makan-dapoer-emak-pati/2021-08-15/,
cached,semua-tentang-rumah-makan-dapoer-emak-pati/index.html,https://bikinlaper.com/semua-tentang-rumah-makan-dapoer-emak-pati/,20251007063756,text/html,153349,816168cae349eb093bea56ef529c01801079c98b12750a71bd502b2290f1e85f,https://web.archive.org/web/20251007063756id_/https://bikinlaper.com/semua-tentang-rumah-makan-dapoer-emak-pati/,
cached,seni-dan-kelezatan-dalam-dunia-cocktail-eksplorasi-kedalaman-rasa-dan-kreativitas/cocktail1/index.html,https://bikinlaper.com/seni-dan-kelezatan-dalam-dunia-cocktail-eksplorasi-kedalaman-rasa-dan-kreativitas/cocktail1/,20251007051226,text/html,87739,a3653858775bc91deb15c9321f8754c8e195ec9ec6388e905f0159fdefc80ade,https://web.archive.org/web/20251007051226id_/https://bikinlaper.com/seni-dan-kelezatan-dalam-dunia-cocktail-eksplorasi-kedalaman-rasa-dan-kreativitas/cocktail1/,
cached,seni-dan-kelezatan-dalam-dunia-cocktail-eksplorasi-kedalaman-rasa-dan-kreativitas/index.html,https://bikinlaper.com/seni-dan-kelezatan-dalam-dunia-cocktail-eksplorasi-kedalaman-rasa-dan-kreativitas/,20250613133156,text/html,154074,ae25bf3fd8a889fe0d1f088b2989b9ef285d2acd8f976cea630fb87e0987bae4,https://web.archive.org/web/20250613133156id_/https://bikinlaper.com/seni-dan-kelezatan-dalam-dunia-cocktail-eksplorasi-kedalaman-rasa-dan-kreativitas/,
cached,seputar-franchsie-ayam-goreng-di-indonesia-mengapa-cfc-kalah-pamor-dari-kfc-dan-mcdonald/index.html,https://bikinlaper.com/seputar-franchsie-ayam-goreng-di-indonesia-mengapa-cfc-kalah-pamor-dari-kfc-dan-mcdonald/,20251009141303,text/html,151497,34c6b6e85d8b3c3a5ff0f7c72c67b699a561d7cd26b14c5c60f53c141a08edab,https://web.archive.org/web/20251009141303id_/https://bikinlaper.com/seputar-franchsie-ayam-goreng-di-indonesia-mengapa-cfc-kalah-pamor-dari-kfc-dan-mcdonald/,
cached,shopee-indonesia-akan-tutup-permanen-layanan-customer-service-di-jakarta-pengumanan-hari-senin-20-mei-2024/index.html,https://bikinlaper.com/shopee-indonesia-akan-tutup-permanen-layanan-customer-service-di-jakarta-pengumanan-hari-senin-20-mei-2024/,20250916233719,text/html,154942,beb3ac82f899f55bd8a889dc1d99e76127c15de6427440f22247648edd0ee257,https://web.archive.org/web/20250916233719id_/https://bikinlaper.com/shopee-indonesia-akan-tutup-permanen-layanan-customer-service-di-jakarta-pengumanan-hari-senin-20-mei-2024/,
cached,sitemap_index.xml,https://bikinlaper.com/sitemap_index.xml,20241122152648,text/xml,1031,daf26e6750c4e3afa832b4605b9836ecada95af16b3a5270271b0ea399331d54,https://web.archive.org/web/20241122152648id_/https://bikinlaper.com/sitemap_index.xml,
cached,strategi-bisnis-kuliner-by-venjii-hernando-part-2/index.html,https://bikinlaper.com/strategi-bisnis-kuliner-by-venjii-hernando-part-2/,20251009132902,text/html,159556,b93171b524eeaa621eef8806010112a5987e1c5860739ab305f5b4cce58047cd,https://web.archive.org/web/20251009132902id_/https://bikinlaper.com/strategi-bisnis-kuliner-by-venjii-hernando-part-2/,
cached,strategi-bisnis-kuliner-by-venjii-hernando-part-3/index.html,https://bikinlaper.com/strategi-bisnis-kuliner-by-venjii-hernando-part-3/,20250513040136,text/html,155939,9595cf38a5be91ce0e9103a4a508464c12c593642bba960fae0e9bb6d940b778,https://web.archive.org/web/20250513040136id_/https://bikinlaper.com/strategi-bisnis-kuliner-by-venjii-hernando-part-3/,
cached,strategi-bisnis-kuliner-by-venjii-hernando-part-4-terakhir/index.html,https://bikinlaper.com/strategi-bisnis-kuliner-by-venjii-hernando-part-4-terakhir/,20251007050653,text/html,175980,cc8af1a9ea0cd137b5ee09a98d074f2c20ea4c2c4f1d2d5de6b7ab60c0e0fdb4,https://web.archive.org/web/20251007050653id_/https://bikinlaper.com/strategi-bisnis-kuliner-by-venjii-hernando-part-4-terakhir/,
cached,strategi-bisnis-kuliner-by-venjii-hernando-pasta-kuliner-part-1/index.html,https://bikinlaper.com/strategi-bisnis-kuliner-by-venjii-hernando-pasta-kuliner-part-1/,20251007064917,text/html,159904,34815e3c7ca48e664a89a5f91d67bb0cd9c50bd69dfa368558581f2ec279bad4,https://web.archive.org/web/20251007064917id_/https://bikinlaper.com/strategi-bisnis-kuliner-by-venjii-hernando-pasta-kuliner-part-1/,
cached,strategi-bisnis-kuliner-by-venjii-hernando-pasta-kuliner-part-1/p_headline_kisah-venjii-hernando-pebisnis-yang-pun-1f153d/index.html,https://bikinlaper.com/strategi-bisnis-kuliner-by-venjii-hernando-pasta-kuliner-part-1/p_headline_kisah-venjii-hernando-pebisnis-yang-pun-1f153d/,20250421133822,text/html,90598,cdc8bdcf8882b5101dd68dd7043a02a9bc03df4637a8a8d7d96d6b0f254caf68,https://web.archive.org/web/20250421133822id_/https://bikinlaper.com/strategi-bisnis-kuliner-by-venjii-hernando-pasta-kuliner-part-1/p_headline_kisah-venjii-hernando-pebisnis-yang-pun-1f153d/,
cached,strategi-bisnis-unggul-menjelajahi-keuntungan-kemitraan-warteg/index.html,https://bikinlaper.com/strategi-bisnis-unggul-menjelajahi-keuntungan-kemitraan-warteg/,20251007061549,text/html,150517,37f2d2cd2488462ac1bff24f4f3eb4c73a901a0588823874a0892b6343a502e2,https://web.archive.org/web/20251007061549id_/https://bikinlaper.com/strategi-bisnis-unggul-menjelajahi-keuntungan-kemitraan-warteg/,
cached,strategi-membangun-bisnis-kuliner-agar-cepat-balik-modal-panduan-komprehensif/index.html,https://bikinlaper.com/strategi-membangun-bisnis-kuliner-agar-cepat-balik-modal-panduan-komprehensif/,20250513041757,text/html,156172,6d9bacb7aed33d4936f3ce5f5bf011f2644e8853685b087ea88c41b6e2b7ac4a,https://web.archive.org/web/20250513041757id_/https://bikinlaper.com/strategi-membangun-bisnis-kuliner-agar-cepat-balik-modal-panduan-komprehensif/,
cached,strategi-sukses-dalam-bisnis-fb-menghadapi-tantangan-dan-peluang/bisnis-kuliner-yang-menjanjikan/index.html,https://bikinlaper.com/strategi-sukses-dalam-bisnis-fb-menghadapi-tantangan-dan-peluang/bisnis-kuliner-yang-menjanjikan/,20250718233536,text/html,88479,1fa6471ddf26aedd9c4d756772b2cbbc4e9818c90a56cb83d2acfc9d73b41a72,https://web.archive.org/web/20250718233536id_/https://bikinlaper.com/strategi-sukses-dalam-bisnis-fb-menghadapi-tantangan-dan-peluang/bisnis-kuliner-yang-menjanjikan/,
cached,strategi-sukses-dalam-bisnis-fb-menghadapi-tantangan-dan-peluang/index.html,https://bikinlaper.com/strategi-sukses-dalam-bisnis-fb-menghadapi-tantangan-dan-peluang/,20251007062551,text/html,156728,d4b376440856c7817f66bf1d11b512a13cfc369dab32d81bd2dd5d411f4012cd,https://web.archive.org/web/20251007062551id_/https://bikinlaper.com/strategi-sukses-dalam-bisnis-fb-menghadapi-tantangan-dan-peluang/,
cached,streetfood-menarik-2/feed.xml,https://bikinlaper.com/streetfood-menarik-2/feed/,20231211142801,application/rss+xml,848,89aa3410bd49461c119296a39c37e912e00b33779073d592fffa9447b24ea5ba,https://web.archive.org/web/20231211142801id_/https://bikinlaper.com/streetfood-menarik-2/feed/,
cached,streetfood-menarik-2/index.html,https://bikinlaper.com/streetfood-menarik-2/,20231211142759,text/html,130887,c65e2c976b98bdc23262fcd4273168fae510f8c3d044e7bea46113bfef9fc3e8,https://web.archive.org/web/20231211142759id_/https://bikinlaper.com/streetfood-menarik-2/,
cached,sukses-berjualan-dengan-food-truck-rahasia-kesuksesan-dan-tips-memulai-bisnis-kuliner-yang-bergerak/feed.xml,https://bikinlaper.com/sukses-berjualan-dengan-food-truck-rahasia-kesuksesan-dan-tips-memulai-bisnis-kuliner-yang-bergerak/feed/,20240123090802,application/rss+xml,1165,842c3b875980544ce8fa1acf47cdb5a7af6935be2f1832e436297a1fd15c605d,https://web.archive.org/web/20240123090802id_/https://bikinlaper.com/sukses-berjualan-dengan-food-truck-rahasia-kesuksesan-dan-tips-memulai-bisnis-kuliner-yang-bergerak/feed/,
cached,sukses-berjualan-dengan-food-truck-rahasia-kesuksesan-dan-tips-memulai-bisnis-kuliner-yang-bergerak/index.html,https://bikinlaper.com/sukses-berjualan-dengan-food-truck-rahasia-kesuksesan-dan-tips-memulai-bisnis-kuliner-yang-bergerak/,20250513033156,text/html,156513,3500df52c22836476bc1fec6ba2e92bef895212cf69a22ab1c5aa760b36a2686,https://web.archive.org/web/20250513033156id_/https://bikinlaper.com/sukses-berjualan-dengan-food-truck-rahasia-kesuksesan-dan-tips-memulai-bisnis-kuliner-yang-bergerak/,
cached,sukses-berjualan-dengan-food-truck-rahasia-kesuksesan-dan-tips-memulai-bisnis-kuliner-yang-bergerak/tips-usaha-food-truck/index.html,https://bikinlaper.com/sukses-berjualan-dengan-food-truck-rahasia-kesuksesan-dan-tips-memulai-bisnis-kuliner-yang-bergerak/tips-usaha-food-truck/,20250613134134,text/html,89594,09e860efd3ab81519e9873624d9400afdcef63ac1e60d507a7fb0f38b9204445,https://web.archive.org/web/20250613134134id_/https://bikinlaper.com/sukses-berjualan-dengan-food-truck-rahasia-kesuksesan-dan-tips-memulai-bisnis-kuliner-yang-bergerak/tips-usaha-food-truck/,
cached,tag/25-jenis-sushi/index.html,https://bikinlaper.com/tag/25-jenis-sushi/,20251009134502,text/html,84536,d84e16aa20194927cff79d9aa616e1928ab6d6c4560eb4e76a73790e76adb4c0,https://web.archive.org/web/20251009134502id_/https://bikinlaper.com/tag/25-jenis-sushi/,
cached,tag/bazar-takjil-benhil/index.html,https://bikinlaper.com/tag/bazar-takjil-benhil/,20250513035917,text/html,85479,b91fe96eeb688c62b5936ab2e2c0b7c698a750bd46720b9a44cbed9b2be1c562,https://web.archive.org/web/20250513035917id_/https://bikinlaper.com/tag/bazar-takjil-benhil/,
cached,tag/bentuk-kue-nastar-kekinian/index.html,https://bikinlaper.com/tag/bentuk-kue-nastar-kekinian/,20250807031724,text/html,87943,f73c51cae81ee5a4e42b48c17bd9f7c235c4044d350fb32a1ad35a134a1b9f93,https://web.archive.org/web/20250807031724id_/https://bikinlaper.com/tag/bentuk-kue-nastar-kekinian/,
cached,tag/biaya-kemitraan-pesaing-mixue/index.html,https://bikinlaper.com/tag/biaya-kemitraan-pesaing-mixue/,20251007060825,text/html,79931,080c9f36bd712313ca03bbf4f9c97b780f3cdb8d39dacae087cc77deaeb2d31f,https://web.archive.org/web/20251007060825id_/https://bikinlaper.com/tag/biaya-kemitraan-pesaing-mixue/,
cached,tag/bisnis-franchise-warteg/index.html,https://bikinlaper.com/tag/bisnis-franchise-warteg/,20251009132528,text/html,85303,d82c2b1f06e9970710b71c772baebe56876b223a35d13f22fc604a346de74958,https://web.archive.org/web/20251009132528id_/https://bikinlaper.com/tag/bisnis-franchise-warteg/,
cached,tag/bisnis-franchise/index.html,https://bikinlaper.com/tag/bisnis-franchise/,20251009150757,text/html,87392,dc49fabac6ea973501698f2d3e9caa621a60092823a0f266c8eb51cbbe1654e2,https://web.archive.org/web/20251009150757id_/https://bikinlaper.com/tag/bisnis-franchise/,
cached,tag/bisnis-kuliner/index.html,https://bikinlaper.com/tag/bisnis-kuliner/,20251009150617,text/html,87317,822b0eea68f278c046a5a2da0bfec9e81eecf3abd51e4625de6f7630da22cb68,https://web.archive.org/web/20251009150617id_/https://bikinlaper.com/tag/bisnis-kuliner/,
cached,tag/breezy-cafe/index.html,https://bikinlaper.com/tag/breezy-cafe/,20251007063538,text/html,81667,1a95a6c24c6d3c5c896de2ebe4ca4284edbed2f6f82db0d87789bf2b08e2ff07,https://web.archive.org/web/20251007063538id_/https://bikinlaper.com/tag/breezy-cafe/,
cached,tag/cara-bisnis-kuliner/index.html,https://bikinlaper.com/tag/cara-bisnis-kuliner/,20250718234056,text/html,79807,ced53c0bf6f5c2dec31fe037df0fd3bd2b34563999634490d466d2d294c4bfe0,https://web.archive.org/web/20250718234056id_/https://bikinlaper.com/tag/cara-bisnis-kuliner/,
cached,tag/cara-memasak-ikan-patin/index.html,https://bikinlaper.com/tag/cara-memasak-ikan-patin/,20250916225417,text/html,82154,411cfc851a2bea6506a825261e2ab93dcc2d46aa0474300cd9e56845b1a6a858,https://web.archive.org/web/20250916225417id_/https://bikinlaper.com/tag/cara-memasak-ikan-patin/,
cached,tag/cara-verifikasi-djki-franchise/index.html,https://bikinlaper.com/tag/cara-verifikasi-djki-franchise/,20251007053842,text/html,82597,2cdbb89f1aee50698d9023b16fe767a32df301e1b9c553c0bf9fd6244ee83570,https://web.archive.org/web/20251007053842id_/https://bikinlaper.com/tag/cara-verifikasi-djki-franchise/,
cached,tag/cwie-mie-malang/index.html,https://bikinlaper.com/tag/cwie-mie-malang/,20251007051020,text/html,79745,d8ab929ff757081f6bcd3006a6453c883fe7e19e2c1a8007dd761a1869c1783f,https://web.archive.org/web/20251007051020id_/https://bikinlaper.com/tag/cwie-mie-malang/,
cached,tag/cwie-mie/index.html,https://bikinlaper.com/tag/cwie-mie/,20251009150143,text/html,79661,95f5fc6b28891b40af09bd5981478a8751ad7382c975ef3d1e6c81832b7c72ed,https://web.archive.org/web/20251009150143id_/https://bikinlaper.com/tag/cwie-mie/,
cached,tag/daftar-menu-lauk-harian/index.html,https://bikinlaper.com/tag/daftar-menu-lauk-harian/,20251007064823,text/html,79846,945da3c488be64444ccca868030f5053eb5a9c08c5fc31fca38728d77ad52d53,https://web.archive.org/web/20251007064823id_/https://bikinlaper.com/tag/daftar-menu-lauk-harian/,
cached,tag/dimana-bisa-beli-cwie-mie/index.html,https://bikinlaper.com/tag/dimana-bisa-beli-cwie-mie/,20250807033906,text/html,79864,de172acad102317e6395328079057ebb7d635d32a34807d872e729b1dea57ac8,https://web.archive.org/web/20250807033906id_/https://bikinlaper.com/tag/dimana-bisa-beli-cwie-mie/,
cached,tag/es-cekek/index.html,https://bikinlaper.com/tag/es-cekek/,20251007064858,text/html,81892,e2831c4c711039111f712cee64a25eccbbe4a723bcabe6171226e6f579534b82,https://web.archive.org/web/20251007064858id_/https://bikinlaper.com/tag/es-cekek/,
cached,tag/featured/index.html,https://bikinlaper.com/tag/featured/,20250613130342,text/html,94201,8787962cc1d4759ef7325c581e2c8287909d291469f9e1a6ae7b00f9dd012c87,https://web.archive.org/web/20250613130342id_/https://bikinlaper.com/tag/featured/,
cached,tag/food/index.html,https://bikinlaper.com/tag/food/,20251007051649,text/html,82914,2498be1ab9c9ad9a6aaf0eba2f2f9ae991dca65c69c7110b1c90f95376f0e65a,https://web.archive.org/web/20251007051649id_/https://bikinlaper.com/tag/food/,
cached,tag/franchise-air-minum-biru/index.html,https://bikinlaper.com/tag/franchise-air-minum-biru/,20251009145811,text/html,79834,1865545e436889bbb47f8936f7a1f9bb9e1cb7f7aafeebf1902b294dc9d225a4,https://web.archive.org/web/20251009145811id_/https://bikinlaper.com/tag/franchise-air-minum-biru/,
cached,tag/franchise-autopilot/index.html,https://bikinlaper.com/tag/franchise-autopilot/,20250114205025,text/html,83249,87f380dac45da6b1efb71163048947ad91b7ce595cf35c9f24dc8147d24b32cc,https://web.archive.org/web/20250114205025id_/https://bikinlaper.com/tag/franchise-autopilot/,
cached,tag/franchise-ayam-goreng/index.html,https://bikinlaper.com/tag/franchise-ayam-goreng/,20251007062330,text/html,84351,40de7d5b582e9a50ba53cf2ea4441930891ce87cf34066092530a8271bdf5ceb,https://web.archive.org/web/20251007062330id_/https://bikinlaper.com/tag/franchise-ayam-goreng/,
cached,tag/franchise-es-teh/index.html,https://bikinlaper.com/tag/franchise-es-teh/,20251009142444,text/html,81951,d248b9b5e7d740a65c93ba9569e7d29e9e83287723254210914bc5182f66286b,https://web.archive.org/web/20251009142444id_/https://bikinlaper.com/tag/franchise-es-teh/,
cached,tag/franchise-es-teler-sultan/index.html,https://bikinlaper.com/tag/franchise-es-teler-sultan/,20250718234900,text/html,82315,f95f37e57a0041281ea3b73b38dae3a5aa52458caf347d4e9abf70ade21ced50,https://web.archive.org/web/20250718234900id_/https://bikinlaper.com/tag/franchise-es-teler-sultan/,
cached,tag/franchise-makanan/index.html,https://bikinlaper.com/tag/franchise-makanan/,20251007055407,text/html,79780,d7d69a9a51f4574784bda8e188bac774e060576ea3cdfc6b42fa32d2023876c8,https://web.archive.org/web/20251007055407id_/https://bikinlaper.com/tag/franchise-makanan/,
cached,tag/franchise-terbaik/index.html,https://bikinlaper.com/tag/franchise-terbaik/,20251007062406,text/html,82913,4abdda544038900940c207a01a6cc898cf08983fc550ebc04201ac62be21aeb4,https://web.archive.org/web/20251007062406id_/https://bikinlaper.com/tag/franchise-terbaik/,
cached,tag/franchise-toko-roti/index.html,https://bikinlaper.com/tag/franchise-toko-roti/,20251007062739,text/html,82277,0d4369ebed95d46dee7b4d5b785d4cdd88747bc280ced94c45958c33fc27916d,https://web.archive.org/web/20251007062739id_/https://bikinlaper.com/tag/franchise-toko-roti/,
cached,tag/franchise-warteg-modern/index.html,https://bikinlaper.com/tag/franchise-warteg-modern/,20250613135803,text/html,86948,6add812257d1631d4d26e80df247bdc5083b1a6d81551b520e154bd7601500fb,https://web.archive.org/web/20250613135803id_/https://bikinlaper.com/tag/franchise-warteg-modern/,
cached,tag/franchise-warteg-murah/index.html,https://bikinlaper.com/tag/franchise-warteg-murah/,20251007064057,text/html,79875,57f8bcfe0bdaa343821e6b1b1c5905590e73cc0bb1a618514a8d1c20a0335846,https://web.archive.org/web/20251007064057id_/https://bikinlaper.com/tag/franchise-warteg-murah/,
cached,tag/franchise-warteg-terjangkau/index.html,https://bikinlaper.com/tag/franchise-warteg-terjangkau/,20251009134742,text/html,79935,16a8dab75af41c3a56f7b6cb591a206713f14e386ea603a7ae0646e0b15567b5,https://web.archive.org/web/20251009134742id_/https://bikinlaper.com/tag/franchise-warteg-terjangkau/,
cached,tag/franchise-warteg/index.html,https://bikinlaper.com/tag/franchise-warteg/,20251009150033,text/html,85020,f034a74f0a73b9ab3545a352723f05a78257ad6f64e9caf60fdd89818408b6ab,https://web.archive.org/web/20251009150033id_/https://bikinlaper.com/tag/franchise-warteg/,
cached,tag/franchise/index.html,https://bikinlaper.com/tag/franchise/,20250916232954,text/html,82793,656321de3b1b6be1cab52124cef7b62e44573f1846d83b5252a2be43e9117ed1,https://web.archive.org/web/20250916232954id_/https://bikinlaper.com/tag/franchise/,
cached,tag/frozen-food/index.html,https://bikinlaper.com/tag/frozen-food/,20250214020625,text/html,83181,0ff5f244cdaadfc3d1b02fbf0645291630451e7a1d7f17ccdfe56fb695100838,https://web.archive.org/web/20250214020625id_/https://bikinlaper.com/tag/frozen-food/,
cached,tag/frozen/index.html,https://bikinlaper.com/tag/frozen/,20251009141358,text/html,82944,3cb9b9ae29b52515e60bc14afcb2d1758322828d77c8bd0107933e645e1f3a38,https://web.archive.org/web/20251009141358id_/https://bikinlaper.com/tag/frozen/,
cached,tag/hanami-pati/index.html,https://bikinlaper.com/tag/hanami-pati/,20251007055014,text/html,84865,e4a6604ac986fa3d9f927f08d35c525da575bf937d028f3ebc45a5f670ce7329,https://web.archive.org/web/20251007055014id_/https://bikinlaper.com/tag/hanami-pati/,
cached,tag/imlek/index.html,https://bikinlaper.com/tag/imlek/,20251009142951,text/html,80591,6260bea72cb0c64bdbf2f7188f1aae0a169ff946f5320ce50640dfbe930c55e9,https://web.archive.org/web/20251009142951id_/https://bikinlaper.com/tag/imlek/,
cached,tag/indofishmart/index.html,https://bikinlaper.com/tag/indofishmart/,20251007052140,text/html,82838,b3283f524d2c480da67c1190f23c320572f0cbe93131182ea859a70494d696f1,https://web.archive.org/web/20251007052140id_/https://bikinlaper.com/tag/indofishmart/,
cached,tag/info-trend-bisnis-kuliner/index.html,https://bikinlaper.com/tag/info-trend-bisnis-kuliner/,20251009150511,text/html,79875,53ee771783cefc0f75fdca03d3bdc19498bb9adae54ff009a6b2e75fefd77234,https://web.archive.org/web/20251009150511id_/https://bikinlaper.com/tag/info-trend-bisnis-kuliner/,
cached,tag/jajan-kaki-lima/index.html,https://bikinlaper.com/tag/jajan-kaki-lima/,20251009151149,text/html,79797,cdd78a5d33e461f65d045e73ef1d395ce280275614c23a107d306e9b0d58ee32,https://web.archive.org/web/20251009151149id_/https://bikinlaper.com/tag/jajan-kaki-lima/,
cached,tag/jajan/index.html,https://bikinlaper.com/tag/jajan/,20251007062515,text/html,79677,4223eb388c41cbaf396a44261a9aa530ddbd63d23ef0e5b2fe793d3a0cf409b1,https://web.archive.org/web/20251007062515id_/https://bikinlaper.com/tag/jajan/,
cached,tag/jajanan-cafe/index.html,https://bikinlaper.com/tag/jajanan-cafe/,20251009142524,text/html,86324,3226116812a344204e971a53ec41196545b422dd6bc1eacbcae8169230c3f1b8,https://web.archive.org/web/20251009142524id_/https://bikinlaper.com/tag/jajanan-cafe/,
cached,tag/jajanan/index.html,https://bikinlaper.com/tag/jajanan/,20251009145306,text/html,85911,5a13c86d8b9ac1e240698cbf447ade5f20b1a69c7b1ff3e4907508aac2adbeee,https://web.archive.org/web/20251009145306id_/https://bikinlaper.com/tag/jajanan/,
cached,tag/kafe/index.html,https://bikinlaper.com/tag/kafe/,20250916231158,text/html,79706,52dd55d94ad743c34638b31aefd6ee32dfc6584651910ef8ad967f3112a8cd28,https://web.archive.org/web/20250916231158id_/https://bikinlaper.com/tag/kafe/,
cached,tag/keuntungan-franchise-rocket-chicken/index.html,https://bikinlaper.com/tag/keuntungan-franchise-rocket-chicken/,20251007051454,text/html,83080,9b237787f0f1ed2ecc60813bb84f69ad41af010cc2fe01391b158090a51eeded,https://web.archive.org/web/20251007051454id_/https://bikinlaper.com/tag/keuntungan-franchise-rocket-chicken/,
cached,tag/konsep-waralaba-warteg/index.html,https://bikinlaper.com/tag/konsep-waralaba-warteg/,20250718232253,text/html,85026,25cd7d7f5a70b23af0ab403a4e3b72c795c3c4d5cce7c04727cf5722018ad4d4,https://web.archive.org/web/20250718232253id_/https://bikinlaper.com/tag/konsep-waralaba-warteg/,
cached,tag/kuliner-imlek/index.html,https://bikinlaper.com/tag/kuliner-imlek/,20251009150834,text/html,79779,fdb646c54836bbd37ce08cee7d328d036fddc96ef1bf32661bd0cb30906b8358,https://web.archive.org/web/20251009150834id_/https://bikinlaper.com/tag/kuliner-imlek/,
cached,tag/makan-bubur-ayam/index.html,https://bikinlaper.com/tag/makan-bubur-ayam/,20251007052103,text/html,79729,07341622d051e3767e426de32c39ca657eac0a232f9e7dcb69c206f52f27b3f7,https://web.archive.org/web/20251007052103id_/https://bikinlaper.com/tag/makan-bubur-ayam/,
cached,tag/makanan-beku/index.html,https://bikinlaper.com/tag/makanan-beku/,20250916230809,text/html,83034,ba7a8db44c3d477639b6f947e0cde3b4d00b962613c37b20a8947851768e2c0b,https://web.archive.org/web/20250916230809id_/https://bikinlaper.com/tag/makanan-beku/,
cached,tag/makanan-western/index.html,https://bikinlaper.com/tag/makanan-western/,20250807042249,text/html,79838,aa0bbf3d6a1f202689433ff91872b79c30e0cd26158421d079e36a3c07e662c3,https://web.archive.org/web/20250807042249id_/https://bikinlaper.com/tag/makanan-western/,
cached,tag/menjaga-kesimbangan-hormon-wanita/index.html,https://bikinlaper.com/tag/menjaga-kesimbangan-hormon-wanita/,20250214022529,text/html,80147,be24a3d529aa8c88d03be71caaa8a73fcc5719cfe5cd4a185a2e8f6073dd17ef,https://web.archive.org/web/20250214022529id_/https://bikinlaper.com/tag/menjaga-kesimbangan-hormon-wanita/,
cached,tag/menu-lebaran-kekinian/index.html,https://bikinlaper.com/tag/menu-lebaran-kekinian/,20251009133616,text/html,82117,485d4a0efe2095e9aaf2c25521fdfc172ed83e892e1712c853b855d9551b26ec,https://web.archive.org/web/20251009133616id_/https://bikinlaper.com/tag/menu-lebaran-kekinian/,
cached,tag/menu-lebaran-sederhana-tapi-mewah/index.html,https://bikinlaper.com/tag/menu-lebaran-sederhana-tapi-mewah/,20251007054620,text/html,82502,ef1f107016b6d6d4ab0c13c066153e695d20084e742eae44a639fc963046c693,https://web.archive.org/web/20251007054620id_/https://bikinlaper.com/tag/menu-lebaran-sederhana-tapi-mewah/,
cached,tag/mie-banglades/index.html,https://bikinlaper.com/tag/mie-banglades/,20251007045551,text/html,79731,ae51696c1c9fc03c274a33f0a032763c4de4a94398eb9f5fc9381a84a9d00380,https://web.archive.org/web/20251007045551id_/https://bikinlaper.com/tag/mie-banglades/,
cached,tag/minuman-khas-arab/index.html,https://bikinlaper.com/tag/minuman-khas-arab/,20251009151405,text/html,82053,3350e3ec5c090f95a5d8726eda75ca3e45ea1071729379311a8179b6325a8d54,https://web.archive.org/web/20251009151405id_/https://bikinlaper.com/tag/minuman-khas-arab/,
cached,tag/modal-usaha-kuliner/index.html,https://bikinlaper.com/tag/modal-usaha-kuliner/,20251007064130,text/html,79785,f8e66a6c1f300dd41baca53af8250789d7497cb7a87c8ecaab8f6ee2a0ef4b93,https://web.archive.org/web/20251007064130id_/https://bikinlaper.com/tag/modal-usaha-kuliner/,
cached,tag/nama-mie-pedas-yang-unik/index.html,https://bikinlaper.com/tag/nama-mie-pedas-yang-unik/,20250718233709,text/html,81847,e97cf22d41e27785ded9e8f76c66b05bdd35a92336612c4f4e36cb73757fc351,https://web.archive.org/web/20250718233709id_/https://bikinlaper.com/tag/nama-mie-pedas-yang-unik/,
cached,tag/nasi-uduk-gaul-ibu-wiri/index.html,https://bikinlaper.com/tag/nasi-uduk-gaul-ibu-wiri/,20251009135557,text/html,87765,34c0e4fd96a81757d958808e0cd7cb607a7a181417ec7bcd34477cdf7b1733df,https://web.archive.org/web/20251009135557id_/https://bikinlaper.com/tag/nasi-uduk-gaul-ibu-wiri/,
cached,tag/olahan-nasi-sisa-buat-cemilan/index.html,https://bikinlaper.com/tag/olahan-nasi-sisa-buat-cemilan/,20250214021329,text/html,82501,1ccc24060a7217dd3030637935c63bec75181feba5c337a10c064c00b515f456,https://web.archive.org/web/20250214021329id_/https://bikinlaper.com/tag/olahan-nasi-sisa-buat-cemilan/,
cached,tag/pasta-kuliner/index.html,https://bikinlaper.com/tag/pasta-kuliner/,20251007052724,text/html,87302,b8ea820250a3f67516d3b33dc93f369b2fe4d150a4bac7c477c91d97487bf3bf,https://web.archive.org/web/20251007052724id_/https://bikinlaper.com/tag/pasta-kuliner/,
cached,tag/pecel-lele-lamongan-35/index.html,https://bikinlaper.com/tag/pecel-lele-lamongan-35/,20250718222530,text/html,85896,e4b0c3ffad5918d541d1d6b0ff8fc2ab8c372db03805b21ce909ab784bc44eb7,https://web.archive.org/web/20250718222530id_/https://bikinlaper.com/tag/pecel-lele-lamongan-35/,
cached,tag/pembeli/index.html,https://bikinlaper.com/tag/pembeli/,20250613132623,text/html,87211,1fa88d0c02354f2f587972c0e4e747d180dd6ede0349ee6e30a3b816ad28bfb6,https://web.archive.org/web/20250613132623id_/https://bikinlaper.com/tag/pembeli/,
cached,tag/pentol-budi-mulya/index.html,https://bikinlaper.com/tag/pentol-budi-mulya/,20251007063832,text/html,82079,3ccbf6859d30402560112d0b3a2a3768d3acfec70c34e80cb2153bf221d48d2e,https://web.archive.org/web/20251007063832id_/https://bikinlaper.com/tag/pentol-budi-mulya/,
cached,tag/promosi-usaha-kuliner/index.html,https://bikinlaper.com/tag/promosi-usaha-kuliner/,20251007053954,text/html,79832,68c2d95dcc23b267db5e5791b991cede73fdcca78e2fdecb289bb85f92776386,https://web.archive.org/web/20251007053954id_/https://bikinlaper.com/tag/promosi-usaha-kuliner/,
cached,tag/ramen-seirock-ya/index.html,https://bikinlaper.com/tag/ramen-seirock-ya/,20251009144907,text/html,86362,284e9c45abe301bd78877f6ca6f7f9682953728c4a2c05f2acd70458e59c73f8,https://web.archive.org/web/20251009144907id_/https://bikinlaper.com/tag/ramen-seirock-ya/,
cached,tag/ramen/index.html,https://bikinlaper.com/tag/ramen/,20251009144147,text/html,86197,a953d8de0aaf74dfc633bcf1761b18adb0182e36fd3a68d59c9a279cdb7f9991,https://web.archive.org/web/20251009144147id_/https://bikinlaper.com/tag/ramen/,
cached,tag/rekomendasi-makanan-harian/index.html,https://bikinlaper.com/tag/rekomendasi-makanan-harian/,20250513030042,text/html,79891,05b45c665162b90666cc44fb3d964f8bd4d3e3200f5c0cb9a1349722d6be0886,https://web.archive.org/web/20250513030042id_/https://bikinlaper.com/tag/rekomendasi-makanan-harian/,
cached,tag/resep-bebek-goreng/index.html,https://bikinlaper.com/tag/resep-bebek-goreng/,20251009144113,text/html,79787,891b36a364f4b2e903304cafaf41cb4f04ab750ff91bc520db7549c708c5937c,https://web.archive.org/web/20251009144113id_/https://bikinlaper.com/tag/resep-bebek-goreng/,
cached,tag/resep-perkedel-kentang/index.html,https://bikinlaper.com/tag/resep-perkedel-kentang/,20251009141040,text/html,82442,a74518b709c7884502fc32110af7c72b47052055e61d0d9ce9848629532b86be,https://web.archive.org/web/20251009141040id_/https://bikinlaper.com/tag/resep-perkedel-kentang/,
cached,tag/resep-usus-bumbu-kuning-warteg/index.html,https://bikinlaper.com/tag/resep-usus-bumbu-kuning-warteg/,20250807024822,text/html,82551,46476a7e31960b84f95ebceb6c50a8dd7a428eb9b8c03a6ab930b67e83a65b22,https://web.archive.org/web/20250807024822id_/https://bikinlaper.com/tag/resep-usus-bumbu-kuning-warteg/,
cached,tag/restoran-hanami/index.html,https://bikinlaper.com/tag/restoran-hanami/,20251007055708,text/html,84925,5c55a57e321456538a566c5059ccd247589f02b01b1fe4e3f6d4a114502851a0,https://web.archive.org/web/20251007055708id_/https://bikinlaper.com/tag/restoran-hanami/,
cached,tag/restoran-jakarta/index.html,https://bikinlaper.com/tag/restoran-jakarta/,20251007062924,text/html,86085,893117947ba7888cc5cf1cc8ec6201a702148d46b6eb561602129cd303b89b83,https://web.archive.org/web/20251007062924id_/https://bikinlaper.com/tag/restoran-jakarta/,
cached,tag/restoran-masakan-jepang/index.html,https://bikinlaper.com/tag/restoran-masakan-jepang/,20251007055902,text/html,79834,6641ad3efa3638664bab642cb8ab32a83e581f6cd60f2062a33e3e5e74e507c1,https://web.archive.org/web/20251007055902id_/https://bikinlaper.com/tag/restoran-masakan-jepang/,
cached,tag/restoran-nuasa-asia/index.html,https://bikinlaper.com/tag/restoran-nuasa-asia/,20250513032325,text/html,86129,8b64d97eedca93160ccf08c5fb4f2564fab0c5040cb26e59d1b11a66e3b457e7,https://web.archive.org/web/20250513032325id_/https://bikinlaper.com/tag/restoran-nuasa-asia/,
cached,tag/restoran/index.html,https://bikinlaper.com/tag/restoran/,20251009143249,text/html,92566,2951066714b065250a9c6ce291b650ca0b5a3a4b13a5dee1d65d0185007db5c1,https://web.archive.org/web/20251009143249id_/https://bikinlaper.com/tag/restoran/,
cached,tag/rumah-makan-raden-bahari/index.html,https://bikinlaper.com/tag/rumah-makan-raden-bahari/,20251009145847,text/html,84465,a25744a63b6f837f21bd065752f7c549f87b653792f9aa8aece9ba3b6b2dabf4,https://web.archive.org/web/20251009145847id_/https://bikinlaper.com/tag/rumah-makan-raden-bahari/,
cached,tag/sate-tegal-pak-ahmad/index.html,https://bikinlaper.com/tag/sate-tegal-pak-ahmad/,20251007053144,text/html,82092,e973b568bc526401acdc664307fc2b9d6a7f246182a8f8bf6aec602de14b764f,https://web.archive.org/web/20251007053144id_/https://bikinlaper.com/tag/sate-tegal-pak-ahmad/,
cached,tag/sejarah-bolu-meranti/index.html,https://bikinlaper.com/tag/sejarah-bolu-meranti/,20250214015334,text/html,79972,b0bd38ddc23e45d1a421f0ff65c76b0c38580e8687ddd506bac951af3fd8338b,https://web.archive.org/web/20250214015334id_/https://bikinlaper.com/tag/sejarah-bolu-meranti/,
cached,tag/sejarah-roti-macan/index.html,https://bikinlaper.com/tag/sejarah-roti-macan/,20250613133047,text/html,79815,e4dfc66c56c0322c4153bc08375012f799093c6c3ee96bf48c86252c5258cfde,https://web.archive.org/web/20250613133047id_/https://bikinlaper.com/tag/sejarah-roti-macan/,
cached,tag/sejarah-sandwich-kuba/index.html,https://bikinlaper.com/tag/sejarah-sandwich-kuba/,20251007063219,text/html,79797,2f542d02b4c82e8103713b22cdc7090241756cd7b610163902ab70e71323ae2b,https://web.archive.org/web/20251007063219id_/https://bikinlaper.com/tag/sejarah-sandwich-kuba/,
cached,tag/siomay-mitra-jatinegara/index.html,https://bikinlaper.com/tag/siomay-mitra-jatinegara/,20251007052647,text/html,82031,173c1a16ab4f3dbc21b785deaa59e4e83f7b864c330708b2ecac51ea13f6d5fb,https://web.archive.org/web/20251007052647id_/https://bikinlaper.com/tag/siomay-mitra-jatinegara/,
cached,tag/steak-21/index.html,https://bikinlaper.com/tag/steak-21/,20251007055328,text/html,79685,3c9c7d1279211ccd77e99d913a972afe4a061e9f0a01098b23485045b0466003,https://web.archive.org/web/20251007055328id_/https://bikinlaper.com/tag/steak-21/,
cached,tag/strategi-bisnis-kuliner/index.html,https://bikinlaper.com/tag/strategi-bisnis-kuliner/,20250421152103,text/html,79828,a8aca5342bc996210d8a61ea22c3ecc77dbd14fd31ac7414a6b915ba073668f8,https://web.archive.org/web/20250421152103id_/https://bikinlaper.com/tag/strategi-bisnis-kuliner/,
cached,tag/tahun-baru-imlek/index.html,https://bikinlaper.com/tag/tahun-baru-imlek/,20250807041350,text/html,79761,77c85b9a06b6ded5761cc7ec3d69742cff8e33a87b1ced372110c46cc526ee7e,https://web.archive.org/web/20250807041350id_/https://bikinlaper.com/tag/tahun-baru-imlek/,
cached,tag/tata-cara-makan-di-warteg/index.html,https://bikinlaper.com/tag/tata-cara-makan-di-warteg/,20251007052941,text/html,86183,19cb1c38bdaa2914118cbae63eb7fd7a8ec36a30ab1e774174dc92ea0882566e,https://web.archive.org/web/20251007052941id_/https://bikinlaper.com/tag/tata-cara-makan-di-warteg/,
cached,tag/usaha-ayam-goreng-gerobakan/index.html,https://bikinlaper.com/tag/usaha-ayam-goreng-gerobakan/,20251009134341,text/html,79912,8d9cab3dc6757a9d383f2a4bd417ed2c50b3006d9b2aa571cc4badcf08773d8d,https://web.archive.org/web/20251009134341id_/https://bikinlaper.com/tag/usaha-ayam-goreng-gerobakan/,
cached,tag/usaha-warteg-di-jakarta/index.html,https://bikinlaper.com/tag/usaha-warteg-di-jakarta/,20250916223832,text/html,79885,ed697212849cc39e410722a049d3836ac051d3f7af7daa241d9e75a64994f834,https://web.archive.org/web/20250916223832id_/https://bikinlaper.com/tag/usaha-warteg-di-jakarta/,
cached,tag/variasi-otak-otak/index.html,https://bikinlaper.com/tag/variasi-otak-otak/,20250807033439,text/html,84518,6835ff27167329a11f608d11a20de8edabe5340a4f6dff8ea96014d72af7a77f,https://web.archive.org/web/20250807033439id_/https://bikinlaper.com/tag/variasi-otak-otak/,
cached,tag/venji/index.html,https://bikinlaper.com/tag/venji/,20250613135732,text/html,79612,b4fcd94d8a0c37b94740948d9438fb408562da4759ca7e88ce33995a54520226,https://web.archive.org/web/20250613135732id_/https://bikinlaper.com/tag/venji/,
cached,tag/venjii/index.html,https://bikinlaper.com/tag/venjii/,20250421144926,text/html,87196,0b59d3394877c5431319eacf1f23e3013acc6dc3d6fcadd36b7435dd1624ee11,https://web.archive.org/web/20250421144926id_/https://bikinlaper.com/tag/venjii/,
cached,tag/waralaba-ayam-goreng/index.html,https://bikinlaper.com/tag/waralaba-ayam-goreng/,20251007052906,text/html,84336,3814be275f91301cb09126860e542b14fc6b3f64d4c4a7227bad6abd63321d0a,https://web.archive.org/web/20251007052906id_/https://bikinlaper.com/tag/waralaba-ayam-goreng/,
cached,tag/waralaba-masa-kini/index.html,https://bikinlaper.com/tag/waralaba-masa-kini/,20251009134939,text/html,79816,a9046fc581d2d36a83d57f09b9bbc1508dba9869fe79e75599be9dee480d7c9f,https://web.archive.org/web/20251009134939id_/https://bikinlaper.com/tag/waralaba-masa-kini/,
cached,tag/waralaba-yang-menguntungkan/index.html,https://bikinlaper.com/tag/waralaba-yang-menguntungkan/,20251009144941,text/html,79924,2897a32d0b2cdd121c937841db64776aad396a6a9914d617a73b10a102f938e6,https://web.archive.org/web/20251009144941id_/https://bikinlaper.com/tag/waralaba-yang-menguntungkan/,
cached,tag/waralaba/index.html,https://bikinlaper.com/tag/waralaba/,20250916220437,text/html,84892,ef713e61129eb8cb77b28bb69caed6e3ce962aa738cde9a03badebfd48b5f1a7,https://web.archive.org/web/20250916220437id_/https://bikinlaper.com/tag/waralaba/,
cached,tag/warteg-orens-bahari/index.html,https://bikinlaper.com/tag/warteg-orens-bahari/,20251009145231,text/html,79772,6f0fad9111f7e320720f0ca83220819f6508ec279bae7c3ca95dfea015c47ea7,https://web.archive.org/web/20251009145231id_/https://bikinlaper.com/tag/warteg-orens-bahari/,
cached,tag/warung-makan/index.html,https://bikinlaper.com/tag/warung-makan/,20251007055555,text/html,79726,b3e86fd7dbb7eb9820812c56faea59ffb91f07d2cd16a79d5186cc58ff38eabe,https://web.archive.org/web/20251007055555id_/https://bikinlaper.com/tag/warung-makan/,
cached,tag/yoshinoya/index.html,https://bikinlaper.com/tag/yoshinoya/,20251009151751,text/html,79666,e42784929793cbaabd0cb0bc413f7ddff2a214a24cc7b5d087feac9b33cd9d58,https://web.archive.org/web/20251009151751id_/https://bikinlaper.com/tag/yoshinoya/,
cached,tag/zodiak-dan-makanan/index.html,https://bikinlaper.com/tag/zodiak-dan-makanan/,20251009133525,text/html,79783,4bb20637d17cec7cb04e4340afe34a2102585ab1b023af0989aa89a2eb5935f3,https://web.archive.org/web/20251009133525id_/https://bikinlaper.com/tag/zodiak-dan-makanan/,
cached,tag/zodiak-gemini-besok/index.html,https://bikinlaper.com/tag/zodiak-gemini-besok/,20251009141156,text/html,82571,53d294f14dc50f579e7f21d7cb5252fb3cebaabd7c5680e85e298988f925258e,https://web.archive.org/web/20251009141156id_/https://bikinlaper.com/tag/zodiak-gemini-besok/,
cached,tata-cara-makan-di-warteg-yang-baik-dan-benar-sebuah-panduan-praktis-untuk-menikmati-makanan-warung-tegal/index.html,https://bikinlaper.com/tata-cara-makan-di-warteg-yang-baik-dan-benar-sebuah-panduan-praktis-untuk-menikmati-makanan-warung-tegal/,20250114023254,text/html,164577,2716819783a1049a70dd4a29cbacc5dc436bc4a301cec80b8d722fa0870bbb08,https://web.archive.org/web/20250114023254id_/https://bikinlaper.com/tata-cara-makan-di-warteg-yang-baik-dan-benar-sebuah-panduan-praktis-untuk-menikmati-makanan-warung-tegal/,
cached,tengkleng-pak-manto-menyelami-kelezatan-kuliner-tradisional-di-surabaya/feed.xml,https://bikinlaper.com/tengkleng-pak-manto-menyelami-kelezatan-kuliner-tradisional-di-surabaya/feed/,20231211154239,application/rss+xml,1053,94a8750c3c0fa09f02925f141df26f57693c23654dd0e69cc43c4a4021ecb899,https://web.archive.org/web/20231211154239id_/https://bikinlaper.com/tengkleng-pak-manto-menyelami-kelezatan-kuliner-tradisional-di-surabaya/feed/,
cached,tengkleng-pak-manto-menyelami-kelezatan-kuliner-tradisional-di-surabaya/index.html,https://bikinlaper.com/tengkleng-pak-manto-menyelami-kelezatan-kuliner-tradisional-di-surabaya/,20251007061435,text/html,159962,49808a6bc60ab87267d0f79956ca2515d48bc6befe81259fe55bb9255a2d7dc1,https://web.archive.org/web/20251007061435id_/https://bikinlaper.com/tengkleng-pak-manto-menyelami-kelezatan-kuliner-tradisional-di-surabaya/,
cached,tengkleng-pak-manto-menyelami-kelezatan-kuliner-tradisional-di-surabaya/tengkleng/index.html,https://bikinlaper.com/tengkleng-pak-manto-menyelami-kelezatan-kuliner-tradisional-di-surabaya/tengkleng/,20251007062218,text/html,87429,f451b5239d5123566f8b5c76fd7b913bbea4731571a64916d5badbee33a3bff4,https://web.archive.org/web/20251007062218id_/https://bikinlaper.com/tengkleng-pak-manto-menyelami-kelezatan-kuliner-tradisional-di-surabaya/tengkleng/,
cached,tentang-kami/index.html,https://bikinlaper.com/tentang-kami/,20250718221807,text/html,87106,09c212cd5dbd256862de08e4e96e1c3c6dd5582c66363b59c00693ccad9b80e2,https://web.archive.org/web/20250718221807id_/https://bikinlaper.com/tentang-kami/,
cached,tips-membuka-usaha-ayam-goreng-gerobakan-bisa-berkembang/index.html,https://bikinlaper.com/tips-membuka-usaha-ayam-goreng-gerobakan-bisa-berkembang/,20250513030453,text/html,168715,ba290e769a48a959217bd77f33c276ec7f8c705e68c844b86ca1652939bf8b19,https://web.archive.org/web/20250513030453id_/https://bikinlaper.com/tips-membuka-usaha-ayam-goreng-gerobakan-bisa-berkembang/,
cached,tips-sebelum-menjadi-mitra-franchise-air-minum-biru/index.html,https://bikinlaper.com/tips-sebelum-menjadi-mitra-franchise-air-minum-biru/,20251007064936,text/html,151044,49dee670ed5ac5184062b1623ca59af47404b480f1f499e3946e07ffb117c321,https://web.archive.org/web/20251007064936id_/https://bikinlaper.com/tips-sebelum-menjadi-mitra-franchise-air-minum-biru/,
cached,title-menemukan-kenikmatan-kuliner-mengapa-tempat-makan-favorit-adalah-pengalaman-yang-tidak-terlupakan/index.html,https://bikinlaper.com/title-menemukan-kenikmatan-kuliner-mengapa-tempat-makan-favorit-adalah-pengalaman-yang-tidak-terlupakan/,20251007045836,text/html,152179,4b34ed2555af8421ed3bf5cb3d2b05e7bff49aeafc082b2faf19d90fa7ab7055,https://web.archive.org/web/20251007045836id_/https://bikinlaper.com/title-menemukan-kenikmatan-kuliner-mengapa-tempat-makan-favorit-adalah-pengalaman-yang-tidak-terlupakan/,
cached,title-menjelajahi-kekayaan-kuliner-memahami-variasi-menu-makanan-dalam-konteks-kesehatan-dan-kreativitas/index.html,https://bikinlaper.com/title-menjelajahi-kekayaan-kuliner-memahami-variasi-menu-makanan-dalam-konteks-kesehatan-dan-kreativitas/,20250807034107,text/html,152120,617a011ddcf084bb74fd9002026c0d2dcb70c34fe862003936db15240734aad0,https://web.archive.org/web/20250807034107id_/https://bikinlaper.com/title-menjelajahi-kekayaan-kuliner-memahami-variasi-menu-makanan-dalam-konteks-kesehatan-dan-kreativitas/,
cached,title-merayakan-keunikan-mengintip-keindahan-dan-pesona-di-balik-cafe-unik/index.html,https://bikinlaper.com/title-merayakan-keunikan-mengintip-keindahan-dan-pesona-di-balik-cafe-unik/,20251009140239,text/html,149719,37bdfa246843b186d706f6f4b5addebf669af9dfc7b4d06383de91a97afccf6a,https://web.archive.org/web/20251009140239id_/https://bikinlaper.com/title-merayakan-keunikan-mengintip-keindahan-dan-pesona-di-balik-cafe-unik/,
cached,transformasi-industri-kuliner-inovasi-tantangan-dan-peluang-di-era-modern/index.html,https://bikinlaper.com/transformasi-industri-kuliner-inovasi-tantangan-dan-peluang-di-era-modern/,20250718232946,text/html,158910,ae072e7233681e4143d92ab919dcfeaedb639996c0890f16bae63676e200e2c1,https://web.archive.org/web/20250718232946id_/https://bikinlaper.com/transformasi-industri-kuliner-inovasi-tantangan-dan-peluang-di-era-modern/,
cached,trend-waralaba-masa-kini-yang-lagi-di-gandrungi-milenial/index.html,https://bikinlaper.com/trend-waralaba-masa-kini-yang-lagi-di-gandrungi-milenial/,20251009151011,text/html,152493,9fa44e688fd1695f7a6d5092400d320a15b2a4e5e1c3104d9dfb5225d265cd11,https://web.archive.org/web/20251009151011id_/https://bikinlaper.com/trend-waralaba-masa-kini-yang-lagi-di-gandrungi-milenial/,
cached,wp-content/plugins/elementor/assets/css/_queries/frontend.min.css__q_6a10602e2a.html,https://bikinlaper.com/wp-content/plugins/elementor/assets/css/frontend.min.css?ver=3.25.6,20241122044329,text/html,1565,955569feb173fb4eb3c56940746cf0213dc0f72a742346244c91004bc10f5945,https://web.archive.org/web/20241122044329id_/https://bikinlaper.com/wp-content/plugins/elementor/assets/css/frontend.min.css?ver=3.25.6,
cached,wp-content/plugins/elementor/assets/css/conditionals/e-swiper.min__q_6a10602e2a.css,https://bikinlaper.com/wp-content/plugins/elementor/assets/css/conditionals/e-swiper.min.css?ver=3.25.6,20241122062219,text/css,10260,9bc52b3c4e9973d64baa482f332ed895f80d0cd2be37e6a49bf1a2e831eb5ac9,https://web.archive.org/web/20241122062219id_/https://bikinlaper.com/wp-content/plugins/elementor/assets/css/conditionals/e-swiper.min.css?ver=3.25.6,
cached,wp-content/plugins/elementor/assets/css/frontend.min.css,https://bikinlaper.com/wp-content/plugins/elementor/assets/css/frontend.min.css,20241122045640,text/css,60575,b32bbcdf470b63f622537beef470bbfff7ae2b17f43abfb7b7a3fb8694e7a464,https://web.archive.org/web/20241122045640id_/https://bikinlaper.com/wp-content/plugins/elementor/assets/css/frontend.min.css,
cached,wp-content/plugins/elementor/assets/css/widget-heading.min.css,https://bikinlaper.com/wp-content/plugins/elementor/assets/css/widget-heading.min.css,20241123201047,text/css,600,c3272d01b700651e7d79309729764ca8dd542e973f2723ede07e4a5e42de5fa2,https://web.archive.org/web/20241123201047id_/https://bikinlaper.com/wp-content/plugins/elementor/assets/css/widget-heading.min.css,
cached,wp-content/plugins/elementor/assets/css/widget-icon-list.min.css,https://bikinlaper.com/wp-content/plugins/elementor/assets/css/widget-icon-list.min.css,20231211145751,text/css,9921,31e3c978a84bf4df91359fba5efa219633808f3859fc5f831bb62ebf5c7325ad,https://web.archive.org/web/20231211145751id_/https://bikinlaper.com/wp-content/plugins/elementor/assets/css/widget-icon-list.min.css,
cached,wp-content/plugins/elementor/assets/css/widget-image.min.css,https://bikinlaper.com/wp-content/plugins/elementor/assets/css/widget-image.min.css,20241122084215,text/css,254,56aebedc3cbd4bff5447a6e9a59baa2597019373582f3ecc6baf9b47cf68f081,https://web.archive.org/web/20241122084215id_/https://bikinlaper.com/wp-content/plugins/elementor/assets/css/widget-image.min.css,
cached,wp-content/plugins/elementor/assets/css/widget-image.min__q_6a10602e2a.css,https://bikinlaper.com/wp-content/plugins/elementor/assets/css/widget-image.min.css?ver=3.25.6,20241122051910,text/css,254,56aebedc3cbd4bff5447a6e9a59baa2597019373582f3ecc6baf9b47cf68f081,https://web.archive.org/web/20241122051910id_/https://bikinlaper.com/wp-content/plugins/elementor/assets/css/widget-image.min.css?ver=3.25.6,
cached,wp-content/plugins/elementor/assets/js/frontend-modules.min.js,https://bikinlaper.com/wp-content/plugins/elementor/assets/js/frontend-modules.min.js,20241122044506,text/javascript,54824,211c17f57ea667b824f123b80612c6cdaabf0c1af32a2b933d45583dbafadee2,https://web.archive.org/web/20241122044506id_/https://bikinlaper.com/wp-content/plugins/elementor/assets/js/frontend-modules.min.js,
cached,wp-content/plugins/elementor/assets/js/frontend-modules.min__q_6a10602e2a.js,https://bikinlaper.com/wp-content/plugins/elementor/assets/js/frontend-modules.min.js?ver=3.25.6,20241122044720,text/javascript,54824,211c17f57ea667b824f123b80612c6cdaabf0c1af32a2b933d45583dbafadee2,https://web.archive.org/web/20241122044720id_/https://bikinlaper.com/wp-content/plugins/elementor/assets/js/frontend-modules.min.js?ver=3.25.6,
cached,wp-content/plugins/elementor/assets/js/frontend-modules.min__q_a2a6f75a58.js,https://bikinlaper.com/wp-content/plugins/elementor/assets/js/frontend-modules.min.js?ver=3.17.3,20231211142745,application/javascript,60151,fe2b279e27abcce2aaa29cb64e7424cced3465bd6837490093f8e4d26627b31b,https://web.archive.org/web/20231211142745id_/https://bikinlaper.com/wp-content/plugins/elementor/assets/js/frontend-modules.min.js?ver=3.17.3,
cached,wp-content/plugins/elementor/assets/js/frontend.min.js,https://bikinlaper.com/wp-content/plugins/elementor/assets/js/frontend.min.js,20241122044702,text/javascript,44112,1bac8f9c5a5a87ca79722e02502c815db65261a97a2201fa4a77ea02031cb6f5,https://web.archive.org/web/20241122044702id_/https://bikinlaper.com/wp-content/plugins/elementor/assets/js/frontend.min.js,
cached,wp-content/plugins/elementor/assets/js/frontend.min__q_6a10602e2a.js,https://bikinlaper.com/wp-content/plugins/elementor/assets/js/frontend.min.js?ver=3.25.6,20241122055629,text/javascript,44112,1bac8f9c5a5a87ca79722e02502c815db65261a97a2201fa4a77ea02031cb6f5,https://web.archive.org/web/20241122055629id_/https://bikinlaper.com/wp-content/plugins/elementor/assets/js/frontend.min.js?ver=3.25.6,
cached,wp-content/plugins/elementor/assets/js/frontend.min__q_a2a6f75a58.js,https://bikinlaper.com/wp-content/plugins/elementor/assets/js/frontend.min.js?ver=3.17.3,20231211142751,application/javascript,40436,658f3a895bca2fee13e440e355fe44511cb4fd3bd72156b268f2950bb1003b30,https://web.archive.org/web/20231211142751id_/https://bikinlaper.com/wp-content/plugins/elementor/assets/js/frontend.min.js?ver=3.17.3,
cached,wp-content/plugins/elementor/assets/js/webpack.runtime.min.js,https://bikinlaper.com/wp-content/plugins/elementor/assets/js/webpack.runtime.min.js,20241122045936,text/javascript,5252,ea8d8d4cf474982920ff82096a0a766482772862c31a9fabf428bbadc471f8eb,https://web.archive.org/web/20241122045936id_/https://bikinlaper.com/wp-content/plugins/elementor/assets/js/webpack.runtime.min.js,
cached,wp-content/plugins/elementor/assets/js/webpack.runtime.min__q_6a10602e2a.js,https://bikinlaper.com/wp-content/plugins/elementor/assets/js/webpack.runtime.min.js?ver=3.25.6,20241122051557,text/javascript,5252,ea8d8d4cf474982920ff82096a0a766482772862c31a9fabf428bbadc471f8eb,https://web.archive.org/web/20241122051557id_/https://bikinlaper.com/wp-content/plugins/elementor/assets/js/webpack.runtime.min.js?ver=3.25.6,
cached,wp-content/plugins/elementor/assets/js/webpack.runtime.min__q_a2a6f75a58.js,https://bikinlaper.com/wp-content/plugins/elementor/assets/js/webpack.runtime.min.js?ver=3.17.3,20231211142744,application/javascript,4997,263d6264b8a006bde843f733401522760c8a67452cbadfa35a4a69ce6aff7524,https://web.archive.org/web/20231211142744id_/https://bikinlaper.com/wp-content/plugins/elementor/assets/js/webpack.runtime.min.js?ver=3.17.3,
cached,wp-content/plugins/elementor/assets/lib/animations/animations.min.css,https://bikinlaper.com/wp-content/plugins/elementor/assets/lib/animations/animations.min.css,20241122051532,text/css,18468,fe513ef974b767510d0a2b9f1b4d3afa53185b89ab617c869e5e3d6db960192c,https://web.archive.org/web/20241122051532id_/https://bikinlaper.com/wp-content/plugins/elementor/assets/lib/animations/animations.min.css,
cached,wp-content/plugins/elementor/assets/lib/animations/animations.min__q_6a10602e2a.css,https://bikinlaper.com/wp-content/plugins/elementor/assets/lib/animations/animations.min.css?ver=3.25.6,20241122134843,text/css,18468,fe513ef974b767510d0a2b9f1b4d3afa53185b89ab617c869e5e3d6db960192c,https://web.archive.org/web/20241122134843id_/https://bikinlaper.com/wp-content/plugins/elementor/assets/lib/animations/animations.min.css?ver=3.25.6,
cached,wp-content/plugins/elementor/assets/lib/animations/animations.min__q_a2a6f75a58.css,https://bikinlaper.com/wp-content/plugins/elementor/assets/lib/animations/animations.min.css?ver=3.17.3,20231211142753,text/css,18468,fe513ef974b767510d0a2b9f1b4d3afa53185b89ab617c869e5e3d6db960192c,https://web.archive.org/web/20231211142753id_/https://bikinlaper.com/wp-content/plugins/elementor/assets/lib/animations/animations.min.css?ver=3.17.3,
cached,wp-content/plugins/elementor/assets/lib/eicons/css/elementor-icons.min__q_1c56421b20.css,https://bikinlaper.com/wp-content/plugins/elementor/assets/lib/eicons/css/elementor-icons.min.css?ver=5.23.0,20231211142724,text/css,19533,941b1493157dfb7316bcb3c7357a94e9ba173607d80559408620f4ab4c39c88d,https://web.archive.org/web/20231211142724id_/https://bikinlaper.com/wp-content/plugins/elementor/assets/lib/eicons/css/elementor-icons.min.css?ver=5.23.0,
cached,wp-content/plugins/elementor/assets/lib/eicons/fonts/eicons__q_372cbf65f7.eot,https://bikinlaper.com/wp-content/plugins/elementor/assets/lib/eicons/fonts/eicons.eot?5.23.0,20231211142755,application/vnd.ms-fontobject,214608,c1fbcb3525d7aac82d75943e8b75bd1853396bac1d4350e9faec155d6e039c60,https://web.archive.org/web/20231211142755id_/https://bikinlaper.com/wp-content/plugins/elementor/assets/lib/eicons/fonts/eicons.eot?5.23.0,
cached,wp-content/plugins/elementor/assets/lib/eicons/fonts/eicons__q_372cbf65f7.svg,https://bikinlaper.com/wp-content/plugins/elementor/assets/lib/eicons/fonts/eicons.svg?5.23.0,20231211142756,image/svg+xml,322806,54a45f3286ccbceaebc159a02b7b2a662ce45b56b856c2ba3001d3a53e6fb051,https://web.archive.org/web/20231211142756id_/https://bikinlaper.com/wp-content/plugins/elementor/assets/lib/eicons/fonts/eicons.svg?5.23.0,
cached,wp-content/plugins/elementor/assets/lib/eicons/fonts/eicons__q_372cbf65f7.ttf,https://bikinlaper.com/wp-content/plugins/elementor/assets/lib/eicons/fonts/eicons.ttf?5.23.0,20231211142758,font/ttf,214448,36044cc2b96a52a0b04af568385415ff0d5cb0b8c0d3f211dd8de46bf1cd9926,https://web.archive.org/web/20231211142758id_/https://bikinlaper.com/wp-content/plugins/elementor/assets/lib/eicons/fonts/eicons.ttf?5.23.0,
cached,wp-content/plugins/elementor/assets/lib/eicons/fonts/eicons__q_372cbf65f7.woff,https://bikinlaper.com/wp-content/plugins/elementor/assets/lib/eicons/fonts/eicons.woff?5.23.0,20231211142800,font/woff,116044,c32cecf3c17a69c8bfde39be00bf61be31f873cc730974a648d63de35cc1ad33,https://web.archive.org/web/20231211142800id_/https://bikinlaper.com/wp-content/plugins/elementor/assets/lib/eicons/fonts/eicons.woff?5.23.0,
cached,wp-content/plugins/elementor/assets/lib/eicons/fonts/eicons__q_372cbf65f7.woff2,https://bikinlaper.com/wp-content/plugins/elementor/assets/lib/eicons/fonts/eicons.woff2?5.23.0,20231211142752,font/woff2,94720,9434610f03b23074f9ae8ba5dbed66819c052a1d3c8e2256296c50ddeb4fe7f8,https://web.archive.org/web/20231211142752id_/https://bikinlaper.com/wp-content/plugins/elementor/assets/lib/eicons/fonts/eicons.woff2?5.23.0,
cached,wp-content/plugins/elementor/assets/lib/font-awesome/css/fontawesome.min__q_8dca8df803.css,https://bikinlaper.com/wp-content/plugins/elementor/assets/lib/font-awesome/css/fontawesome.min.css?ver=5.15.3,20231211142739,text/css,57912,d01a2ba2805c78957e15a2958135de0f3cb88e95159dd0f6c0a032bd76b1b0e9,https://web.archive.org/web/20231211142739id_/https://bikinlaper.com/wp-content/plugins/elementor/assets/lib/font-awesome/css/fontawesome.min.css?ver=5.15.3,
cached,wp-content/plugins/elementor/assets/lib/font-awesome/css/regular.min__q_8dca8df803.css,https://bikinlaper.com/wp-content/plugins/elementor/assets/lib/font-awesome/css/regular.min.css?ver=5.15.3,20231211142756,text/css,677,eea3d6ccda7f6503078cce9dc41176c1357af1c93a5b3625131ef7cf21c9d7c4,https://web.archive.org/web/20231211142756id_/https://bikinlaper.com/wp-content/plugins/elementor/assets/lib/font-awesome/css/regular.min.css?ver=5.15.3,
cached,wp-content/plugins/elementor/assets/lib/font-awesome/css/solid.min__q_8dca8df803.css,https://bikinlaper.com/wp-content/plugins/elementor/assets/lib/font-awesome/css/solid.min.css?ver=5.15.3,20231211145814,text/css,669,37bab6cd583982e8eff58501a99d7c5c4d63664c1ca34f9e3b7cf526c5b73ae2,https://web.archive.org/web/20231211145814id_/https://bikinlaper.com/wp-content/plugins/elementor/assets/lib/font-awesome/css/solid.min.css?ver=5.15.3,
cached,wp-content/plugins/elementor/assets/lib/font-awesome/webfonts/fa-regular-400.woff2,https://bikinlaper.com/wp-content/plugins/elementor/assets/lib/font-awesome/webfonts/fa-regular-400.woff2,20250328052828,font/woff2,13276,8afc6e5e842baab16010c2ce6fcf48ec4ded8e1579a37c1f1bc027e120d04951,https://web.archive.org/web/20250328052828id_/https://bikinlaper.com/wp-content/plugins/elementor/assets/lib/font-awesome/webfonts/fa-regular-400.woff2,
cached,wp-content/plugins/elementor/assets/lib/font-awesome/webfonts/fa-solid-900.eot,https://bikinlaper.com/wp-content/plugins/elementor/assets/lib/font-awesome/webfonts/fa-solid-900.eot,20231211145933,application/vnd.ms-fontobject,203030,75a761159ae266c5332a4f266e07a5543712ffb76ee0260b07782195c04dc364,https://web.archive.org/web/20231211145933id_/https://bikinlaper.com/wp-content/plugins/elementor/assets/lib/font-awesome/webfonts/fa-solid-900.eot,
cached,wp-content/plugins/elementor/assets/lib/font-awesome/webfonts/fa-solid-900.svg,https://bikinlaper.com/wp-content/plugins/elementor/assets/lib/font-awesome/webfonts/fa-solid-900.svg,20231211145929,image/svg+xml,918991,fa498fb2596a5235c5c86d7b68a7fbe76e9855c01af4b0e5ab41c41047c648e0,https://web.archive.org/web/20231211145929id_/https://bikinlaper.com/wp-content/plugins/elementor/assets/lib/font-awesome/webfonts/fa-solid-900.svg,
cached,wp-content/plugins/elementor/assets/lib/font-awesome/webfonts/fa-solid-900.ttf,https://bikinlaper.com/wp-content/plugins/elementor/assets/lib/font-awesome/webfonts/fa-solid-900.ttf,20231211145925,font/ttf,202744,3d06af1f31cd83ace7a265a014b8fb5dee15770ecac8f7a55555190e627e03c2,https://web.archive.org/web/20231211145925id_/https://bikinlaper.com/wp-content/plugins/elementor/assets/lib/font-awesome/webfonts/fa-solid-900.ttf,
cached,wp-content/plugins/elementor/assets/lib/font-awesome/webfonts/fa-solid-900.woff,https://bikinlaper.com/wp-content/plugins/elementor/assets/lib/font-awesome/webfonts/fa-solid-900.woff,20231211145927,font/woff,101652,74edc18b67c487e32f181719fdb347e2e77020744651f446e9acd7bd6821e2e7,https://web.archive.org/web/20231211145927id_/https://bikinlaper.com/wp-content/plugins/elementor/assets/lib/font-awesome/webfonts/fa-solid-900.woff,
cached,wp-content/plugins/elementor/assets/lib/font-awesome/webfonts/fa-solid-900.woff2,https://bikinlaper.com/wp-content/plugins/elementor/assets/lib/font-awesome/webfonts/fa-solid-900.woff2,20231211145836,font/woff2,78196,d0b4256abed72481585662971262eabee345c19f837af00d7ce24239d3b40eef,https://web.archive.org/web/20231211145836id_/https://bikinlaper.com/wp-content/plugins/elementor/assets/lib/font-awesome/webfonts/fa-solid-900.woff2,
cached,wp-content/plugins/elementor/assets/lib/swiper/v8/css/swiper.min.css,https://bikinlaper.com/wp-content/plugins/elementor/assets/lib/swiper/v8/css/swiper.min.css,20241122050129,text/css,16471,c57e64fcb72bddafa9c38de574441c3e69ac6c961df96b0cad34da83658bd196,https://web.archive.org/web/20241122050129id_/https://bikinlaper.com/wp-content/plugins/elementor/assets/lib/swiper/v8/css/swiper.min.css,
cached,wp-content/plugins/elementor/assets/lib/swiper/v8/css/swiper.min__q_fd55fa22b7.css,https://bikinlaper.com/wp-content/plugins/elementor/assets/lib/swiper/v8/css/swiper.min.css?ver=8.4.5,20241122051024,text/css,16471,c57e64fcb72bddafa9c38de574441c3e69ac6c961df96b0cad34da83658bd196,https://web.archive.org/web/20241122051024id_/https://bikinlaper.com/wp-content/plugins/elementor/assets/lib/swiper/v8/css/swiper.min.css?ver=8.4.5,
cached,wp-content/plugins/elementor/assets/lib/waypoints/waypoints.min__q_1df6fb7fb2.js,https://bikinlaper.com/wp-content/plugins/elementor/assets/lib/waypoints/waypoints.min.js?ver=4.0.2,20231211142754,application/javascript,12198,214674cc77aba35ab3567b88e2739fd08e8e96c61d279559ad61874069683ea0,https://web.archive.org/web/20231211142754id_/https://bikinlaper.com/wp-content/plugins/elementor/assets/lib/waypoints/waypoints.min.js?ver=4.0.2,
cached,wp-content/plugins/google-analytics-for-wordpress/assets/js/frontend-gtag.min__q_619d20a61c.js,https://bikinlaper.com/wp-content/plugins/google-analytics-for-wordpress/assets/js/frontend-gtag.min.js?ver=8.22.0,20231211142743,application/javascript,11689,d7bdba02afa8c04c13f280c71a50f8c8186c883711c5dabbd13566dd738bff0a,https://web.archive.org/web/20231211142743id_/https://bikinlaper.com/wp-content/plugins/google-analytics-for-wordpress/assets/js/frontend-gtag.min.js?ver=8.22.0,
cached,wp-content/plugins/google-analytics-for-wordpress/assets/js/frontend-gtag.min__q_b09cbbe337.js,https://bikinlaper.com/wp-content/plugins/google-analytics-for-wordpress/assets/js/frontend-gtag.min.js?ver=8.23.1,20231226141437,application/javascript,11689,d7bdba02afa8c04c13f280c71a50f8c8186c883711c5dabbd13566dd738bff0a,https://web.archive.org/web/20231226141437id_/https://bikinlaper.com/wp-content/plugins/google-analytics-for-wordpress/assets/js/frontend-gtag.min.js?ver=8.23.1,
cached,wp-content/plugins/pro-elements/assets/css/frontend-lite.min__q_4c4868a89f.css,https://bikinlaper.com/wp-content/plugins/pro-elements/assets/css/frontend-lite.min.css?ver=3.17.1,20231211142748,text/css,11607,a0cd08acc0da19dfd6f14c3aaefb09294dcf8bce5fdb0c798f94a866d1c572fe,https://web.archive.org/web/20231211142748id_/https://bikinlaper.com/wp-content/plugins/pro-elements/assets/css/frontend-lite.min.css?ver=3.17.1,
cached,wp-content/plugins/pro-elements/assets/css/frontend.min.css,https://bikinlaper.com/wp-content/plugins/pro-elements/assets/css/frontend.min.css,20241122061755,text/css,455792,8f3778819f0379ff33a687f9ae7dab7cbdf28739873126bfb981d4d682a09a92,https://web.archive.org/web/20241122061755id_/https://bikinlaper.com/wp-content/plugins/pro-elements/assets/css/frontend.min.css,
cached,wp-content/plugins/pro-elements/assets/css/frontend.min__q_c7fdf3cfe2.css,https://bikinlaper.com/wp-content/plugins/pro-elements/assets/css/frontend.min.css?ver=3.20.2,20241122052424,text/css,455792,8f3778819f0379ff33a687f9ae7dab7cbdf28739873126bfb981d4d682a09a92,https://web.archive.org/web/20241122052424id_/https://bikinlaper.com/wp-content/plugins/pro-elements/assets/css/frontend.min.css?ver=3.20.2,
cached,wp-content/plugins/pro-elements/assets/js/elements-handlers.min__q_4c4868a89f.js,https://bikinlaper.com/wp-content/plugins/pro-elements/assets/js/elements-handlers.min.js?ver=3.17.1,20231211142751,application/javascript,35673,ebb58027c6e279dd434654719723926eb971568936852aebde0825b72f9e74a5,https://web.archive.org/web/20231211142751id_/https://bikinlaper.com/wp-content/plugins/pro-elements/assets/js/elements-handlers.min.js?ver=3.17.1,
cached,wp-content/plugins/pro-elements/assets/js/frontend.min.js,https://bikinlaper.com/wp-content/plugins/pro-elements/assets/js/frontend.min.js,20241122044837,text/javascript,25065,5aeea399511f8c2953f999230a153ed3a0bf218ce05afa1f156666fc9980f28e,https://web.archive.org/web/20241122044837id_/https://bikinlaper.com/wp-content/plugins/pro-elements/assets/js/frontend.min.js,
cached,wp-content/plugins/pro-elements/assets/js/frontend.min__q_4c4868a89f.js,https://bikinlaper.com/wp-content/plugins/pro-elements/assets/js/frontend.min.js?ver=3.17.1,20231211142743,application/javascript,24673,799599f23db51693040bf18dfc88d68c9c8183a0fb78f79f82640c743ac6eed5,https://web.archive.org/web/20231211142743id_/https://bikinlaper.com/wp-content/plugins/pro-elements/assets/js/frontend.min.js?ver=3.17.1,
cached,wp-content/plugins/pro-elements/assets/js/frontend.min__q_c7fdf3cfe2.js,https://bikinlaper.com/wp-content/plugins/pro-elements/assets/js/frontend.min.js?ver=3.20.2,20241122054400,text/javascript,25065,5aeea399511f8c2953f999230a153ed3a0bf218ce05afa1f156666fc9980f28e,https://web.archive.org/web/20241122054400id_/https://bikinlaper.com/wp-content/plugins/pro-elements/assets/js/frontend.min.js?ver=3.20.2,
cached,wp-content/plugins/pro-elements/assets/js/preloaded-elements-handlers.min.js,https://bikinlaper.com/wp-content/plugins/pro-elements/assets/js/preloaded-elements-handlers.min.js,20241122044640,text/javascript,221378,9d756808b72f73ff6d39eff179798cc31377dfd206bbe5fd64a744acc3138dba,https://web.archive.org/web/20241122044640id_/https://bikinlaper.com/wp-content/plugins/pro-elements/assets/js/preloaded-elements-handlers.min.js,
cached,wp-content/plugins/pro-elements/assets/js/preloaded-elements-handlers.min__q_c7fdf3cfe2.js,https://bikinlaper.com/wp-content/plugins/pro-elements/assets/js/preloaded-elements-handlers.min.js?ver=3.20.2,20241122051601,text/javascript,221378,9d756808b72f73ff6d39eff179798cc31377dfd206bbe5fd64a744acc3138dba,https://web.archive.org/web/20241122051601id_/https://bikinlaper.com/wp-content/plugins/pro-elements/assets/js/preloaded-elements-handlers.min.js?ver=3.20.2,
cached,wp-content/plugins/pro-elements/assets/js/webpack-pro.runtime.min.js,https://bikinlaper.com/wp-content/plugins/pro-elements/assets/js/webpack-pro.runtime.min.js,20241122051553,text/javascript,5824,fe2f0d6067ffd4c47aedb8deb9391b3199bce05f93a10f88f1d86f28647424ad,https://web.archive.org/web/20241122051553id_/https://bikinlaper.com/wp-content/plugins/pro-elements/assets/js/webpack-pro.runtime.min.js,
cached,wp-content/plugins/pro-elements/assets/js/webpack-pro.runtime.min__q_4c4868a89f.js,https://bikinlaper.com/wp-content/plugins/pro-elements/assets/js/webpack-pro.runtime.min.js?ver=3.17.1,20231211142744,application/javascript,5800,1a1154da0ae969eef45de1eb664e990a14396844e08c165d1ad1ce2b77b43cd8,https://web.archive.org/web/20231211142744id_/https://bikinlaper.com/wp-content/plugins/pro-elements/assets/js/webpack-pro.runtime.min.js?ver=3.17.1,
cached,wp-content/plugins/pro-elements/assets/js/webpack-pro.runtime.min__q_c7fdf3cfe2.js,https://bikinlaper.com/wp-content/plugins/pro-elements/assets/js/webpack-pro.runtime.min.js?ver=3.20.2,20241122044740,text/javascript,5824,fe2f0d6067ffd4c47aedb8deb9391b3199bce05f93a10f88f1d86f28647424ad,https://web.archive.org/web/20241122044740id_/https://bikinlaper.com/wp-content/plugins/pro-elements/assets/js/webpack-pro.runtime.min.js?ver=3.20.2,
cached,wp-content/plugins/sneeit-framework/css/min/front-menus-compact.min__q_adfba06ad7.css,https://bikinlaper.com/wp-content/plugins/sneeit-framework/css/min/front-menus-compact.min.css?ver=8.2,20231211142746,text/css,4688,a27eda603283a5df8b527067d87cbeb9cacefdf5fa708ce9987649805d01beaa,https://web.archive.org/web/20231211142746id_/https://bikinlaper.com/wp-content/plugins/sneeit-framework/css/min/front-menus-compact.min.css?ver=8.2,
cached,wp-content/plugins/sneeit-framework/css/min/front-optimize-images.min__q_adfba06ad7.css,https://bikinlaper.com/wp-content/plugins/sneeit-framework/css/min/front-optimize-images.min.css?ver=8.2,20231211142747,text/css,966,cc79aaf81d25281bb9ee9485304910789fafd37c589f096a18028a214f028587,https://web.archive.org/web/20231211142747id_/https://bikinlaper.com/wp-content/plugins/sneeit-framework/css/min/front-optimize-images.min.css?ver=8.2,
cached,wp-content/plugins/sneeit-framework/css/min/front-rating.min__q_adfba06ad7.css,https://bikinlaper.com/wp-content/plugins/sneeit-framework/css/min/front-rating.min.css?ver=8.2,20231211142721,text/css,1718,6a9b7b06799a9cc61c1172655b6eb192417908737e6198094a97c0378adea1c4,https://web.archive.org/web/20231211142721id_/https://bikinlaper.com/wp-content/plugins/sneeit-framework/css/min/front-rating.min.css?ver=8.2,
cached,wp-content/plugins/sneeit-framework/css/min/front-responsive.min__q_adfba06ad7.css,https://bikinlaper.com/wp-content/plugins/sneeit-framework/css/min/front-responsive.min.css?ver=8.2,20231211142722,text/css,724,e9a35d96d72bce31a6bcbba4a9bf01c4374bf8a56e628310f585a3876a9b24cc,https://web.archive.org/web/20231211142722id_/https://bikinlaper.com/wp-content/plugins/sneeit-framework/css/min/front-responsive.min.css?ver=8.2,
cached,wp-content/plugins/sneeit-framework/fonts/font-awesome-5x/css/all.min__q_adfba06ad7.css,https://bikinlaper.com/wp-content/plugins/sneeit-framework/fonts/font-awesome-5x/css/all.min.css?ver=8.2,20231211142756,text/css,53592,481a0574246e281316ffa0e15399bf5388bb81ae550ce0401a0353b6bb2d1e5a,https://web.archive.org/web/20231211142756id_/https://bikinlaper.com/wp-content/plugins/sneeit-framework/fonts/font-awesome-5x/css/all.min.css?ver=8.2,
cached,wp-content/plugins/sneeit-framework/fonts/font-awesome-5x/css/v4-shims.min__q_adfba06ad7.css,https://bikinlaper.com/wp-content/plugins/sneeit-framework/fonts/font-awesome-5x/css/v4-shims.min.css?ver=8.2,20231211142738,text/css,26440,eaa1e58b3b0e585b241a5c1538aba7b3e0f59c1eacb19ac742b363d701a99477,https://web.archive.org/web/20231211142738id_/https://bikinlaper.com/wp-content/plugins/sneeit-framework/fonts/font-awesome-5x/css/v4-shims.min.css?ver=8.2,
cached,wp-content/plugins/sneeit-framework/fonts/font-awesome-5x/webfonts/fa-brands-400.eot,https://bikinlaper.com/wp-content/plugins/sneeit-framework/fonts/font-awesome-5x/webfonts/fa-brands-400.eot,20231211142814,application/vnd.ms-fontobject,134396,fbe588bb10c5efb4f18033085939a8a24804e60f3eabeb0bedc8d773b2111b19,https://web.archive.org/web/20231211142814id_/https://bikinlaper.com/wp-content/plugins/sneeit-framework/fonts/font-awesome-5x/webfonts/fa-brands-400.eot,
cached,wp-content/plugins/sneeit-framework/fonts/font-awesome-5x/webfonts/fa-brands-400.svg,https://bikinlaper.com/wp-content/plugins/sneeit-framework/fonts/font-awesome-5x/webfonts/fa-brands-400.svg,20231211142759,image/svg+xml,749739,ca79b184831289822dba106b9d05c3a1660eb243aa933ed1b02aa6f38d7c6f82,https://web.archive.org/web/20231211142759id_/https://bikinlaper.com/wp-content/plugins/sneeit-framework/fonts/font-awesome-5x/webfonts/fa-brands-400.svg,
cached,wp-content/plugins/sneeit-framework/fonts/font-awesome-5x/webfonts/fa-brands-400.ttf,https://bikinlaper.com/wp-content/plugins/sneeit-framework/fonts/font-awesome-5x/webfonts/fa-brands-400.ttf,20231211142801,font/ttf,134160,b52e41923dfdc250e4f7914afab339390b49f6834e158e0294cddf71c8f6248b,https://web.archive.org/web/20231211142801id_/https://bikinlaper.com/wp-content/plugins/sneeit-framework/fonts/font-awesome-5x/webfonts/fa-brands-400.ttf,
cached,wp-content/plugins/sneeit-framework/fonts/font-awesome-5x/webfonts/fa-brands-400.woff,https://bikinlaper.com/wp-content/plugins/sneeit-framework/fonts/font-awesome-5x/webfonts/fa-brands-400.woff,20231211142809,font/woff,87048,eb098ff1725c8819ea67b54d857b6574d20ccfbb2cc451c1fab85fb4d968a62d,https://web.archive.org/web/20231211142809id_/https://bikinlaper.com/wp-content/plugins/sneeit-framework/fonts/font-awesome-5x/webfonts/fa-brands-400.woff,
cached,wp-content/plugins/sneeit-framework/fonts/font-awesome-5x/webfonts/fa-brands-400.woff2,https://bikinlaper.com/wp-content/plugins/sneeit-framework/fonts/font-awesome-5x/webfonts/fa-brands-400.woff2,20231211142810,font/woff2,74288,eed474a49bdbf745c19e463f070e67977c1ab27835603eb749d9e5c249cf81f8,https://web.archive.org/web/20231211142810id_/https://bikinlaper.com/wp-content/plugins/sneeit-framework/fonts/font-awesome-5x/webfonts/fa-brands-400.woff2,
cached,wp-content/plugins/sneeit-framework/fonts/font-awesome-5x/webfonts/fa-regular-400.eot,https://bikinlaper.com/wp-content/plugins/sneeit-framework/fonts/font-awesome-5x/webfonts/fa-regular-400.eot,20231211142811,application/vnd.ms-fontobject,40308,c6df1ff9cbe02ea678f5313b35bd7e6e5297277609ca2c32454b618418ce7cea,https://web.archive.org/web/20231211142811id_/https://bikinlaper.com/wp-content/plugins/sneeit-framework/fonts/font-awesome-5x/webfonts/fa-regular-400.eot,
cached,wp-content/plugins/sneeit-framework/fonts/font-awesome-5x/webfonts/fa-regular-400.svg,https://bikinlaper.com/wp-content/plugins/sneeit-framework/fonts/font-awesome-5x/webfonts/fa-regular-400.svg,20231211142812,image/svg+xml,139827,45650f6651fb71dc7123bc1cb87bbefb0f11ad96788886fbba2cd44a569034b4,https://web.archive.org/web/20231211142812id_/https://bikinlaper.com/wp-content/plugins/sneeit-framework/fonts/font-awesome-5x/webfonts/fa-regular-400.svg,
cached,wp-content/plugins/sneeit-framework/fonts/font-awesome-5x/webfonts/fa-regular-400.ttf,https://bikinlaper.com/wp-content/plugins/sneeit-framework/fonts/font-awesome-5x/webfonts/fa-regular-400.ttf,20231211142816,font/ttf,40080,8f7bc93b0c9bcfe653e9ca309126481221a74f15ffe19be6f7cff40a011c769d,https://web.archive.org/web/20231211142816id_/https://bikinlaper.com/wp-content/plugins/sneeit-framework/fonts/font-awesome-5x/webfonts/fa-regular-400.ttf,
cached,wp-content/plugins/sneeit-framework/fonts/font-awesome-5x/webfonts/fa-regular-400.woff,https://bikinlaper.com/wp-content/plugins/sneeit-framework/fonts/font-awesome-5x/webfonts/fa-regular-400.woff,20231211142813,font/woff,18164,9f982c59382f0b1a0f9f53ce2024a1504b9b51e4c371d2bfcca4b5090eb021fe,https://web.archive.org/web/20231211142813id_/https://bikinlaper.com/wp-content/plugins/sneeit-framework/fonts/font-awesome-5x/webfonts/fa-regular-400.woff,
cached,wp-content/plugins/sneeit-framework/fonts/font-awesome-5x/webfonts/fa-regular-400.woff2,https://bikinlaper.com/wp-content/plugins/sneeit-framework/fonts/font-awesome-5x/webfonts/fa-regular-400.woff2,20231211142812,font/woff2,14872,0ecdc6188a4b2ec48e2ebf84a2a6584e78473f1216d7119832b5dc109bec7492,https://web.archive.org/web/20231211142812id_/https://bikinlaper.com/wp-content/plugins/sneeit-framework/fonts/font-awesome-5x/webfonts/fa-regular-400.woff2,
cached,wp-content/plugins/sneeit-framework/fonts/font-awesome-5x/webfonts/fa-solid-900.eot,https://bikinlaper.com/wp-content/plugins/sneeit-framework/fonts/font-awesome-5x/webfonts/fa-solid-900.eot,20231211142814,application/vnd.ms-fontobject,209012,80b515c5dde09d7b33f75dc382b4c91b9db20fdb1a9978b671e425c98e42b2cd,https://web.archive.org/web/20231211142814id_/https://bikinlaper.com/wp-content/plugins/sneeit-framework/fonts/font-awesome-5x/webfonts/fa-solid-900.eot,
cached,wp-content/plugins/sneeit-framework/fonts/font-awesome-5x/webfonts/fa-solid-900.svg,https://bikinlaper.com/wp-content/plugins/sneeit-framework/fonts/font-awesome-5x/webfonts/fa-solid-900.svg,20231211142807,image/svg+xml,794056,d613d3a63df6e17ed6fda6a3a2bf1b7aa36561b882382eeccdf7161b0e24ab29,https://web.archive.org/web/20231211142807id_/https://bikinlaper.com/wp-content/plugins/sneeit-framework/fonts/font-awesome-5x/webfonts/fa-solid-900.svg,
cached,wp-content/plugins/sneeit-framework/fonts/font-awesome-5x/webfonts/fa-solid-900.ttf,https://bikinlaper.com/wp-content/plugins/sneeit-framework/fonts/font-awesome-5x/webfonts/fa-solid-900.ttf,20231211142757,font/ttf,208792,2e9112db77640346bf93bc6031a2e2ede793324533273de02c61345d39b70d26,https://web.archive.org/web/20231211142757id_/https://bikinlaper.com/wp-content/plugins/sneeit-framework/fonts/font-awesome-5x/webfonts/fa-solid-900.ttf,
cached,wp-content/plugins/sneeit-framework/fonts/font-awesome-5x/webfonts/fa-solid-900.woff,https://bikinlaper.com/wp-content/plugins/sneeit-framework/fonts/font-awesome-5x/webfonts/fa-solid-900.woff,20231211142759,font/woff,102224,e14bf8513c6848f983ed24852e9700dec95589b748e26bacd6b2ca7dc9bb2aee,https://web.archive.org/web/20231211142759id_/https://bikinlaper.com/wp-content/plugins/sneeit-framework/fonts/font-awesome-5x/webfonts/fa-solid-900.woff,
cached,wp-content/plugins/sneeit-framework/fonts/font-awesome-5x/webfonts/fa-solid-900.woff2,https://bikinlaper.com/wp-content/plugins/sneeit-framework/fonts/font-awesome-5x/webfonts/fa-solid-900.woff2,20231211142812,font/woff2,79100,f419ad7a4477f36ce73c74a23dce784150ca38fa5075a8e06109709cbb716903,https://web.archive.org/web/20231211142812id_/https://bikinlaper.com/wp-content/plugins/sneeit-framework/fonts/font-awesome-5x/webfonts/fa-solid-900.woff2,
cached,wp-content/plugins/sneeit-framework/js/min/front-articles-pagination.min__q_adfba06ad7.js,https://bikinlaper.com/wp-content/plugins/sneeit-framework/js/min/front-articles-pagination.min.js?ver=8.2,20231211142737,application/javascript,7142,dd980ce503971eb3f39900a1bb27eea11a35f511a85ca7e6e664bec04e69cbbc,https://web.archive.org/web/20231211142737id_/https://bikinlaper.com/wp-content/plugins/sneeit-framework/js/min/front-articles-pagination.min.js?ver=8.2,
cached,wp-content/plugins/sneeit-framework/js/min/front-optimize-images.min__q_adfba06ad7.js,https://bikinlaper.com/wp-content/plugins/sneeit-framework/js/min/front-optimize-images.min.js?ver=8.2,20231211142741,application/javascript,6900,c3c3ee560626058745a8e19e9135796c5261c0446677daee92630f0af1c1e776,https://web.archive.org/web/20231211142741id_/https://bikinlaper.com/wp-content/plugins/sneeit-framework/js/min/front-optimize-images.min.js?ver=8.2,
cached,wp-content/plugins/zox-alp/scripts/jquery.sticky-kit.min__q_4998ba8b3f.js,https://bikinlaper.com/wp-content/plugins/zox-alp//scripts/jquery.sticky-kit.min.js?ver=6.4.5,20241122035103,text/javascript,2798,8e8230f2d1e6e230d63f5bd3091ea092eb8d1f447b5f6c84c5b776cf4f50a65d,https://web.archive.org/web/20241122035103id_/https://bikinlaper.com/wp-content/plugins/zox-alp//scripts/jquery.sticky-kit.min.js?ver=6.4.5,
cached,wp-content/plugins/zox-alp/scripts/jquery.waypoints.min__q_4998ba8b3f.js,https://bikinlaper.com/wp-content/plugins/zox-alp//scripts/jquery.waypoints.min.js?ver=6.4.5,20241122042159,text/javascript,10478,42656c5a534309426b3c5452b07c4013df29165e754e36e51d724ad962bebc1f,https://web.archive.org/web/20241122042159id_/https://bikinlaper.com/wp-content/plugins/zox-alp//scripts/jquery.waypoints.min.js?ver=6.4.5,
cached,wp-content/themes/zox-news/css/media-queries__q_4998ba8b3f.css,https://bikinlaper.com/wp-content/themes/zox-news/css/media-queries.css?ver=6.4.5,20241122131232,text/css,125461,54a154c7cfb58f84d9cf10cf29aa979b4a0bbef7058ea7faf05baec4cccd33da,https://web.archive.org/web/20241122131232id_/https://bikinlaper.com/wp-content/themes/zox-news/css/media-queries.css?ver=6.4.5,
cached,wp-content/themes/zox-news/css/reset__q_4998ba8b3f.css,https://bikinlaper.com/wp-content/themes/zox-news/css/reset.css?ver=6.4.5,20241122052501,text/css,1082,a56add0a0fe88ca8ad47ea3def87d8d5934976680db80c6530c0b28529854f0b,https://web.archive.org/web/20241122052501id_/https://bikinlaper.com/wp-content/themes/zox-news/css/reset.css?ver=6.4.5,
cached,wp-content/themes/zox-news/font-awesome/css/all.css,https://bikinlaper.com/wp-content/themes/zox-news/font-awesome/css/all.css,20241124105928,text/css,73577,0cb8cc3fee4275e182236ab19c3aae55274f43aa0ffde9c0510d8d59fcf8e5dc,https://web.archive.org/web/20241124105928id_/https://bikinlaper.com/wp-content/themes/zox-news/font-awesome/css/all.css,
cached,wp-content/themes/zox-news/font-awesome/css/all__q_4998ba8b3f.css,https://bikinlaper.com/wp-content/themes/zox-news/font-awesome/css/all.css?ver=6.4.5,20241122052705,text/css,73577,0cb8cc3fee4275e182236ab19c3aae55274f43aa0ffde9c0510d8d59fcf8e5dc,https://web.archive.org/web/20241122052705id_/https://bikinlaper.com/wp-content/themes/zox-news/font-awesome/css/all.css?ver=6.4.5,
cached,wp-content/themes/zox-news/js/flexslider.js,https://bikinlaper.com/wp-content/themes/zox-news/js/flexslider.js,20241122035243,text/javascript,22038,71e84f4b3a46857e0ee497d4890e8a90ba4889e3c72d3c39a1ea7f78c1f8065b,https://web.archive.org/web/20241122035243id_/https://bikinlaper.com/wp-content/themes/zox-news/js/flexslider.js,
cached,wp-content/themes/zox-news/js/flexslider__q_4998ba8b3f.js,https://bikinlaper.com/wp-content/themes/zox-news/js/flexslider.js?ver=6.4.5,20241122051935,text/javascript,22038,71e84f4b3a46857e0ee497d4890e8a90ba4889e3c72d3c39a1ea7f78c1f8065b,https://web.archive.org/web/20241122051935id_/https://bikinlaper.com/wp-content/themes/zox-news/js/flexslider.js?ver=6.4.5,
cached,wp-content/themes/zox-news/js/jquery.infinitescroll.min.js,https://bikinlaper.com/wp-content/themes/zox-news/js/jquery.infinitescroll.min.js,20241122044346,text/javascript,21705,002d4e61d6efae0d93d62d4c12576e427302f32361e675aaffa3691ecd9ae17d,https://web.archive.org/web/20241122044346id_/https://bikinlaper.com/wp-content/themes/zox-news/js/jquery.infinitescroll.min.js,
cached,wp-content/themes/zox-news/js/jquery.infinitescroll.min__q_4998ba8b3f.js,https://bikinlaper.com/wp-content/themes/zox-news/js/jquery.infinitescroll.min.js?ver=6.4.5,20241122101122,text/javascript,21705,002d4e61d6efae0d93d62d4c12576e427302f32361e675aaffa3691ecd9ae17d,https://web.archive.org/web/20241122101122id_/https://bikinlaper.com/wp-content/themes/zox-news/js/jquery.infinitescroll.min.js?ver=6.4.5,
cached,wp-content/themes/zox-news/js/retina.js,https://bikinlaper.com/wp-content/themes/zox-news/js/retina.js,20241122040939,text/javascript,3104,22fd357442cefcbf238c5e06af21e4546e7207b0b7745de9720707f6c8218eba,https://web.archive.org/web/20241122040939id_/https://bikinlaper.com/wp-content/themes/zox-news/js/retina.js,
cached,wp-content/themes/zox-news/js/retina__q_4998ba8b3f.js,https://bikinlaper.com/wp-content/themes/zox-news/js/retina.js?ver=6.4.5,20241122060600,text/javascript,3104,22fd357442cefcbf238c5e06af21e4546e7207b0b7745de9720707f6c8218eba,https://web.archive.org/web/20241122060600id_/https://bikinlaper.com/wp-content/themes/zox-news/js/retina.js?ver=6.4.5,
cached,wp-content/themes/zox-news/js/scripts.js,https://bikinlaper.com/wp-content/themes/zox-news/js/scripts.js,20241122040539,text/javascript,127088,37d7fadf2ddf536ba61d7926dae0c936f2986bc6cecc30116978c41b20365113,https://web.archive.org/web/20241122040539id_/https://bikinlaper.com/wp-content/themes/zox-news/js/scripts.js,
cached,wp-content/themes/zox-news/js/scripts__q_4998ba8b3f.js,https://bikinlaper.com/wp-content/themes/zox-news/js/scripts.js?ver=6.4.5,20241122050910,text/javascript,127088,37d7fadf2ddf536ba61d7926dae0c936f2986bc6cecc30116978c41b20365113,https://web.archive.org/web/20241122050910id_/https://bikinlaper.com/wp-content/themes/zox-news/js/scripts.js?ver=6.4.5,
cached,wp-content/themes/zox-news/style.css,https://bikinlaper.com/wp-content/themes/zox-news/style.css,20241122034819,text/css,139760,2c115741ce2f8c7156c28b144254ceac1f15db045a63e71587b5aa34c7c2d57c,https://web.archive.org/web/20241122034819id_/https://bikinlaper.com/wp-content/themes/zox-news/style.css,
cached,wp-content/themes/zox-news/style__q_4998ba8b3f.css,https://bikinlaper.com/wp-content/themes/zox-news/style.css?ver=6.4.5,20241122052508,text/css,139760,2c115741ce2f8c7156c28b144254ceac1f15db045a63e71587b5aa34c7c2d57c,https://web.archive.org/web/20241122052508id_/https://bikinlaper.com/wp-content/themes/zox-news/style.css?ver=6.4.5,
cached,wp-content/uploads/2016/12/food13.jpg-100x56.webp,https://bikinlaper.com/wp-content/uploads/2016/12/food13.jpg-100x56.webp,20231211152754,image/webp,1502,2fe0ec3086348876e3a526d5d3a2905c5630951040b4acfbe384905c1ddfe5ea,https://web.archive.org/web/20231211152754id_/https://bikinlaper.com/wp-content/uploads/2016/12/food13.jpg-100x56.webp,
cached,wp-content/uploads/2016/12/food13.jpg-1200x675.webp,https://bikinlaper.com/wp-content/uploads/2016/12/food13.jpg-1200x675.webp,20231211152751,image/webp,56314,5eecaa20bf6dc2c238bcc6ed6446584f58a55808a4215c7a7ec88002c566480f,https://web.archive.org/web/20231211152751id_/https://bikinlaper.com/wp-content/uploads/2016/12/food13.jpg-1200x675.webp,
cached,wp-content/uploads/2016/12/food13.jpg-1600x900.webp,https://bikinlaper.com/wp-content/uploads/2016/12/food13.jpg-1600x900.webp,20231211152824,image/webp,81362,59625aa3650f2f918cf32df0a9aa0e5c4a3f639ab14641efa3f2d49d6dc3d659,https://web.archive.org/web/20231211152824id_/https://bikinlaper.com/wp-content/uploads/2016/12/food13.jpg-1600x900.webp,
cached,wp-content/uploads/2016/12/food13.jpg-200x113.webp,https://bikinlaper.com/wp-content/uploads/2016/12/food13.jpg-200x113.webp,20231211152750,image/webp,4294,a7d6fe0336fff16b581188963af0f934a77ffd13253d67192199fa8a2051ee20,https://web.archive.org/web/20231211152750id_/https://bikinlaper.com/wp-content/uploads/2016/12/food13.jpg-200x113.webp,
cached,wp-content/uploads/2016/12/food13.jpg-250x141.webp,https://bikinlaper.com/wp-content/uploads/2016/12/food13.jpg-250x141.webp,20231211152806,image/webp,6022,deb28d1395d5f4947d3d190978bb5e87d49b7f14c5aceb17c5790ef32c0dfa76,https://web.archive.org/web/20231211152806id_/https://bikinlaper.com/wp-content/uploads/2016/12/food13.jpg-250x141.webp,
cached,wp-content/uploads/2016/12/food13.jpg-300x169.webp,https://bikinlaper.com/wp-content/uploads/2016/12/food13.jpg-300x169.webp,20231211152823,image/webp,7826,a4f1663038d7daf2326999ef079ae74bdcb4524259cadc180cecf8688c7bb886,https://web.archive.org/web/20231211152823id_/https://bikinlaper.com/wp-content/uploads/2016/12/food13.jpg-300x169.webp,
cached,wp-content/uploads/2016/12/food13.jpg-350x197.webp,https://bikinlaper.com/wp-content/uploads/2016/12/food13.jpg-350x197.webp,20231211152808,image/webp,9770,10b712180dd97298e1c9e642183249459c3592ad3b72581a613fec7313fadcc9,https://web.archive.org/web/20231211152808id_/https://bikinlaper.com/wp-content/uploads/2016/12/food13.jpg-350x197.webp,
cached,wp-content/uploads/2016/12/food13.jpg-400x225.webp,https://bikinlaper.com/wp-content/uploads/2016/12/food13.jpg-400x225.webp,20231211152750,image/webp,11772,29437332c451cd9e77c48463efcbf80da19aa2366a30edcf177960938ab41b24,https://web.archive.org/web/20231211152750id_/https://bikinlaper.com/wp-content/uploads/2016/12/food13.jpg-400x225.webp,
cached,wp-content/uploads/2016/12/food13.jpg-450x253.webp,https://bikinlaper.com/wp-content/uploads/2016/12/food13.jpg-450x253.webp,20231211152825,image/webp,14108,8dc5989623f580a396391d372ff64729011c0225315cdb1545f61612d359f9ec,https://web.archive.org/web/20231211152825id_/https://bikinlaper.com/wp-content/uploads/2016/12/food13.jpg-450x253.webp,
cached,wp-content/uploads/2016/12/food13.jpg-500x281.webp,https://bikinlaper.com/wp-content/uploads/2016/12/food13.jpg-500x281.webp,20231211152753,image/webp,16282,bd7f56f498ed63ecea432b3ccbd4e563b3f294b917b53cec7370f64e895109ef,https://web.archive.org/web/20231211152753id_/https://bikinlaper.com/wp-content/uploads/2016/12/food13.jpg-500x281.webp,
cached,wp-content/uploads/2016/12/food13.jpg-50x28.webp,https://bikinlaper.com/wp-content/uploads/2016/12/food13.jpg-50x28.webp,20231211152807,image/webp,562,0cf7f6d632342a3f2aae286ee6e05456091901278103fdfc2d0c97d554987a4c,https://web.archive.org/web/20231211152807id_/https://bikinlaper.com/wp-content/uploads/2016/12/food13.jpg-50x28.webp,
cached,wp-content/uploads/2016/12/food13.jpg-550x309.webp,https://bikinlaper.com/wp-content/uploads/2016/12/food13.jpg-550x309.webp,20231211152754,image/webp,18566,1b2dce734acff68237499cc0596c92846735fa2b1bdd4d04d65334ac441d245e,https://web.archive.org/web/20231211152754id_/https://bikinlaper.com/wp-content/uploads/2016/12/food13.jpg-550x309.webp,
cached,wp-content/uploads/2016/12/food13.jpg-650x366.webp,https://bikinlaper.com/wp-content/uploads/2016/12/food13.jpg-650x366.webp,20231211152751,image/webp,23384,7e80d0dce70c5303b0c42a1b9c2e9e561d6d6bf4e64a84780f883974468f16eb,https://web.archive.org/web/20231211152751id_/https://bikinlaper.com/wp-content/uploads/2016/12/food13.jpg-650x366.webp,
cached,wp-content/uploads/2016/12/food13.jpg-768x432.webp,https://bikinlaper.com/wp-content/uploads/2016/12/food13.jpg-768x432.webp,20231211152805,image/webp,29822,5ea813237cc9b3559ad08dd2ffc4d1301a6db0519776d943e474639dee874ef9,https://web.archive.org/web/20231211152805id_/https://bikinlaper.com/wp-content/uploads/2016/12/food13.jpg-768x432.webp,
cached,wp-content/uploads/2016/12/food13.jpg-800x450.webp,https://bikinlaper.com/wp-content/uploads/2016/12/food13.jpg-800x450.webp,20231211152824,image/webp,31766,070e0da12c4a688fb4726d8b77f5ae7d70c42fbab32c6d39194fb917e459ab91,https://web.archive.org/web/20231211152824id_/https://bikinlaper.com/wp-content/uploads/2016/12/food13.jpg-800x450.webp,
cached,wp-content/uploads/2016/12/food13.jpg.webp,https://bikinlaper.com/wp-content/uploads/2016/12/food13.jpg.webp,20231211152752,image/webp,71684,7bc0ee6fc91691ac1d10278687450be5cd4028bb974ba35533203c4db9fc1434,https://web.archive.org/web/20231211152752id_/https://bikinlaper.com/wp-content/uploads/2016/12/food13.jpg.webp,
cached,wp-content/uploads/2016/12/food16.jpg-100x67.webp,https://bikinlaper.com/wp-content/uploads/2016/12/food16.jpg-100x67.webp,20231211142802,image/webp,2572,b48ee814109135e24d773ee41715367478faaceceb3520f5ae53d6fb07595e2a,https://web.archive.org/web/20231211142802id_/https://bikinlaper.com/wp-content/uploads/2016/12/food16.jpg-100x67.webp,
cached,wp-content/uploads/2016/12/food16.jpg-1200x801.webp,https://bikinlaper.com/wp-content/uploads/2016/12/food16.jpg-1200x801.webp,20231211142806,image/webp,112706,7c1799f8fd7ba1f179575c66db99866a2defa5fbcc848b0aa26be536fe29f215,https://web.archive.org/web/20231211142806id_/https://bikinlaper.com/wp-content/uploads/2016/12/food16.jpg-1200x801.webp,
cached,wp-content/uploads/2016/12/food16.jpg-150x100.webp,https://bikinlaper.com/wp-content/uploads/2016/12/food16.jpg-150x100.webp,20231211142809,image/webp,4862,fe793ce64b8779714ede179819d30139004d9bcc7b4fc791accc58cdb0d62546,https://web.archive.org/web/20231211142809id_/https://bikinlaper.com/wp-content/uploads/2016/12/food16.jpg-150x100.webp,
cached,wp-content/uploads/2016/12/food16.jpg-1536x1026.webp,https://bikinlaper.com/wp-content/uploads/2016/12/food16.jpg-1536x1026.webp,20231211142804,image/webp,154412,b3174648105fd133d96e9616b7d7e7ce77f1d01f6f8209817e23cb7672a5efcf,https://web.archive.org/web/20231211142804id_/https://bikinlaper.com/wp-content/uploads/2016/12/food16.jpg-1536x1026.webp,
cached,wp-content/uploads/2016/12/food16.jpg-1600x1068.webp,https://bikinlaper.com/wp-content/uploads/2016/12/food16.jpg-1600x1068.webp,20231211142805,image/webp,163912,414fd3eb6c9983ee79ce9695cfec42985d85857a930e5d7380143e1a6f7e7b2e,https://web.archive.org/web/20231211142805id_/https://bikinlaper.com/wp-content/uploads/2016/12/food16.jpg-1600x1068.webp,
cached,wp-content/uploads/2016/12/food16.jpg-200x134.webp,https://bikinlaper.com/wp-content/uploads/2016/12/food16.jpg-200x134.webp,20231211142810,image/webp,7784,c2ca7752f9d81c4e631af55665fe09e9749b459f8f0ba6509d8e9aa12982578d,https://web.archive.org/web/20231211142810id_/https://bikinlaper.com/wp-content/uploads/2016/12/food16.jpg-200x134.webp,
cached,wp-content/uploads/2016/12/food16.jpg-250x167.webp,https://bikinlaper.com/wp-content/uploads/2016/12/food16.jpg-250x167.webp,20231211142804,image/webp,11210,9ca5a9a5facb68ee280be9f514eb6a66fa4f563965af664408925b1ece86a38e,https://web.archive.org/web/20231211142804id_/https://bikinlaper.com/wp-content/uploads/2016/12/food16.jpg-250x167.webp,
cached,wp-content/uploads/2016/12/food16.jpg-300x200.webp,https://bikinlaper.com/wp-content/uploads/2016/12/food16.jpg-300x200.webp,20231211142810,image/webp,14592,59ae23db0a0616c4541e7c6f51d7fef3066991eeac7b06394a5f372977bbe00a,https://web.archive.org/web/20231211142810id_/https://bikinlaper.com/wp-content/uploads/2016/12/food16.jpg-300x200.webp,
cached,wp-content/uploads/2016/12/food16.jpg-350x234.webp,https://bikinlaper.com/wp-content/uploads/2016/12/food16.jpg-350x234.webp,20231211142807,image/webp,18882,6e895701794f6e328c4a70cdcc7ee2145cf870393d550be4ab57f20d0fabef6a,https://web.archive.org/web/20231211142807id_/https://bikinlaper.com/wp-content/uploads/2016/12/food16.jpg-350x234.webp,
cached,wp-content/uploads/2016/12/food16.jpg-400x267.webp,https://bikinlaper.com/wp-content/uploads/2016/12/food16.jpg-400x267.webp,20231211142803,image/webp,23272,483a137ad0abd3d11949c255499e46c4e05da79e7e980d5dbec9e59facf7978f,https://web.archive.org/web/20231211142803id_/https://bikinlaper.com/wp-content/uploads/2016/12/food16.jpg-400x267.webp,
cached,wp-content/uploads/2016/12/food16.jpg-450x300.webp,https://bikinlaper.com/wp-content/uploads/2016/12/food16.jpg-450x300.webp,20231211142807,image/webp,28172,0d7d7e3b4f8a2ecebcba17b8c99688c027f2e54a2d19a50f74b2ba908060af7f,https://web.archive.org/web/20231211142807id_/https://bikinlaper.com/wp-content/uploads/2016/12/food16.jpg-450x300.webp,
cached,wp-content/uploads/2016/12/food16.jpg-500x334.webp,https://bikinlaper.com/wp-content/uploads/2016/12/food16.jpg-500x334.webp,20231211142808,image/webp,32372,95a0616aadaa28d758fa62f77d429ab52bfee4478644d7ceebdb34de212f2970,https://web.archive.org/web/20231211142808id_/https://bikinlaper.com/wp-content/uploads/2016/12/food16.jpg-500x334.webp,
cached,wp-content/uploads/2016/12/food16.jpg-50x33.webp,https://bikinlaper.com/wp-content/uploads/2016/12/food16.jpg-50x33.webp,20231211142809,image/webp,920,4978dca8b12d96a3673a6474678c43bfae888fd32a701230e9f96e250bbef080,https://web.archive.org/web/20231211142809id_/https://bikinlaper.com/wp-content/uploads/2016/12/food16.jpg-50x33.webp,
cached,wp-content/uploads/2016/12/food16.jpg-550x367.webp,https://bikinlaper.com/wp-content/uploads/2016/12/food16.jpg-550x367.webp,20231211142811,image/webp,37396,26863c841c683cfaed40df17111ac145bc1a0b2c419b47dfa73fe6ff1ae45139,https://web.archive.org/web/20231211142811id_/https://bikinlaper.com/wp-content/uploads/2016/12/food16.jpg-550x367.webp,
cached,wp-content/uploads/2016/12/food16.jpg-650x434.webp,https://bikinlaper.com/wp-content/uploads/2016/12/food16.jpg-650x434.webp,20231211142802,image/webp,48112,c1285f268ba505fee119978c8637bbdae4056bc9c73ea69eb78836bacdb5bfee,https://web.archive.org/web/20231211142802id_/https://bikinlaper.com/wp-content/uploads/2016/12/food16.jpg-650x434.webp,
cached,wp-content/uploads/2016/12/food16.jpg-768x513.webp,https://bikinlaper.com/wp-content/uploads/2016/12/food16.jpg-768x513.webp,20231211142808,image/webp,61442,f1ded3fd1537c79789caf5dc234c20c92f7b10635cac5c8bbf8f59dcf3b47e75,https://web.archive.org/web/20231211142808id_/https://bikinlaper.com/wp-content/uploads/2016/12/food16.jpg-768x513.webp,
cached,wp-content/uploads/2016/12/food16.jpg-800x534.webp,https://bikinlaper.com/wp-content/uploads/2016/12/food16.jpg-800x534.webp,20231211142803,image/webp,65018,6ee1f3ec266723c870d5f9da9c580b20997e66d37d51a56e79c2fc6d9ff38970,https://web.archive.org/web/20231211142803id_/https://bikinlaper.com/wp-content/uploads/2016/12/food16.jpg-800x534.webp,
cached,wp-content/uploads/2016/12/food16.jpg.webp,https://bikinlaper.com/wp-content/uploads/2016/12/food16.jpg.webp,20231211142804,image/webp,153120,9bb199d1570e9c5e9ea964905ae94b21691d4a8118c03e3b1fff3887ca3d70d1,https://web.archive.org/web/20231211142804id_/https://bikinlaper.com/wp-content/uploads/2016/12/food16.jpg.webp,
cached,wp-content/uploads/2016/12/food20.jpg-100x67.webp,https://bikinlaper.com/wp-content/uploads/2016/12/food20.jpg-100x67.webp,20231211145810,image/webp,2762,91350de846b757b745886ad1c1229e9d089960383549c6573443075cbb04af49,https://web.archive.org/web/20231211145810id_/https://bikinlaper.com/wp-content/uploads/2016/12/food20.jpg-100x67.webp,
cached,wp-content/uploads/2016/12/food20.jpg-150x100.webp,https://bikinlaper.com/wp-content/uploads/2016/12/food20.jpg-150x100.webp,20231211145816,image/webp,5082,63944e9b6b3ce59ee19933c64a786f63eb17f9345328d95fdf7b527f794ed0f2,https://web.archive.org/web/20231211145816id_/https://bikinlaper.com/wp-content/uploads/2016/12/food20.jpg-150x100.webp,
cached,wp-content/uploads/2016/12/food20.jpg-1536x1024.webp,https://bikinlaper.com/wp-content/uploads/2016/12/food20.jpg-1536x1024.webp,20231211145817,image/webp,204094,9830b009a47223b2a899970c5875cea81e5410bdcbb516cf928bf3ae5713bd41,https://web.archive.org/web/20231211145817id_/https://bikinlaper.com/wp-content/uploads/2016/12/food20.jpg-1536x1024.webp,
cached,wp-content/uploads/2016/12/food20.jpg-1600x1067.webp,https://bikinlaper.com/wp-content/uploads/2016/12/food20.jpg-1600x1067.webp,20231211145749,image/webp,220784,8355575f57908ec8c0b247774c7f8252f59cb2127d9d173ca5f48e3ee4078784,https://web.archive.org/web/20231211145749id_/https://bikinlaper.com/wp-content/uploads/2016/12/food20.jpg-1600x1067.webp,
cached,wp-content/uploads/2016/12/food20.jpg-200x133.webp,https://bikinlaper.com/wp-content/uploads/2016/12/food20.jpg-200x133.webp,20231211145749,image/webp,8324,2a10e0f839eb9ef7a13bf204a9060834158c15e468ea84749318d3efda1de6d3,https://web.archive.org/web/20231211145749id_/https://bikinlaper.com/wp-content/uploads/2016/12/food20.jpg-200x133.webp,
cached,wp-content/uploads/2016/12/food20.jpg-250x167.webp,https://bikinlaper.com/wp-content/uploads/2016/12/food20.jpg-250x167.webp,20231211145801,image/webp,12128,a17405750eddf372143d160733bb7e1ad603fbb7e835d8eee6130810314490ed,https://web.archive.org/web/20231211145801id_/https://bikinlaper.com/wp-content/uploads/2016/12/food20.jpg-250x167.webp,
cached,wp-content/uploads/2016/12/food20.jpg-300x200.webp,https://bikinlaper.com/wp-content/uploads/2016/12/food20.jpg-300x200.webp,20231211145750,image/webp,16448,b2237a4c7e2d445458eba6c71d4225970322de1255c098ff1ccad362c2c025ce,https://web.archive.org/web/20231211145750id_/https://bikinlaper.com/wp-content/uploads/2016/12/food20.jpg-300x200.webp,
cached,wp-content/uploads/2016/12/food20.jpg-350x233.webp,https://bikinlaper.com/wp-content/uploads/2016/12/food20.jpg-350x233.webp,20231211145808,image/webp,21396,79d277b0a437d534e58f8eed60f71ea9d98cfef076e12e25ff377ce01492c84e,https://web.archive.org/web/20231211145808id_/https://bikinlaper.com/wp-content/uploads/2016/12/food20.jpg-350x233.webp,
cached,wp-content/uploads/2016/12/food20.jpg-400x267.webp,https://bikinlaper.com/wp-content/uploads/2016/12/food20.jpg-400x267.webp,20231211145837,image/webp,26292,6f85a5e0cfdb1734b74e2868fc177d3a7334df0e4acc7dca9aa012f3fd4f5d72,https://web.archive.org/web/20231211145837id_/https://bikinlaper.com/wp-content/uploads/2016/12/food20.jpg-400x267.webp,
cached,wp-content/uploads/2016/12/food20.jpg-450x300.webp,https://bikinlaper.com/wp-content/uploads/2016/12/food20.jpg-450x300.webp,20231211145811,image/webp,32216,f1029e456643421dbbe118074b28b624f4aa752ce7f7b2abb50b578771ed9567,https://web.archive.org/web/20231211145811id_/https://bikinlaper.com/wp-content/uploads/2016/12/food20.jpg-450x300.webp,
cached,wp-content/uploads/2016/12/food20.jpg-500x333.webp,https://bikinlaper.com/wp-content/uploads/2016/12/food20.jpg-500x333.webp,20231211145753,image/webp,38362,86a6e66c0ad09ab9cb174ba59c6c606ecf21d58c534c7bb83fabdc9eaf47b007,https://web.archive.org/web/20231211145753id_/https://bikinlaper.com/wp-content/uploads/2016/12/food20.jpg-500x333.webp,
cached,wp-content/uploads/2016/12/food20.jpg-50x33.webp,https://bikinlaper.com/wp-content/uploads/2016/12/food20.jpg-50x33.webp,20231211145819,image/webp,876,eac7b21153fa985f9a737294f7375e0a1bb5270a7c0138fc77c9df51d8ddf756,https://web.archive.org/web/20231211145819id_/https://bikinlaper.com/wp-content/uploads/2016/12/food20.jpg-50x33.webp,
cached,wp-content/uploads/2016/12/food20.jpg-550x367.webp,https://bikinlaper.com/wp-content/uploads/2016/12/food20.jpg-550x367.webp,20231211145812,image/webp,44730,b2ece037268532a005d4a97532ccd20cac5fee9f8ab3b10958bae1fd1fb7fede,https://web.archive.org/web/20231211145812id_/https://bikinlaper.com/wp-content/uploads/2016/12/food20.jpg-550x367.webp,
cached,wp-content/uploads/2016/12/food20.jpg-650x433.webp,https://bikinlaper.com/wp-content/uploads/2016/12/food20.jpg-650x433.webp,20231211145806,image/webp,58260,6e965faed8a8ca5b83d910c3f107e4d6e88c34493832f69032a652bc138ad778,https://web.archive.org/web/20231211145806id_/https://bikinlaper.com/wp-content/uploads/2016/12/food20.jpg-650x433.webp,
cached,wp-content/uploads/2016/12/food20.jpg-768x512.webp,https://bikinlaper.com/wp-content/uploads/2016/12/food20.jpg-768x512.webp,20231211145813,image/webp,77558,531685b6b207f81a551b23c19ff30e6723b8de187cbf2b3bc7579fb03aa3fdf4,https://web.archive.org/web/20231211145813id_/https://bikinlaper.com/wp-content/uploads/2016/12/food20.jpg-768x512.webp,
cached,wp-content/uploads/2016/12/food20.jpg-800x533.webp,https://bikinlaper.com/wp-content/uploads/2016/12/food20.jpg-800x533.webp,20231211145809,image/webp,78964,bf6760d603d1b2504fc67c505ee8c86b624df9ffb0331f8b495280132bcdcb5a,https://web.archive.org/web/20231211145809id_/https://bikinlaper.com/wp-content/uploads/2016/12/food20.jpg-800x533.webp,
cached,wp-content/uploads/2016/12/food20.jpg.webp,https://bikinlaper.com/wp-content/uploads/2016/12/food20.jpg.webp,20231211145750,image/webp,218664,f4c950af08e678866f8c559863823b6f16c861fd9f090a8023051f481bab49f5,https://web.archive.org/web/20231211145750id_/https://bikinlaper.com/wp-content/uploads/2016/12/food20.jpg.webp,
cached,wp-content/uploads/2016/12/food5.jpg-1200x800.webp,https://bikinlaper.com/wp-content/uploads/2016/12/food5.jpg-1200x800.webp,20231211154244,image/webp,256898,4cc450059e40fcd079515b300b4e53d301d3896271196a1c342ee67593c3e37a,https://web.archive.org/web/20231211154244id_/https://bikinlaper.com/wp-content/uploads/2016/12/food5.jpg-1200x800.webp,
cached,wp-content/uploads/2016/12/food5.jpg-150x100.webp,https://bikinlaper.com/wp-content/uploads/2016/12/food5.jpg-150x100.webp,20231211154306,image/webp,9186,72a667e1f496450783a8602a9b02f49bdfee9330e70b980eddf55bd2a6547a5e,https://web.archive.org/web/20231211154306id_/https://bikinlaper.com/wp-content/uploads/2016/12/food5.jpg-150x100.webp,
cached,wp-content/uploads/2016/12/food5.jpg-1536x1024.webp,https://bikinlaper.com/wp-content/uploads/2016/12/food5.jpg-1536x1024.webp,20231211154244,image/webp,342882,dd0f2e9aa6b16b26582311a1c8054e79242ebaa6e74d578905b6761404c45775,https://web.archive.org/web/20231211154244id_/https://bikinlaper.com/wp-content/uploads/2016/12/food5.jpg-1536x1024.webp,
cached,wp-content/uploads/2016/12/food5.jpg-1600x1067.webp,https://bikinlaper.com/wp-content/uploads/2016/12/food5.jpg-1600x1067.webp,20231211154259,image/webp,372348,c2b230124195013b920be90c12dd40dd7528eb71a240db80ae5559ad5b8c9e39,https://web.archive.org/web/20231211154259id_/https://bikinlaper.com/wp-content/uploads/2016/12/food5.jpg-1600x1067.webp,
cached,wp-content/uploads/2016/12/food5.jpg-250x167.webp,https://bikinlaper.com/wp-content/uploads/2016/12/food5.jpg-250x167.webp,20231211154243,image/webp,22122,cf53b54a18f264ed425030cf3129a37e084629120159a43e9054ad48e7d202ee,https://web.archive.org/web/20231211154243id_/https://bikinlaper.com/wp-content/uploads/2016/12/food5.jpg-250x167.webp,
cached,wp-content/uploads/2016/12/food6.jpg-1600x1068.webp,https://bikinlaper.com/wp-content/uploads/2016/12/food6.jpg-1600x1068.webp,20231211145815,image/webp,123992,59421dabb6567039375cda944d25b0689281d2cd438f6608e3b8ec8445d234ba,https://web.archive.org/web/20231211145815id_/https://bikinlaper.com/wp-content/uploads/2016/12/food6.jpg-1600x1068.webp,
cached,wp-content/uploads/2016/12/food6.jpg-200x133.webp,https://bikinlaper.com/wp-content/uploads/2016/12/food6.jpg-200x133.webp,20231211145910,image/webp,8888,58b3be8e736069667d9fe7501ab4958af191595bf39a74e34b10263f455cbf22,https://web.archive.org/web/20231211145910id_/https://bikinlaper.com/wp-content/uploads/2016/12/food6.jpg-200x133.webp,
cached,wp-content/uploads/2016/12/food6.jpg-250x167.webp,https://bikinlaper.com/wp-content/uploads/2016/12/food6.jpg-250x167.webp,20231211145824,image/webp,12288,bc13fdfe497ab7f393c6d95f37ca68d58dc6aab65f97bf9a2e5a4ae25b6f633e,https://web.archive.org/web/20231211145824id_/https://bikinlaper.com/wp-content/uploads/2016/12/food6.jpg-250x167.webp,
cached,wp-content/uploads/2016/12/food6.jpg-300x200.webp,https://bikinlaper.com/wp-content/uploads/2016/12/food6.jpg-300x200.webp,20231211145912,image/webp,15720,57c3241b4a0ddb558500afd807db6a3124d89f216db88941deede4cd19ef5ac7,https://web.archive.org/web/20231211145912id_/https://bikinlaper.com/wp-content/uploads/2016/12/food6.jpg-300x200.webp,
cached,wp-content/uploads/2016/12/food6.jpg-350x234.webp,https://bikinlaper.com/wp-content/uploads/2016/12/food6.jpg-350x234.webp,20231211145821,image/webp,19532,91d813ab2447c58d45a17276a2084577be9f191b1b05c160b24650d8372f301e,https://web.archive.org/web/20231211145821id_/https://bikinlaper.com/wp-content/uploads/2016/12/food6.jpg-350x234.webp,
cached,wp-content/uploads/2016/12/food6.jpg-400x267.webp,https://bikinlaper.com/wp-content/uploads/2016/12/food6.jpg-400x267.webp,20231211145828,image/webp,23554,5973661122ecbba10bfc44af23d920720e424cf4d91ffae3f724273ef39786ec,https://web.archive.org/web/20231211145828id_/https://bikinlaper.com/wp-content/uploads/2016/12/food6.jpg-400x267.webp,
cached,wp-content/uploads/2016/12/food6.jpg-450x300.webp,https://bikinlaper.com/wp-content/uploads/2016/12/food6.jpg-450x300.webp,20231211145822,image/webp,27174,7ec1936133ac21bab5ae6f368ffca10a84770c683db6308d4272f14e5ecce9f4,https://web.archive.org/web/20231211145822id_/https://bikinlaper.com/wp-content/uploads/2016/12/food6.jpg-450x300.webp,
cached,wp-content/uploads/2016/12/food6.jpg-500x334.webp,https://bikinlaper.com/wp-content/uploads/2016/12/food6.jpg-500x334.webp,20231211145906,image/webp,31352,c6dc536eaf3d642cf8a12ef0e4b5f8af7e96fdfa1364f3e6b3bad29da8b1b6b6,https://web.archive.org/web/20231211145906id_/https://bikinlaper.com/wp-content/uploads/2016/12/food6.jpg-500x334.webp,
cached,wp-content/uploads/2016/12/food6.jpg-50x33.webp,https://bikinlaper.com/wp-content/uploads/2016/12/food6.jpg-50x33.webp,20231211145911,image/webp,1200,9c6a70072cdf7ee91499c1a373783b546ce3f7b5c01180cab2fb336628d979c5,https://web.archive.org/web/20231211145911id_/https://bikinlaper.com/wp-content/uploads/2016/12/food6.jpg-50x33.webp,
cached,wp-content/uploads/2016/12/food6.jpg-550x367.webp,https://bikinlaper.com/wp-content/uploads/2016/12/food6.jpg-550x367.webp,20231211145820,image/webp,35552,b2e1d1b61f29162f129744eb6a060e20274e68ff959ac721ccd7f6699310623f,https://web.archive.org/web/20231211145820id_/https://bikinlaper.com/wp-content/uploads/2016/12/food6.jpg-550x367.webp,
cached,wp-content/uploads/2016/12/food6.jpg-650x434.webp,https://bikinlaper.com/wp-content/uploads/2016/12/food6.jpg-650x434.webp,20231211145913,image/webp,43822,fb2ab053f6b67f3191b42e031f4748ed3e922fc7d26ed0797eb6c45376a91a49,https://web.archive.org/web/20231211145913id_/https://bikinlaper.com/wp-content/uploads/2016/12/food6.jpg-650x434.webp,
cached,wp-content/uploads/2016/12/food6.jpg-768x512.webp,https://bikinlaper.com/wp-content/uploads/2016/12/food6.jpg-768x512.webp,20231211145820,image/webp,52060,3301431892eee2f0445e4a44bebb6e4df7756757ac827dd96cd1844342a11ee4,https://web.archive.org/web/20231211145820id_/https://bikinlaper.com/wp-content/uploads/2016/12/food6.jpg-768x512.webp,
cached,wp-content/uploads/2016/12/food6.jpg-800x534.webp,https://bikinlaper.com/wp-content/uploads/2016/12/food6.jpg-800x534.webp,20231211145907,image/webp,54824,297b400d157b03de96a1caf1c46e19e66c35986714b1432245d994f1f7f21eeb,https://web.archive.org/web/20231211145907id_/https://bikinlaper.com/wp-content/uploads/2016/12/food6.jpg-800x534.webp,
cached,wp-content/uploads/2016/12/food6.jpg.webp,https://bikinlaper.com/wp-content/uploads/2016/12/food6.jpg.webp,20231211145822,image/webp,109120,63d7b4f3f6b4fb87bc3cfe4a5c9b063a96b0edb840d0b8bcc5b0d1299023626f,https://web.archive.org/web/20231211145822id_/https://bikinlaper.com/wp-content/uploads/2016/12/food6.jpg.webp,
cached,wp-content/uploads/2016/12/food7.jpg-1200x800.webp,https://bikinlaper.com/wp-content/uploads/2016/12/food7.jpg-1200x800.webp,20231211154238,image/webp,194680,3eeae5bc9e8ccd7af4f4847a5a109b05b0a814f3deb31ec205b8b08ab7fcdada,https://web.archive.org/web/20231211154238id_/https://bikinlaper.com/wp-content/uploads/2016/12/food7.jpg-1200x800.webp,
cached,wp-content/uploads/2016/12/food7.jpg-1600x1067.webp,https://bikinlaper.com/wp-content/uploads/2016/12/food7.jpg-1600x1067.webp,20231211154244,image/webp,284836,9337abc4997a9cc812f7108dc0e793c3fb62307f2f75e635972acbd5992643cf,https://web.archive.org/web/20231211154244id_/https://bikinlaper.com/wp-content/uploads/2016/12/food7.jpg-1600x1067.webp,
cached,wp-content/uploads/2016/12/food7.jpg-800x533.webp,https://bikinlaper.com/wp-content/uploads/2016/12/food7.jpg-800x533.webp,20231211154238,image/webp,108956,b5a31ec26ec4706e6eb0b48368b6b8585421afecf5a722ee4f461cbefa31d7c2,https://web.archive.org/web/20231211154238id_/https://bikinlaper.com/wp-content/uploads/2016/12/food7.jpg-800x533.webp,
cached,wp-content/uploads/2016/12/food7.jpg.webp,https://bikinlaper.com/wp-content/uploads/2016/12/food7.jpg.webp,20231211154240,image/webp,272710,998b7777da88ed49d7d69820938c1a646b4f726fb1c51a0ebb898398b22a11e5,https://web.archive.org/web/20231211154240id_/https://bikinlaper.com/wp-content/uploads/2016/12/food7.jpg.webp,
cached,wp-content/uploads/2016/12/food9.jpg-100x68.webp,https://bikinlaper.com/wp-content/uploads/2016/12/food9.jpg-100x68.webp,20231226141354,image/webp,4020,e1811d657ffae669ae1233ae2accde747568d490fae854bd97baf6517b4d183c,https://web.archive.org/web/20231226141354id_/https://bikinlaper.com/wp-content/uploads/2016/12/food9.jpg-100x68.webp,
cached,wp-content/uploads/2016/12/food9.jpg-1200x817.webp,https://bikinlaper.com/wp-content/uploads/2016/12/food9.jpg-1200x817.webp,20231226141354,image/webp,240218,233023fff71f1696b73ec874f955e705b1a53fac6619e6c9c802cb15c7e3f25d,https://web.archive.org/web/20231226141354id_/https://bikinlaper.com/wp-content/uploads/2016/12/food9.jpg-1200x817.webp,
cached,wp-content/uploads/2016/12/food9.jpg-150x102.webp,https://bikinlaper.com/wp-content/uploads/2016/12/food9.jpg-150x102.webp,20231226141352,image/webp,7596,2906c5d41bf51f031a9aacbf1f0550a44516a3f918fb6cc81b8a79202aacc581,https://web.archive.org/web/20231226141352id_/https://bikinlaper.com/wp-content/uploads/2016/12/food9.jpg-150x102.webp,
cached,wp-content/uploads/2016/12/food9.jpg-1536x1046.webp,https://bikinlaper.com/wp-content/uploads/2016/12/food9.jpg-1536x1046.webp,20231226141501,image/webp,339474,dd9781ea082d65500da733b3a51a6c55cc515e21eba5f870dafa86c4d42df344,https://web.archive.org/web/20231226141501id_/https://bikinlaper.com/wp-content/uploads/2016/12/food9.jpg-1536x1046.webp,
cached,wp-content/uploads/2016/12/food9.jpg-1600x1089.webp,https://bikinlaper.com/wp-content/uploads/2016/12/food9.jpg-1600x1089.webp,20231226141355,image/webp,356588,b6b9eb61f91cd76ac95184ff48b27c1383b2f008642e6beee18d39d73f0948e8,https://web.archive.org/web/20231226141355id_/https://bikinlaper.com/wp-content/uploads/2016/12/food9.jpg-1600x1089.webp,
cached,wp-content/uploads/2016/12/food9.jpg-200x136.webp,https://bikinlaper.com/wp-content/uploads/2016/12/food9.jpg-200x136.webp,20231226141514,image/webp,12224,da7780627e172533c4028f5bcd7496c5a11a0c4ff6929dee5c994688ff73a5a8,https://web.archive.org/web/20231226141514id_/https://bikinlaper.com/wp-content/uploads/2016/12/food9.jpg-200x136.webp,
cached,wp-content/uploads/2016/12/food9.jpg-250x170.webp,https://bikinlaper.com/wp-content/uploads/2016/12/food9.jpg-250x170.webp,20231226141415,image/webp,17718,505ae2a25b8377ed73c6ac364f422e27ea535c69bc50469b3efa4b46204313ad,https://web.archive.org/web/20231226141415id_/https://bikinlaper.com/wp-content/uploads/2016/12/food9.jpg-250x170.webp,
cached,wp-content/uploads/2016/12/food9.jpg-300x204.webp,https://bikinlaper.com/wp-content/uploads/2016/12/food9.jpg-300x204.webp,20231226141353,image/webp,24698,0c01deb6b6e67e3a3001d752b0b4a4df5c9d2dfa05354c14a18e8102abc83b4b,https://web.archive.org/web/20231226141353id_/https://bikinlaper.com/wp-content/uploads/2016/12/food9.jpg-300x204.webp,
cached,wp-content/uploads/2016/12/food9.jpg-350x238.webp,https://bikinlaper.com/wp-content/uploads/2016/12/food9.jpg-350x238.webp,20231226141355,image/webp,31452,db2bba7bd6f0161037cf793bfe1f9760bf098c50e6211ce00c73015fb0980e81,https://web.archive.org/web/20231226141355id_/https://bikinlaper.com/wp-content/uploads/2016/12/food9.jpg-350x238.webp,
cached,wp-content/uploads/2016/12/food9.jpg-400x272.webp,https://bikinlaper.com/wp-content/uploads/2016/12/food9.jpg-400x272.webp,20231227110757,image/webp,39930,8b2e57cfacaf452354459984fb5b38c2c8b91d277ee9a17ce81995d58c93b983,https://web.archive.org/web/20231227110757id_/https://bikinlaper.com/wp-content/uploads/2016/12/food9.jpg-400x272.webp,
cached,wp-content/uploads/2016/12/food9.jpg-450x306.webp,https://bikinlaper.com/wp-content/uploads/2016/12/food9.jpg-450x306.webp,20231226141355,image/webp,50322,02c97a58df6de04ed5d4d4f83d32e4782cce94540f7518afeab66a90f5c742bf,https://web.archive.org/web/20231226141355id_/https://bikinlaper.com/wp-content/uploads/2016/12/food9.jpg-450x306.webp,
cached,wp-content/uploads/2016/12/food9.jpg-500x340.webp,https://bikinlaper.com/wp-content/uploads/2016/12/food9.jpg-500x340.webp,20231226141357,image/webp,59918,4d398f6e4ad2114c213bfd9a3214122aee26bde42cc8a3657c529fa9009b467d,https://web.archive.org/web/20231226141357id_/https://bikinlaper.com/wp-content/uploads/2016/12/food9.jpg-500x340.webp,
cached,wp-content/uploads/2016/12/food9.jpg-50x34.webp,https://bikinlaper.com/wp-content/uploads/2016/12/food9.jpg-50x34.webp,20231226141353,image/webp,1410,3844c4a0cd8c3544ae8ceb8a64eee3380118e8acbd6692eeed4458225f9bc233,https://web.archive.org/web/20231226141353id_/https://bikinlaper.com/wp-content/uploads/2016/12/food9.jpg-50x34.webp,
cached,wp-content/uploads/2016/12/food9.jpg-550x374.webp,https://bikinlaper.com/wp-content/uploads/2016/12/food9.jpg-550x374.webp,20231226141422,image/webp,70118,e03918bd4f25839aa20be6da16ffb33c73fd14dbe486f08be8938e30811d240e,https://web.archive.org/web/20231226141422id_/https://bikinlaper.com/wp-content/uploads/2016/12/food9.jpg-550x374.webp,
cached,wp-content/uploads/2016/12/food9.jpg-650x442.webp,https://bikinlaper.com/wp-content/uploads/2016/12/food9.jpg-650x442.webp,20231227110758,image/webp,91452,df367595a09069e5481952c174bd3dc570f7176c7eed2e169a48fb12429b9d7d,https://web.archive.org/web/20231227110758id_/https://bikinlaper.com/wp-content/uploads/2016/12/food9.jpg-650x442.webp,
cached,wp-content/uploads/2016/12/food9.jpg-768x523.webp,https://bikinlaper.com/wp-content/uploads/2016/12/food9.jpg-768x523.webp,20231226141351,image/webp,121418,6fadda8128b4237038f31f9d065fafde6bd71afa8f06ba9c0b8eb0fec06a5e87,https://web.archive.org/web/20231226141351id_/https://bikinlaper.com/wp-content/uploads/2016/12/food9.jpg-768x523.webp,
cached,wp-content/uploads/2016/12/food9.jpg-800x545.webp,https://bikinlaper.com/wp-content/uploads/2016/12/food9.jpg-800x545.webp,20231226141531,image/webp,129158,5846868019ca4df25169360e9cec95f72003006fc144fc41b0bcfa414a530895,https://web.archive.org/web/20231226141531id_/https://bikinlaper.com/wp-content/uploads/2016/12/food9.jpg-800x545.webp,
cached,wp-content/uploads/2016/12/food9.jpg.webp,https://bikinlaper.com/wp-content/uploads/2016/12/food9.jpg.webp,20231226141522,image/webp,343146,319e0d5abec4e6bb75b31c5222cfe61a7c862ba7b0396930cf5ce8bb67368f6f,https://web.archive.org/web/20231226141522id_/https://bikinlaper.com/wp-content/uploads/2016/12/food9.jpg.webp,
cached,wp-content/uploads/2023/10/Warung-Kharisma-Bahari-WKB-100x75.webp,https://bikinlaper.com/wp-content/uploads/2023/10/Warung-Kharisma-Bahari-WKB-100x75.webp,20231227110736,image/webp,2446,1840f7aefc128c900bb6c653508e6ac8a3e3c5d560a08b628c8ae775b51c0820,https://web.archive.org/web/20231227110736id_/https://bikinlaper.com/wp-content/uploads/2023/10/Warung-Kharisma-Bahari-WKB-100x75.webp,
cached,wp-content/uploads/2023/10/Warung-Kharisma-Bahari-WKB-1200x900.webp,https://bikinlaper.com/wp-content/uploads/2023/10/Warung-Kharisma-Bahari-WKB-1200x900.webp,20231226141435,image/webp,136576,26c97771676455350939d35469d52cf83c11251c8fcdce71def23dd1b9044335,https://web.archive.org/web/20231226141435id_/https://bikinlaper.com/wp-content/uploads/2023/10/Warung-Kharisma-Bahari-WKB-1200x900.webp,
cached,wp-content/uploads/2023/10/Warung-Kharisma-Bahari-WKB-150x113.webp,https://bikinlaper.com/wp-content/uploads/2023/10/Warung-Kharisma-Bahari-WKB-150x113.webp,20231226141427,image/webp,4752,773b97c0f8c5a617624f63b22859883fd1eaee93b96d6455e8fcba7b3f05d95e,https://web.archive.org/web/20231226141427id_/https://bikinlaper.com/wp-content/uploads/2023/10/Warung-Kharisma-Bahari-WKB-150x113.webp,
cached,wp-content/uploads/2023/10/Warung-Kharisma-Bahari-WKB-1536x1152.webp,https://bikinlaper.com/wp-content/uploads/2023/10/Warung-Kharisma-Bahari-WKB-1536x1152.webp,20231226141436,image/webp,186938,e836b5b58df9706c70fa9aff7ecd98b7145dfcff4b90e22e051c71e36bfd6ef5,https://web.archive.org/web/20231226141436id_/https://bikinlaper.com/wp-content/uploads/2023/10/Warung-Kharisma-Bahari-WKB-1536x1152.webp,
cached,wp-content/uploads/2023/10/Warung-Kharisma-Bahari-WKB-1600x1200.webp,https://bikinlaper.com/wp-content/uploads/2023/10/Warung-Kharisma-Bahari-WKB-1600x1200.webp,20231226141429,image/webp,193630,d7fe330610e88570cb4054a8fd315c7adaeee633ef4b2c9b6ebf138de54bf170,https://web.archive.org/web/20231226141429id_/https://bikinlaper.com/wp-content/uploads/2023/10/Warung-Kharisma-Bahari-WKB-1600x1200.webp,
cached,wp-content/uploads/2023/10/Warung-Kharisma-Bahari-WKB-200x150.webp,https://bikinlaper.com/wp-content/uploads/2023/10/Warung-Kharisma-Bahari-WKB-200x150.webp,20231226141439,image/webp,7502,f1ac949f1de761b0b9d1da513b2eec74e759a9e8e5bf76e251af3feef956e5ab,https://web.archive.org/web/20231226141439id_/https://bikinlaper.com/wp-content/uploads/2023/10/Warung-Kharisma-Bahari-WKB-200x150.webp,
cached,wp-content/uploads/2023/10/Warung-Kharisma-Bahari-WKB-250x188.webp,https://bikinlaper.com/wp-content/uploads/2023/10/Warung-Kharisma-Bahari-WKB-250x188.webp,20231226141434,image/webp,11000,49d9444b8ed951f69501747a489bea9660a48e1a1f380c3e6c904f980d5e7f63,https://web.archive.org/web/20231226141434id_/https://bikinlaper.com/wp-content/uploads/2023/10/Warung-Kharisma-Bahari-WKB-250x188.webp,
cached,wp-content/uploads/2023/10/Warung-Kharisma-Bahari-WKB-300x225.webp,https://bikinlaper.com/wp-content/uploads/2023/10/Warung-Kharisma-Bahari-WKB-300x225.webp,20231226141438,image/webp,15342,653d76e2eb99ab7e49a5e9d689111e889e60fc26a009eb39e4f9784f899842d9,https://web.archive.org/web/20231226141438id_/https://bikinlaper.com/wp-content/uploads/2023/10/Warung-Kharisma-Bahari-WKB-300x225.webp,
cached,wp-content/uploads/2023/10/Warung-Kharisma-Bahari-WKB-350x263.webp,https://bikinlaper.com/wp-content/uploads/2023/10/Warung-Kharisma-Bahari-WKB-350x263.webp,20231226141440,image/webp,19580,439ec77ec3bd99502bc92047a8be26c6f156584060209bd78899920c933ea042,https://web.archive.org/web/20231226141440id_/https://bikinlaper.com/wp-content/uploads/2023/10/Warung-Kharisma-Bahari-WKB-350x263.webp,
cached,wp-content/uploads/2023/10/Warung-Kharisma-Bahari-WKB-400x300.webp,https://bikinlaper.com/wp-content/uploads/2023/10/Warung-Kharisma-Bahari-WKB-400x300.webp,20231226141444,image/webp,24794,b33b9138e3101dab87f96ae0938bb4b2ee6cc52f9c1f9d451b68994cf0c32692,https://web.archive.org/web/20231226141444id_/https://bikinlaper.com/wp-content/uploads/2023/10/Warung-Kharisma-Bahari-WKB-400x300.webp,
cached,wp-content/uploads/2023/10/Warung-Kharisma-Bahari-WKB-450x338.webp,https://bikinlaper.com/wp-content/uploads/2023/10/Warung-Kharisma-Bahari-WKB-450x338.webp,20231226141441,image/webp,29730,2e968d2a799b198439248dabd6bf3098aa24a0e705613a536075f014f2a86483,https://web.archive.org/web/20231226141441id_/https://bikinlaper.com/wp-content/uploads/2023/10/Warung-Kharisma-Bahari-WKB-450x338.webp,
cached,wp-content/uploads/2023/10/Warung-Kharisma-Bahari-WKB-500x375.webp,https://bikinlaper.com/wp-content/uploads/2023/10/Warung-Kharisma-Bahari-WKB-500x375.webp,20231226141440,image/webp,35030,a45d6719083de7a541911b576816f543955fbabc85fee126900d97834d7ee0bd,https://web.archive.org/web/20231226141440id_/https://bikinlaper.com/wp-content/uploads/2023/10/Warung-Kharisma-Bahari-WKB-500x375.webp,
cached,wp-content/uploads/2023/10/Warung-Kharisma-Bahari-WKB-50x38.webp,https://bikinlaper.com/wp-content/uploads/2023/10/Warung-Kharisma-Bahari-WKB-50x38.webp,20231227110738,image/webp,886,4052ea1be9c1efee239fae5fc7712ab6766a7ef4bb28a714bb68c661330af346,https://web.archive.org/web/20231227110738id_/https://bikinlaper.com/wp-content/uploads/2023/10/Warung-Kharisma-Bahari-WKB-50x38.webp,
cached,wp-content/uploads/2023/10/Warung-Kharisma-Bahari-WKB-550x413.webp,https://bikinlaper.com/wp-content/uploads/2023/10/Warung-Kharisma-Bahari-WKB-550x413.webp,20231226141439,image/webp,41034,91b388f55d88c2718ce3c02aa7e7cda44a01dca7ef6ab6744e935e82daf5b631,https://web.archive.org/web/20231226141439id_/https://bikinlaper.com/wp-content/uploads/2023/10/Warung-Kharisma-Bahari-WKB-550x413.webp,
cached,wp-content/uploads/2023/10/Warung-Kharisma-Bahari-WKB-650x488.webp,https://bikinlaper.com/wp-content/uploads/2023/10/Warung-Kharisma-Bahari-WKB-650x488.webp,20231226141443,image/webp,53180,abf45bd685ce7bc00cf0b318f0d11a7d803e565402bfae4dcc72dc591f4787b7,https://web.archive.org/web/20231226141443id_/https://bikinlaper.com/wp-content/uploads/2023/10/Warung-Kharisma-Bahari-WKB-650x488.webp,
cached,wp-content/uploads/2023/10/Warung-Kharisma-Bahari-WKB-768x576.webp,https://bikinlaper.com/wp-content/uploads/2023/10/Warung-Kharisma-Bahari-WKB-768x576.webp,20231226141435,image/webp,69312,dcfbbe8eee0407efb50f653b83363d1a310fc42fa967f3d5a9129df7b9a3506f,https://web.archive.org/web/20231226141435id_/https://bikinlaper.com/wp-content/uploads/2023/10/Warung-Kharisma-Bahari-WKB-768x576.webp,
cached,wp-content/uploads/2023/10/Warung-Kharisma-Bahari-WKB-800x600.webp,https://bikinlaper.com/wp-content/uploads/2023/10/Warung-Kharisma-Bahari-WKB-800x600.webp,20231226141433,image/webp,74414,d36f6817ecff816e540380b80c4c69eaa5d03906051443939ca0bbe4770e8ed2,https://web.archive.org/web/20231226141433id_/https://bikinlaper.com/wp-content/uploads/2023/10/Warung-Kharisma-Bahari-WKB-800x600.webp,
cached,wp-content/uploads/2023/10/Warung-Kharisma-Bahari-WKB.webp,https://bikinlaper.com/wp-content/uploads/2023/10/Warung-Kharisma-Bahari-WKB.webp,20231226141437,image/webp,263166,34a3e5211e4a6cb9045094d92866ddc2eba9b6ac95a8f81c367bcb2d806c678c,https://web.archive.org/web/20231226141437id_/https://bikinlaper.com/wp-content/uploads/2023/10/Warung-Kharisma-Bahari-WKB.webp,
cached,wp-content/uploads/2023/10/bikinlapercom.png,https://bikinlaper.com/wp-content/uploads/2023/10/bikinlapercom.png,20231211142738,image/png,2943,5f2fd78a70a00f72aeeaf99de6664dcec13c420376e876829513381b7a32e7b0,https://web.archive.org/web/20231211142738id_/https://bikinlaper.com/wp-content/uploads/2023/10/bikinlapercom.png,
cached,wp-content/uploads/2023/10/franchise-ayam-goreng-100x64.jpg,https://bikinlaper.com/wp-content/uploads/2023/10/franchise-ayam-goreng-100x64.jpg,20231211145853,image/jpeg,2843,3b926af9aff951fff360ac1931fce25a59b3d7afa20e0b3b5c4ae3bfc6bb07e6,https://web.archive.org/web/20231211145853id_/https://bikinlaper.com/wp-content/uploads/2023/10/franchise-ayam-goreng-100x64.jpg,
cached,wp-content/uploads/2023/10/franchise-ayam-goreng-150x96.jpg,https://bikinlaper.com/wp-content/uploads/2023/10/franchise-ayam-goreng-150x96.jpg,20231211145854,image/jpeg,5102,47218cb6532fa1bb32cc094b3ed55a8aea07724ae50622fdc704b3fd132642d5,https://web.archive.org/web/20231211145854id_/https://bikinlaper.com/wp-content/uploads/2023/10/franchise-ayam-goreng-150x96.jpg,
cached,wp-content/uploads/2023/10/franchise-ayam-goreng-200x127.jpg,https://bikinlaper.com/wp-content/uploads/2023/10/franchise-ayam-goreng-200x127.jpg,20231211145854,image/jpeg,8050,37d6d3def4497c61306eae1f68417eb6263f6cdebde2c481c3fb11fba62150b0,https://web.archive.org/web/20231211145854id_/https://bikinlaper.com/wp-content/uploads/2023/10/franchise-ayam-goreng-200x127.jpg,
cached,wp-content/uploads/2023/10/franchise-ayam-goreng-300x191.jpg,https://bikinlaper.com/wp-content/uploads/2023/10/franchise-ayam-goreng-300x191.jpg,20231211145922,image/jpeg,15750,d3540fbcc64c848c48293b8efc4915fe8f7b814d23c776f61acfe7711ae6df6e,https://web.archive.org/web/20231211145922id_/https://bikinlaper.com/wp-content/uploads/2023/10/franchise-ayam-goreng-300x191.jpg,
cached,wp-content/uploads/2023/10/franchise-ayam-goreng-50x32.jpg,https://bikinlaper.com/wp-content/uploads/2023/10/franchise-ayam-goreng-50x32.jpg,20231211145855,image/jpeg,1323,c224d097aa9206a4961a56b1249b90a67156381d6542ad24860a015ffbb731cf,https://web.archive.org/web/20231211145855id_/https://bikinlaper.com/wp-content/uploads/2023/10/franchise-ayam-goreng-50x32.jpg,
cached,wp-content/uploads/2023/10/franchise-ayam-goreng-550x351.jpg,https://bikinlaper.com/wp-content/uploads/2023/10/franchise-ayam-goreng-550x351.jpg,20231211145833,image/jpeg,43914,5608d4061c504c0bcd165cdedc1ca0b48e2277e0461dcc68aad765838d5923f5,https://web.archive.org/web/20231211145833id_/https://bikinlaper.com/wp-content/uploads/2023/10/franchise-ayam-goreng-550x351.jpg,
cached,wp-content/uploads/2023/10/franchise-ayam-goreng.jpg,https://bikinlaper.com/wp-content/uploads/2023/10/franchise-ayam-goreng.jpg,20231211145834,image/jpeg,60633,e78534ac752ee9ee14f9219111aeda95fcb285a9be2e270163a57371d9934d3f,https://web.archive.org/web/20231211145834id_/https://bikinlaper.com/wp-content/uploads/2023/10/franchise-ayam-goreng.jpg,
cached,wp-content/uploads/2023/10/interior-shot-cafe-with-chairs-near-bar-with-wooden-tables-550x367.jpg,https://bikinlaper.com/wp-content/uploads/2023/10/interior-shot-cafe-with-chairs-near-bar-with-wooden-tables-550x367.jpg,20240123090726,image/jpeg,43918,98eaf76d491ca044821d6db35b72b4a0d0594d8168f17c3c00b51f67a6c93e78,https://web.archive.org/web/20240123090726id_/https://bikinlaper.com/wp-content/uploads/2023/10/interior-shot-cafe-with-chairs-near-bar-with-wooden-tables-550x367.jpg,
cached,wp-content/uploads/2023/10/interior-shot-cafe-with-chairs-near-bar-with-wooden-tables-768x512.jpg,https://bikinlaper.com/wp-content/uploads/2023/10/interior-shot-cafe-with-chairs-near-bar-with-wooden-tables-768x512.jpg,20240123090723,image/jpeg,72860,b0b683c65bd8620e77fef86ce7e7aa0334e5ca3b06bc24acbaa0307ef8c1d436,https://web.archive.org/web/20240123090723id_/https://bikinlaper.com/wp-content/uploads/2023/10/interior-shot-cafe-with-chairs-near-bar-with-wooden-tables-768x512.jpg,
cached,wp-content/uploads/2023/10/interior-shot-cafe-with-chairs-near-bar-with-wooden-tables-800x534.jpg,https://bikinlaper.com/wp-content/uploads/2023/10/interior-shot-cafe-with-chairs-near-bar-with-wooden-tables-800x534.jpg,20240123090728,image/jpeg,77465,69c7628b09a631d0952f6b33981a186a4936117cdaa7bd62b72d8330bbce9604,https://web.archive.org/web/20240123090728id_/https://bikinlaper.com/wp-content/uploads/2023/10/interior-shot-cafe-with-chairs-near-bar-with-wooden-tables-800x534.jpg,
cached,wp-content/uploads/2023/10/interior-shot-cafe-with-chairs-near-bar-with-wooden-tables.jpg,https://bikinlaper.com/wp-content/uploads/2023/10/interior-shot-cafe-with-chairs-near-bar-with-wooden-tables.jpg,20240123090725,image/jpeg,729636,1a80355869544ae4e19e6911a74fa07a14e05409899fb9a9ffa5f4b00864923e,https://web.archive.org/web/20240123090725id_/https://bikinlaper.com/wp-content/uploads/2023/10/interior-shot-cafe-with-chairs-near-bar-with-wooden-tables.jpg,
cached,wp-content/uploads/2023/10/menu-warteg-100x67.jpg,https://bikinlaper.com/wp-content/uploads/2023/10/menu-warteg-100x67.jpg,20231211145842,image/jpeg,4357,a4c949d877606d2fc0066c5569955abce2dff3593936fe7712982af0307f4fdd,https://web.archive.org/web/20231211145842id_/https://bikinlaper.com/wp-content/uploads/2023/10/menu-warteg-100x67.jpg,
cached,wp-content/uploads/2023/10/menu-warteg-150x100.jpg,https://bikinlaper.com/wp-content/uploads/2023/10/menu-warteg-150x100.jpg,20231211145840,image/jpeg,8134,605d979e6a9c9553358ef94242704df667545cc302fa54bd73f495bfdcf8b20c,https://web.archive.org/web/20231211145840id_/https://bikinlaper.com/wp-content/uploads/2023/10/menu-warteg-150x100.jpg,
cached,wp-content/uploads/2023/10/menu-warteg-200x133.jpg,https://bikinlaper.com/wp-content/uploads/2023/10/menu-warteg-200x133.jpg,20231211145804,image/jpeg,12978,12dcdee92b7b8caaba1b8b84b1624890a2ed03af44612553875ad0b644c88d7d,https://web.archive.org/web/20231211145804id_/https://bikinlaper.com/wp-content/uploads/2023/10/menu-warteg-200x133.jpg,
cached,wp-content/uploads/2023/10/menu-warteg-250x167.jpg,https://bikinlaper.com/wp-content/uploads/2023/10/menu-warteg-250x167.jpg,20231211145839,image/jpeg,19353,eda6c1908a7c10ee4a6e419eb88e1bf31b7f0bccb544ebca20178eda903986e9,https://web.archive.org/web/20231211145839id_/https://bikinlaper.com/wp-content/uploads/2023/10/menu-warteg-250x167.jpg,
cached,wp-content/uploads/2023/10/menu-warteg-300x200.jpg,https://bikinlaper.com/wp-content/uploads/2023/10/menu-warteg-300x200.jpg,20231211145803,image/jpeg,25983,063846f8a2319e1f9dc377ce525a98d07a291c36e805766c7f0e9dd6ddd38728,https://web.archive.org/web/20231211145803id_/https://bikinlaper.com/wp-content/uploads/2023/10/menu-warteg-300x200.jpg,
cached,wp-content/uploads/2023/10/menu-warteg-350x233.jpg,https://bikinlaper.com/wp-content/uploads/2023/10/menu-warteg-350x233.jpg,20231211145759,image/jpeg,33709,9c4eccf4c90734b6b7ff5a2137c8c1d5e5bdd97c670b0199e06f6faa3309cd22,https://web.archive.org/web/20231211145759id_/https://bikinlaper.com/wp-content/uploads/2023/10/menu-warteg-350x233.jpg,
cached,wp-content/uploads/2023/10/menu-warteg-400x266.jpg,https://bikinlaper.com/wp-content/uploads/2023/10/menu-warteg-400x266.jpg,20231211145804,image/jpeg,41948,4b9b2aae88456e5de811e8d9ed1055deceeed9138581877c5c4a2acb7c4d3574,https://web.archive.org/web/20231211145804id_/https://bikinlaper.com/wp-content/uploads/2023/10/menu-warteg-400x266.jpg,
cached,wp-content/uploads/2023/10/menu-warteg-450x300.jpg,https://bikinlaper.com/wp-content/uploads/2023/10/menu-warteg-450x300.jpg,20231211145757,image/jpeg,50934,563a80c420bca348a91a4b92dcf99c19a3d278bc0b3a59012553ac60fa6dda8a,https://web.archive.org/web/20231211145757id_/https://bikinlaper.com/wp-content/uploads/2023/10/menu-warteg-450x300.jpg,
cached,wp-content/uploads/2023/10/menu-warteg-500x333.jpg,https://bikinlaper.com/wp-content/uploads/2023/10/menu-warteg-500x333.jpg,20231211145759,image/jpeg,59696,c1f8db2396cf48a79d58a6abe8082abfe40f0df4316f9fbf1a29e2fbdf58fb61,https://web.archive.org/web/20231211145759id_/https://bikinlaper.com/wp-content/uploads/2023/10/menu-warteg-500x333.jpg,
cached,wp-content/uploads/2023/10/menu-warteg-50x33.jpg,https://bikinlaper.com/wp-content/uploads/2023/10/menu-warteg-50x33.jpg,20231211145802,image/jpeg,1698,115e3237bba71390c7e737d1972583e12ab1d9ce6b566a3f8c7419367372d861,https://web.archive.org/web/20231211145802id_/https://bikinlaper.com/wp-content/uploads/2023/10/menu-warteg-50x33.jpg,
cached,wp-content/uploads/2023/10/menu-warteg-550x366.jpg,https://bikinlaper.com/wp-content/uploads/2023/10/menu-warteg-550x366.jpg,20231211145834,image/jpeg,68842,cb0dd618b91e852116667855c9e6911532a89618064e0c3ca650dbed0e11f844,https://web.archive.org/web/20231211145834id_/https://bikinlaper.com/wp-content/uploads/2023/10/menu-warteg-550x366.jpg,
cached,wp-content/uploads/2023/10/menu-warteg-650x433.jpg,https://bikinlaper.com/wp-content/uploads/2023/10/menu-warteg-650x433.jpg,20231211145840,image/jpeg,88716,58c064eede2021f5d2028bdd3686f02366de3113b96e7da3192e9408577ea653,https://web.archive.org/web/20231211145840id_/https://bikinlaper.com/wp-content/uploads/2023/10/menu-warteg-650x433.jpg,
cached,wp-content/uploads/2023/10/menu-warteg.jpg,https://bikinlaper.com/wp-content/uploads/2023/10/menu-warteg.jpg,20231211145758,image/jpeg,169231,2086cff45a639688b81317a5af4176b6accbb4144532f30c13ef9335c98844f3,https://web.archive.org/web/20231211145758id_/https://bikinlaper.com/wp-content/uploads/2023/10/menu-warteg.jpg,
cached,wp-content/uploads/2023/10/smotttttt-100x75.jpg,https://bikinlaper.com/wp-content/uploads/2023/10/smotttttt-100x75.jpg,20231226141337,image/jpeg,3103,5309871bb74808fbcee859da3a025f0dd31419a56b48cfec2379c87e056fbada,https://web.archive.org/web/20231226141337id_/https://bikinlaper.com/wp-content/uploads/2023/10/smotttttt-100x75.jpg,
cached,wp-content/uploads/2023/10/smotttttt-150x112.jpg,https://bikinlaper.com/wp-content/uploads/2023/10/smotttttt-150x112.jpg,20231226141337,image/jpeg,5068,30e85eb85ad7e90b77f9015a76b110169933ca8b13a903d25a1df696a73630a1,https://web.archive.org/web/20231226141337id_/https://bikinlaper.com/wp-content/uploads/2023/10/smotttttt-150x112.jpg,
cached,wp-content/uploads/2023/10/smotttttt-200x150.jpg,https://bikinlaper.com/wp-content/uploads/2023/10/smotttttt-200x150.jpg,20231226141338,image/jpeg,7920,e39d0b9919f86975936cfce886017d3fcf1eda1663222e2e0b593e51aa1ba29e,https://web.archive.org/web/20231226141338id_/https://bikinlaper.com/wp-content/uploads/2023/10/smotttttt-200x150.jpg,
cached,wp-content/uploads/2023/10/smotttttt-250x187.jpg,https://bikinlaper.com/wp-content/uploads/2023/10/smotttttt-250x187.jpg,20231226141339,image/jpeg,11087,131d5d406a93d7af8bad7641c4836066402de20ab57c8caa15c48cb29586ccac,https://web.archive.org/web/20231226141339id_/https://bikinlaper.com/wp-content/uploads/2023/10/smotttttt-250x187.jpg,
cached,wp-content/uploads/2023/10/smotttttt-50x37.jpg,https://bikinlaper.com/wp-content/uploads/2023/10/smotttttt-50x37.jpg,20231226141337,image/jpeg,1505,b0de004cb0135bc31d634ffc8775efc4dcfa7873e11d93bc576a46f2c999961b,https://web.archive.org/web/20231226141337id_/https://bikinlaper.com/wp-content/uploads/2023/10/smotttttt-50x37.jpg,
cached,wp-content/uploads/2023/10/smotttttt.jpg,https://bikinlaper.com/wp-content/uploads/2023/10/smotttttt.jpg,20231226141339,image/jpeg,8639,8e137a15c882be711f5c7b45241b1112e9a5cc62056db68d457a8481069fc09d,https://web.archive.org/web/20231226141339id_/https://bikinlaper.com/wp-content/uploads/2023/10/smotttttt.jpg,
cached,wp-content/uploads/2023/10/trays-with-take-away-food-close-up-assorted-food_188913-1529-100x75.jpg,https://bikinlaper.com/wp-content/uploads/2023/10/trays-with-take-away-food-close-up-assorted-food_188913-1529-100x75.jpg,20231211145727,image/jpeg,4462,277d48213cbe1d3e1a698baac561168c33f2c3e147213463e4e4325002a83c3b,https://web.archive.org/web/20231211145727id_/https://bikinlaper.com/wp-content/uploads/2023/10/trays-with-take-away-food-close-up-assorted-food_188913-1529-100x75.jpg,
cached,wp-content/uploads/2023/10/trays-with-take-away-food-close-up-assorted-food_188913-1529-150x113.jpg,https://bikinlaper.com/wp-content/uploads/2023/10/trays-with-take-away-food-close-up-assorted-food_188913-1529-150x113.jpg,20231211145728,image/jpeg,8425,ae06488bef48c818e5805d436f0fba2e5fe34414c0783f53692299dfbaf287ca,https://web.archive.org/web/20231211145728id_/https://bikinlaper.com/wp-content/uploads/2023/10/trays-with-take-away-food-close-up-assorted-food_188913-1529-150x113.jpg,
cached,wp-content/uploads/2023/10/trays-with-take-away-food-close-up-assorted-food_188913-1529-200x150.jpg,https://bikinlaper.com/wp-content/uploads/2023/10/trays-with-take-away-food-close-up-assorted-food_188913-1529-200x150.jpg,20231211145727,image/jpeg,13223,7368bc36209f2fdcfc2132c5b6c01f458b0dbc33025380108f60bf77e682f453,https://web.archive.org/web/20231211145727id_/https://bikinlaper.com/wp-content/uploads/2023/10/trays-with-take-away-food-close-up-assorted-food_188913-1529-200x150.jpg,
cached,wp-content/uploads/2023/10/trays-with-take-away-food-close-up-assorted-food_188913-1529-250x188.jpg,https://bikinlaper.com/wp-content/uploads/2023/10/trays-with-take-away-food-close-up-assorted-food_188913-1529-250x188.jpg,20231211145727,image/jpeg,19417,cd9c2a3be9d54aa1a722072cdb087a5191e4fac5ab894f8d82ccecb999506d4c,https://web.archive.org/web/20231211145727id_/https://bikinlaper.com/wp-content/uploads/2023/10/trays-with-take-away-food-close-up-assorted-food_188913-1529-250x188.jpg,
cached,wp-content/uploads/2023/10/trays-with-take-away-food-close-up-assorted-food_188913-1529-300x225.jpg,https://bikinlaper.com/wp-content/uploads/2023/10/trays-with-take-away-food-close-up-assorted-food_188913-1529-300x225.jpg,20231211145751,image/jpeg,26067,2ae56f3ed914495977bcb94e59700df546ecd2ea5d68745950fe57d871e23779,https://web.archive.org/web/20231211145751id_/https://bikinlaper.com/wp-content/uploads/2023/10/trays-with-take-away-food-close-up-assorted-food_188913-1529-300x225.jpg,
cached,wp-content/uploads/2023/10/trays-with-take-away-food-close-up-assorted-food_188913-1529-350x263.jpg,https://bikinlaper.com/wp-content/uploads/2023/10/trays-with-take-away-food-close-up-assorted-food_188913-1529-350x263.jpg,20231211145728,image/jpeg,33115,4f6cd5124ead5bdb9750522d69f7ffea2d1876d77cda29c8c6af1c07a3a6f62d,https://web.archive.org/web/20231211145728id_/https://bikinlaper.com/wp-content/uploads/2023/10/trays-with-take-away-food-close-up-assorted-food_188913-1529-350x263.jpg,
cached,wp-content/uploads/2023/10/trays-with-take-away-food-close-up-assorted-food_188913-1529-400x300.jpg,https://bikinlaper.com/wp-content/uploads/2023/10/trays-with-take-away-food-close-up-assorted-food_188913-1529-400x300.jpg,20240123090959,image/jpeg,40944,4cd5872efe9382a19d224c1ab0e37c0eb6a59bce53c04731facb894f79d2278f,https://web.archive.org/web/20240123090959id_/https://bikinlaper.com/wp-content/uploads/2023/10/trays-with-take-away-food-close-up-assorted-food_188913-1529-400x300.jpg,
cached,wp-content/uploads/2023/10/trays-with-take-away-food-close-up-assorted-food_188913-1529-450x338.jpg,https://bikinlaper.com/wp-content/uploads/2023/10/trays-with-take-away-food-close-up-assorted-food_188913-1529-450x338.jpg,20231211145750,image/jpeg,49961,a1c13bd696af76c0844b4395caca3761ba99c86eadd83d963920b31199875ceb,https://web.archive.org/web/20231211145750id_/https://bikinlaper.com/wp-content/uploads/2023/10/trays-with-take-away-food-close-up-assorted-food_188913-1529-450x338.jpg,
cached,wp-content/uploads/2023/10/trays-with-take-away-food-close-up-assorted-food_188913-1529-500x375.jpg,https://bikinlaper.com/wp-content/uploads/2023/10/trays-with-take-away-food-close-up-assorted-food_188913-1529-500x375.jpg,20231211145733,image/jpeg,58428,f053c520b9c79d608419bce9659c6874ed5cb9cdb1d586e74b16239e7d3ca58e,https://web.archive.org/web/20231211145733id_/https://bikinlaper.com/wp-content/uploads/2023/10/trays-with-take-away-food-close-up-assorted-food_188913-1529-500x375.jpg,
cached,wp-content/uploads/2023/10/trays-with-take-away-food-close-up-assorted-food_188913-1529-50x38.jpg,https://bikinlaper.com/wp-content/uploads/2023/10/trays-with-take-away-food-close-up-assorted-food_188913-1529-50x38.jpg,20231211145727,image/jpeg,1804,1ef0010b4cd3df846b8d161a7a3b6bd5b2098de8794406091f7c7e1385344589,https://web.archive.org/web/20231211145727id_/https://bikinlaper.com/wp-content/uploads/2023/10/trays-with-take-away-food-close-up-assorted-food_188913-1529-50x38.jpg,
cached,wp-content/uploads/2023/10/trays-with-take-away-food-close-up-assorted-food_188913-1529-550x413.jpg,https://bikinlaper.com/wp-content/uploads/2023/10/trays-with-take-away-food-close-up-assorted-food_188913-1529-550x413.jpg,20231211145729,image/jpeg,67482,599cc477a7bec23f38cda99a846d70e2ad324cabba7ad788151bf46a6ea81ab8,https://web.archive.org/web/20231211145729id_/https://bikinlaper.com/wp-content/uploads/2023/10/trays-with-take-away-food-close-up-assorted-food_188913-1529-550x413.jpg,
cached,wp-content/uploads/2023/10/trays-with-take-away-food-close-up-assorted-food_188913-1529-650x488.jpg,https://bikinlaper.com/wp-content/uploads/2023/10/trays-with-take-away-food-close-up-assorted-food_188913-1529-650x488.jpg,20240123091018,image/jpeg,87086,e8038df0a2fcba8ace5a0f672e562a94f57b04d9a47d4907a898be0cc40c9e90,https://web.archive.org/web/20240123091018id_/https://bikinlaper.com/wp-content/uploads/2023/10/trays-with-take-away-food-close-up-assorted-food_188913-1529-650x488.jpg,
cached,wp-content/uploads/2023/10/trays-with-take-away-food-close-up-assorted-food_188913-1529.jpg,https://bikinlaper.com/wp-content/uploads/2023/10/trays-with-take-away-food-close-up-assorted-food_188913-1529.jpg,20231211145731,image/jpeg,128669,328c890431e4e1efc1eab95d6acf53216a6ccbfdcc553f7b7586dc7e781cb42b,https://web.archive.org/web/20231211145731id_/https://bikinlaper.com/wp-content/uploads/2023/10/trays-with-take-away-food-close-up-assorted-food_188913-1529.jpg,
cached,wp-content/uploads/2023/10/waralaba-100x50.jpg,https://bikinlaper.com/wp-content/uploads/2023/10/waralaba-100x50.jpg,20231211145919,image/jpeg,2360,dc3c2a4802e3f576c2afc9a14b4d47ef7169ce1e812d22df53065c47a0951c18,https://web.archive.org/web/20231211145919id_/https://bikinlaper.com/wp-content/uploads/2023/10/waralaba-100x50.jpg,
cached,wp-content/uploads/2023/10/waralaba-150x75.jpg,https://bikinlaper.com/wp-content/uploads/2023/10/waralaba-150x75.jpg,20231211145825,image/jpeg,3878,340cfcabd6401ce3c41fe4b1e0e80ab3fb34937f8e52d40178d21e32999e719b,https://web.archive.org/web/20231211145825id_/https://bikinlaper.com/wp-content/uploads/2023/10/waralaba-150x75.jpg,
cached,wp-content/uploads/2023/10/waralaba-250x125.jpg,https://bikinlaper.com/wp-content/uploads/2023/10/waralaba-250x125.jpg,20231211145829,image/jpeg,7576,4b2c8f60ecd70ac5de45c5df5b4623c9511fcdbde9d196eee1b347e88ef87078,https://web.archive.org/web/20231211145829id_/https://bikinlaper.com/wp-content/uploads/2023/10/waralaba-250x125.jpg,
cached,wp-content/uploads/2023/10/waralaba-400x200.jpg,https://bikinlaper.com/wp-content/uploads/2023/10/waralaba-400x200.jpg,20231211145917,image/jpeg,14171,1d9ee3da63beef4d87796cbdf88c8549f36a1fc3a655304d47194dc6e2fbb3ae,https://web.archive.org/web/20231211145917id_/https://bikinlaper.com/wp-content/uploads/2023/10/waralaba-400x200.jpg,
cached,wp-content/uploads/2023/10/waralaba-450x225.jpg,https://bikinlaper.com/wp-content/uploads/2023/10/waralaba-450x225.jpg,20231211145830,image/jpeg,16915,f8d84964b43852ee0756d306942d879a0c22f8d84c21b0ef1d387dda4a0b4d33,https://web.archive.org/web/20231211145830id_/https://bikinlaper.com/wp-content/uploads/2023/10/waralaba-450x225.jpg,
cached,wp-content/uploads/2023/10/waralaba-500x250.jpg,https://bikinlaper.com/wp-content/uploads/2023/10/waralaba-500x250.jpg,20231211145920,image/jpeg,19402,3f87b1818322ff00ab03be89d7202835c0cdf6e9579969b51c7d78dabd3c9658,https://web.archive.org/web/20231211145920id_/https://bikinlaper.com/wp-content/uploads/2023/10/waralaba-500x250.jpg,
cached,wp-content/uploads/2023/10/waralaba-50x25.jpg,https://bikinlaper.com/wp-content/uploads/2023/10/waralaba-50x25.jpg,20231211145918,image/jpeg,1199,49b17690b8bad7897d3af9bf9ccf20f2004195a8ab1bd4e434e662106a3decde,https://web.archive.org/web/20231211145918id_/https://bikinlaper.com/wp-content/uploads/2023/10/waralaba-50x25.jpg,
cached,wp-content/uploads/2023/10/waralaba-550x275.jpg,https://bikinlaper.com/wp-content/uploads/2023/10/waralaba-550x275.jpg,20231211145827,image/jpeg,22105,0ce93d2618ddad91d2e1127b85bb8b7e965854ec3292dcb025a931031c1d0be7,https://web.archive.org/web/20231211145827id_/https://bikinlaper.com/wp-content/uploads/2023/10/waralaba-550x275.jpg,
cached,wp-content/uploads/2023/10/waralaba-650x325.jpg,https://bikinlaper.com/wp-content/uploads/2023/10/waralaba-650x325.jpg,20231211145915,image/jpeg,26939,6fc2b7f9e7da714e3e55482f257e16388d55e001fe0014350a546928e8b6f751,https://web.archive.org/web/20231211145915id_/https://bikinlaper.com/wp-content/uploads/2023/10/waralaba-650x325.jpg,
cached,wp-content/uploads/2023/10/waralaba-768x384.jpg,https://bikinlaper.com/wp-content/uploads/2023/10/waralaba-768x384.jpg,20231211145916,image/jpeg,33860,f3abc1ef815d0dfcde95fc63df8280af6722ec527bc860f95880f845768e1fcd,https://web.archive.org/web/20231211145916id_/https://bikinlaper.com/wp-content/uploads/2023/10/waralaba-768x384.jpg,
cached,wp-content/uploads/2023/10/waralaba.jpg,https://bikinlaper.com/wp-content/uploads/2023/10/waralaba.jpg,20231211145826,image/jpeg,51247,21e4bc20c2613443466c07cfc54f3f8f06e8e9867a16df26db65e03237ee49e3,https://web.archive.org/web/20231211145826id_/https://bikinlaper.com/wp-content/uploads/2023/10/waralaba.jpg,
cached,wp-content/uploads/2023/10/warteg-100x67.jpg,https://bikinlaper.com/wp-content/uploads/2023/10/warteg-100x67.jpg,20231211145810,image/jpeg,4180,69064e17c50fecb4f651b3d50e1fd81a400a0256c3b881fc55e0b835776f1b1c,https://web.archive.org/web/20231211145810id_/https://bikinlaper.com/wp-content/uploads/2023/10/warteg-100x67.jpg,
cached,wp-content/uploads/2023/10/warteg-150x100.jpg,https://bikinlaper.com/wp-content/uploads/2023/10/warteg-150x100.jpg,20231211145808,image/jpeg,7768,d6a5e12177b47ca5fb7fe544f331d12d1edd8e0af1cc86b7f88fe674ee4c2360,https://web.archive.org/web/20231211145808id_/https://bikinlaper.com/wp-content/uploads/2023/10/warteg-150x100.jpg,
cached,wp-content/uploads/2023/10/warteg-200x133.jpg,https://bikinlaper.com/wp-content/uploads/2023/10/warteg-200x133.jpg,20231211145854,image/jpeg,12282,7470534934c53446fce2ae325a9474b37e8d16b58fa074b789d32aca2042024d,https://web.archive.org/web/20231211145854id_/https://bikinlaper.com/wp-content/uploads/2023/10/warteg-200x133.jpg,
cached,wp-content/uploads/2023/10/warteg-250x167.jpg,https://bikinlaper.com/wp-content/uploads/2023/10/warteg-250x167.jpg,20231211145853,image/jpeg,18203,bf40f070a6cbf6454a2125bd9b416397e7f4f9802b9ba16fab430b5590356237,https://web.archive.org/web/20231211145853id_/https://bikinlaper.com/wp-content/uploads/2023/10/warteg-250x167.jpg,
cached,wp-content/uploads/2023/10/warteg-300x200.jpg,https://bikinlaper.com/wp-content/uploads/2023/10/warteg-300x200.jpg,20231211145811,image/jpeg,24346,7321bde01cfd34f23e4cfbc20925f4160dabf59726e02dbe317e48bd477a7afb,https://web.archive.org/web/20231211145811id_/https://bikinlaper.com/wp-content/uploads/2023/10/warteg-300x200.jpg,
cached,wp-content/uploads/2023/10/warteg-350x233.jpg,https://bikinlaper.com/wp-content/uploads/2023/10/warteg-350x233.jpg,20231211145808,image/jpeg,31476,20c9cd81e91a70b669b7534392f59eca54420cf23d921bd00ed00d40871d1bf8,https://web.archive.org/web/20231211145808id_/https://bikinlaper.com/wp-content/uploads/2023/10/warteg-350x233.jpg,
cached,wp-content/uploads/2023/10/warteg-400x267.jpg,https://bikinlaper.com/wp-content/uploads/2023/10/warteg-400x267.jpg,20231211145807,image/jpeg,39099,1709daa0238f1753dd2a62a9100636a5ae8db04c2eb2dafa63b0acd9c5108704,https://web.archive.org/web/20231211145807id_/https://bikinlaper.com/wp-content/uploads/2023/10/warteg-400x267.jpg,
cached,wp-content/uploads/2023/10/warteg-50x33.jpg,https://bikinlaper.com/wp-content/uploads/2023/10/warteg-50x33.jpg,20231211145853,image/jpeg,1655,64cd4c003a007ffa5384e6902455e2880ba7dbaa9ec680cda9b0e8b18d1b969c,https://web.archive.org/web/20231211145853id_/https://bikinlaper.com/wp-content/uploads/2023/10/warteg-50x33.jpg,
cached,wp-content/uploads/2023/10/warteg-bahari-150x105.jpeg,https://bikinlaper.com/wp-content/uploads/2023/10/warteg-bahari-150x105.jpeg,20231211145858,image/jpeg,6788,a6670c37b471d52f400ec5b41e2397557f901dd25d5a8c66cce1ebc75d05ae13,https://web.archive.org/web/20231211145858id_/https://bikinlaper.com/wp-content/uploads/2023/10/warteg-bahari-150x105.jpeg,
cached,wp-content/uploads/2023/10/warteg-bahari-200x140.jpeg,https://bikinlaper.com/wp-content/uploads/2023/10/warteg-bahari-200x140.jpeg,20231211145806,image/jpeg,10541,876c0fc48b970ecdb9bcf6fc6eacac280f234d562e9bf5fce325d72977ebe0fe,https://web.archive.org/web/20231211145806id_/https://bikinlaper.com/wp-content/uploads/2023/10/warteg-bahari-200x140.jpeg,
cached,wp-content/uploads/2023/10/warteg-bahari-250x175.jpeg,https://bikinlaper.com/wp-content/uploads/2023/10/warteg-bahari-250x175.jpeg,20231211145900,image/jpeg,14985,b22a138aa1089244bf7e2b53501d4ee7966e9b15160b3edcf9ea1fbfc2f1fd18,https://web.archive.org/web/20231211145900id_/https://bikinlaper.com/wp-content/uploads/2023/10/warteg-bahari-250x175.jpeg,
cached,wp-content/uploads/2023/10/warteg-bahari-300x211.jpeg,https://bikinlaper.com/wp-content/uploads/2023/10/warteg-bahari-300x211.jpeg,20231211145804,image/jpeg,20289,ebe449194e2e58f847c7cc09efaf74b2174c75c2d780d06295d799bd776dfb27,https://web.archive.org/web/20231211145804id_/https://bikinlaper.com/wp-content/uploads/2023/10/warteg-bahari-300x211.jpeg,
cached,wp-content/uploads/2023/10/warteg-bahari-350x246.jpeg,https://bikinlaper.com/wp-content/uploads/2023/10/warteg-bahari-350x246.jpeg,20231211145807,image/jpeg,25708,209924e87476235c7e0b59a5766cac1342f7d6401d88d47bb76df7b2a908c3fe,https://web.archive.org/web/20231211145807id_/https://bikinlaper.com/wp-content/uploads/2023/10/warteg-bahari-350x246.jpeg,
cached,wp-content/uploads/2023/10/warteg-bahari-450x316.jpeg,https://bikinlaper.com/wp-content/uploads/2023/10/warteg-bahari-450x316.jpeg,20231211145851,image/jpeg,38070,de6a521c60a994f2c3eb9630363704b673cfed280f0a03118823a918b56d8fb3,https://web.archive.org/web/20231211145851id_/https://bikinlaper.com/wp-content/uploads/2023/10/warteg-bahari-450x316.jpeg,
cached,wp-content/uploads/2023/10/warteg-bahari-650x456.jpeg,https://bikinlaper.com/wp-content/uploads/2023/10/warteg-bahari-650x456.jpeg,20231211145809,image/jpeg,65573,3259d06561a48b4f51ad5dbfba125682231d5cc962597ef832c834aa0635edcb,https://web.archive.org/web/20231211145809id_/https://bikinlaper.com/wp-content/uploads/2023/10/warteg-bahari-650x456.jpeg,
cached,wp-content/uploads/2023/11/batagor-jabar-200x111.webp,https://bikinlaper.com/wp-content/uploads/2023/11/batagor-jabar-200x111.webp,20231226141340,image/webp,6482,4f0590917737d9dc1b6838e158e3500b09a185bb7e0fd7960800c3ae3ef6f010,https://web.archive.org/web/20231226141340id_/https://bikinlaper.com/wp-content/uploads/2023/11/batagor-jabar-200x111.webp,
cached,wp-content/uploads/2023/11/batagor-jabar-250x139.webp,https://bikinlaper.com/wp-content/uploads/2023/11/batagor-jabar-250x139.webp,20231226141344,image/webp,8944,b258f69ac8287a208d8c192a56a242ee784af180ef23eee967ae0c3d77953bd5,https://web.archive.org/web/20231226141344id_/https://bikinlaper.com/wp-content/uploads/2023/11/batagor-jabar-250x139.webp,
cached,wp-content/uploads/2023/11/batagor-jabar-300x166.webp,https://bikinlaper.com/wp-content/uploads/2023/11/batagor-jabar-300x166.webp,20231226141343,image/webp,11586,65a8879f386024dc007bf49d8bef948444096356a5b0d42e3cf4431285ec32c4,https://web.archive.org/web/20231226141343id_/https://bikinlaper.com/wp-content/uploads/2023/11/batagor-jabar-300x166.webp,
cached,wp-content/uploads/2023/11/batagor-jabar-350x194.webp,https://bikinlaper.com/wp-content/uploads/2023/11/batagor-jabar-350x194.webp,20231226141344,image/webp,14014,e697641f963be5057316de262e211d8d0bec780044f178891b8c152d34c0dcb8,https://web.archive.org/web/20231226141344id_/https://bikinlaper.com/wp-content/uploads/2023/11/batagor-jabar-350x194.webp,
cached,wp-content/uploads/2023/11/batagor-jabar-400x222.webp,https://bikinlaper.com/wp-content/uploads/2023/11/batagor-jabar-400x222.webp,20231226141453,image/webp,17112,0f4bbb14c92ffa0eb2121e50e0348875d161861e6db7fb6de885076d9463853c,https://web.archive.org/web/20231226141453id_/https://bikinlaper.com/wp-content/uploads/2023/11/batagor-jabar-400x222.webp,
cached,wp-content/uploads/2023/11/batagor-jabar-450x249.webp,https://bikinlaper.com/wp-content/uploads/2023/11/batagor-jabar-450x249.webp,20231226141340,image/webp,19584,c3128b934a7cb090b73cc764a75bd28209d405e556d612c83a8426a09c9f3cd3,https://web.archive.org/web/20231226141340id_/https://bikinlaper.com/wp-content/uploads/2023/11/batagor-jabar-450x249.webp,
cached,wp-content/uploads/2023/11/batagor-jabar-50x28.webp,https://bikinlaper.com/wp-content/uploads/2023/11/batagor-jabar-50x28.webp,20231226141342,image/webp,870,d9115b5bf7fbf14082636f48d34170d0435d85f8b95d9efe954e52f6c6e1ea6b,https://web.archive.org/web/20231226141342id_/https://bikinlaper.com/wp-content/uploads/2023/11/batagor-jabar-50x28.webp,
cached,wp-content/uploads/2023/11/batagor-jabar.webp,https://bikinlaper.com/wp-content/uploads/2023/11/batagor-jabar.webp,20231226141341,image/webp,17802,605bf047e275155a6cbbfb809af366705c555096224b70bc745a8113f3f24dd6,https://web.archive.org/web/20231226141341id_/https://bikinlaper.com/wp-content/uploads/2023/11/batagor-jabar.webp,
cached,wp-content/uploads/2023/11/foree-100x100.webp,https://bikinlaper.com/wp-content/uploads/2023/11/foree-100x100.webp,20241122045332,image/webp,3868,bba015fc54fa0fd0e52a2e0f5e51f66364a2861e25767efe6b24cd6025063551,https://web.archive.org/web/20241122045332id_/https://bikinlaper.com/wp-content/uploads/2023/11/foree-100x100.webp,
cached,wp-content/uploads/2023/11/foree-150x150.webp,https://bikinlaper.com/wp-content/uploads/2023/11/foree-150x150.webp,20241122044724,image/webp,7320,e6f6dec7acbdb9779977b7970cc0233f9f692bee1fe3457fe86b183c953e9ea4,https://web.archive.org/web/20241122044724id_/https://bikinlaper.com/wp-content/uploads/2023/11/foree-150x150.webp,
cached,wp-content/uploads/2023/11/foree-200x200.webp,https://bikinlaper.com/wp-content/uploads/2023/11/foree-200x200.webp,20241122050751,image/webp,11054,33241251823d70120ee3875f418f0737fbc29d9c2884cd21d041925c6b5d3cb1,https://web.archive.org/web/20241122050751id_/https://bikinlaper.com/wp-content/uploads/2023/11/foree-200x200.webp,
cached,wp-content/uploads/2023/11/foree-250x250.webp,https://bikinlaper.com/wp-content/uploads/2023/11/foree-250x250.webp,20241122053755,image/webp,14262,e1cdcb56070280ff68804c696ce65a40ce05eae0e60306cc29892a3117bc6f6b,https://web.archive.org/web/20241122053755id_/https://bikinlaper.com/wp-content/uploads/2023/11/foree-250x250.webp,
cached,wp-content/uploads/2023/11/foree-300x300.webp,https://bikinlaper.com/wp-content/uploads/2023/11/foree-300x300.webp,20241122203810,image/webp,17958,b8a57c9aea3bea55e9197b1565f68bd5836cdbb68361ee79ec12b56082c7c8bb,https://web.archive.org/web/20241122203810id_/https://bikinlaper.com/wp-content/uploads/2023/11/foree-300x300.webp,
cached,wp-content/uploads/2023/11/foree-350x350.webp,https://bikinlaper.com/wp-content/uploads/2023/11/foree-350x350.webp,20241122053753,image/webp,20430,20a6ee2eb4e9a0b29a7e5fb5dd442a162e2b8de47b22c3567ff911573e5fefe6,https://web.archive.org/web/20241122053753id_/https://bikinlaper.com/wp-content/uploads/2023/11/foree-350x350.webp,
cached,wp-content/uploads/2023/11/foree-400x400.webp,https://bikinlaper.com/wp-content/uploads/2023/11/foree-400x400.webp,20241122054929,image/webp,23770,d4d674c2756cfb46f66ce1be1e026ddb47581a3161866f31b7766de5309d5341,https://web.archive.org/web/20241122054929id_/https://bikinlaper.com/wp-content/uploads/2023/11/foree-400x400.webp,
cached,wp-content/uploads/2023/11/foree-450x450.webp,https://bikinlaper.com/wp-content/uploads/2023/11/foree-450x450.webp,20241122045120,image/webp,27948,73fa874253fdad7822da5eb2d05f23e45927885bc248e3e403a7abaac7229529,https://web.archive.org/web/20241122045120id_/https://bikinlaper.com/wp-content/uploads/2023/11/foree-450x450.webp,
cached,wp-content/uploads/2023/11/foree-500x500.webp,https://bikinlaper.com/wp-content/uploads/2023/11/foree-500x500.webp,20241122053212,image/webp,31194,d12991f89a7d6b74363300502a8763db5d3df0cbc3b2133fbb8779e833663fc7,https://web.archive.org/web/20241122053212id_/https://bikinlaper.com/wp-content/uploads/2023/11/foree-500x500.webp,
cached,wp-content/uploads/2023/11/foree-50x50.webp,https://bikinlaper.com/wp-content/uploads/2023/11/foree-50x50.webp,20241122061035,image/webp,1288,1ae7eca96fdbf25ae5e5f9ffce39dc5418591f8edade6b0207a3fbccab8a4ca0,https://web.archive.org/web/20241122061035id_/https://bikinlaper.com/wp-content/uploads/2023/11/foree-50x50.webp,
cached,wp-content/uploads/2023/11/foree-550x550.webp,https://bikinlaper.com/wp-content/uploads/2023/11/foree-550x550.webp,20241122045830,image/webp,33642,a854e2b4460f772d211a8dab4d246bc9f825b0e9ff325d9dd9a8d4b39fe063b4,https://web.archive.org/web/20241122045830id_/https://bikinlaper.com/wp-content/uploads/2023/11/foree-550x550.webp,
cached,wp-content/uploads/2023/11/foree.webp,https://bikinlaper.com/wp-content/uploads/2023/11/foree.webp,20241122050541,image/webp,369852,9bc1d4ccdce031e41784ed05b960fec2fec31ba15fc450913c62c9f325dd0781,https://web.archive.org/web/20241122050541id_/https://bikinlaper.com/wp-content/uploads/2023/11/foree.webp,
cached,wp-content/uploads/2023/11/ifbc-100x44.png,https://bikinlaper.com/wp-content/uploads/2023/11/ifbc-100x44.png,20231211145905,image/png,5194,dde7f4db5a477d6e14679222714e9b532ed921de258fd50197b0bf228c38c61f,https://web.archive.org/web/20231211145905id_/https://bikinlaper.com/wp-content/uploads/2023/11/ifbc-100x44.png,
cached,wp-content/uploads/2023/11/ifbc-150x66.png,https://bikinlaper.com/wp-content/uploads/2023/11/ifbc-150x66.png,20231211145814,image/png,9175,fd4c72fb4a2aac4c191545bbea9f9bff8364cb93add84808a7b4cbfcd034a319,https://web.archive.org/web/20231211145814id_/https://bikinlaper.com/wp-content/uploads/2023/11/ifbc-150x66.png,
cached,wp-content/uploads/2023/11/ifbc-200x88.png,https://bikinlaper.com/wp-content/uploads/2023/11/ifbc-200x88.png,20231211145812,image/png,13887,3b681e2b4b79ba20d7a90345accdf128d6d87157082f5ac25d68762efbc9bec6,https://web.archive.org/web/20231211145812id_/https://bikinlaper.com/wp-content/uploads/2023/11/ifbc-200x88.png,
cached,wp-content/uploads/2023/11/ifbc-250x111.png,https://bikinlaper.com/wp-content/uploads/2023/11/ifbc-250x111.png,20231211145812,image/png,20161,3fd5e8f97642a897b16040dcc67e7e73822427bdd89984e0370866a8cf541f75,https://web.archive.org/web/20231211145812id_/https://bikinlaper.com/wp-content/uploads/2023/11/ifbc-250x111.png,
cached,wp-content/uploads/2023/11/ifbc-300x133.png,https://bikinlaper.com/wp-content/uploads/2023/11/ifbc-300x133.png,20231211145859,image/png,26607,e30763c3efc5ff6df4e334989219dc75a01cc90cc23f1b5092b8938a31facae6,https://web.archive.org/web/20231211145859id_/https://bikinlaper.com/wp-content/uploads/2023/11/ifbc-300x133.png,
cached,wp-content/uploads/2023/11/ifbc-50x22.png,https://bikinlaper.com/wp-content/uploads/2023/11/ifbc-50x22.png,20231211145904,image/png,2094,f84a931da4011990577bf1fdace5b5246870d6efd095dd842b28f69fbcc85022,https://web.archive.org/web/20231211145904id_/https://bikinlaper.com/wp-content/uploads/2023/11/ifbc-50x22.png,
cached,wp-content/uploads/2023/11/ifbc.png,https://bikinlaper.com/wp-content/uploads/2023/11/ifbc.png,20231211145901,image/png,9950,3d2a0e9edd690a83ad2756604235c5410085e802c31f9fe862400574032b2033,https://web.archive.org/web/20231211145901id_/https://bikinlaper.com/wp-content/uploads/2023/11/ifbc.png,
cached,wp-content/uploads/2023/11/logo-f-150x150.jpeg,https://bikinlaper.com/wp-content/uploads/2023/11/logo-f-150x150.jpeg,20231211145829,image/jpeg,5465,4d1c3df677401d5d579f7453fbe048a62b146b82f1ec3f57996b6f3d06622851,https://web.archive.org/web/20231211145829id_/https://bikinlaper.com/wp-content/uploads/2023/11/logo-f-150x150.jpeg,
cached,wp-content/uploads/2023/11/logo-f-200x200.jpeg,https://bikinlaper.com/wp-content/uploads/2023/11/logo-f-200x200.jpeg,20231211142722,image/jpeg,7339,d9e41240221f7b1f9f81510b63683745a92e09f15d12e934efbbd8cf7cafd668,https://web.archive.org/web/20231211142722id_/https://bikinlaper.com/wp-content/uploads/2023/11/logo-f-200x200.jpeg,
cached,wp-content/uploads/2023/11/logo-f-50x50.jpeg,https://bikinlaper.com/wp-content/uploads/2023/11/logo-f-50x50.jpeg,20231211142726,image/jpeg,1958,77c20b50912421b86d6549b2fb5037af1da970b8bcc93bd877fce9e468d36b38,https://web.archive.org/web/20231211142726id_/https://bikinlaper.com/wp-content/uploads/2023/11/logo-f-50x50.jpeg,
cached,wp-content/uploads/2023/11/logo-f.jpeg,https://bikinlaper.com/wp-content/uploads/2023/11/logo-f.jpeg,20231211142727,image/jpeg,6195,28e883d77aa62899ab2a1e21cdab32f819343e48d88d99a6b056b5299ca99de2,https://web.archive.org/web/20231211142727id_/https://bikinlaper.com/wp-content/uploads/2023/11/logo-f.jpeg,
cached,wp-content/uploads/2023/11/martabak-enak-di-bandung-4_169-100x57.jpg,https://bikinlaper.com/wp-content/uploads/2023/11/martabak-enak-di-bandung-4_169-100x57.jpg,20231211145813,image/jpeg,3629,4a34fccc305bab5dc37f73296c2d0896e67f234b26853770441026b2f1ca4026,https://web.archive.org/web/20231211145813id_/https://bikinlaper.com/wp-content/uploads/2023/11/martabak-enak-di-bandung-4_169-100x57.jpg,
cached,wp-content/uploads/2023/11/martabak-enak-di-bandung-4_169-150x85.jpg,https://bikinlaper.com/wp-content/uploads/2023/11/martabak-enak-di-bandung-4_169-150x85.jpg,20231211145818,image/jpeg,6894,1c213549471eaf40646a8835d119ae9a18889654d06f2aa1cb65140f2771bce9,https://web.archive.org/web/20231211145818id_/https://bikinlaper.com/wp-content/uploads/2023/11/martabak-enak-di-bandung-4_169-150x85.jpg,
cached,wp-content/uploads/2023/11/martabak-enak-di-bandung-4_169-200x113.jpg,https://bikinlaper.com/wp-content/uploads/2023/11/martabak-enak-di-bandung-4_169-200x113.jpg,20231211145810,image/jpeg,11235,9bd530882637dd789c31539f68589fd9cd420536fe7b01d8c6eb87fa4fe9e7b5,https://web.archive.org/web/20231211145810id_/https://bikinlaper.com/wp-content/uploads/2023/11/martabak-enak-di-bandung-4_169-200x113.jpg,
cached,wp-content/uploads/2023/11/martabak-enak-di-bandung-4_169-250x141.jpg,https://bikinlaper.com/wp-content/uploads/2023/11/martabak-enak-di-bandung-4_169-250x141.jpg,20231211145903,image/jpeg,16521,d686215773c637595801bc0603878cd8e4a5822606870e6052ab812fb66faea3,https://web.archive.org/web/20231211145903id_/https://bikinlaper.com/wp-content/uploads/2023/11/martabak-enak-di-bandung-4_169-250x141.jpg,
cached,wp-content/uploads/2023/11/martabak-enak-di-bandung-4_169-300x170.jpg,https://bikinlaper.com/wp-content/uploads/2023/11/martabak-enak-di-bandung-4_169-300x170.jpg,20231211145811,image/jpeg,22743,e8079d93ec70ddbab684a5ce5257efceec13e77562b9c52cb4cfa6617dde3bc0,https://web.archive.org/web/20231211145811id_/https://bikinlaper.com/wp-content/uploads/2023/11/martabak-enak-di-bandung-4_169-300x170.jpg,
cached,wp-content/uploads/2023/11/martabak-enak-di-bandung-4_169-350x198.jpg,https://bikinlaper.com/wp-content/uploads/2023/11/martabak-enak-di-bandung-4_169-350x198.jpg,20231211145814,image/jpeg,29008,d50c6a961986d1b6cc2e04ab5a454ab363e1f50b79a55b65e51141866e7212c3,https://web.archive.org/web/20231211145814id_/https://bikinlaper.com/wp-content/uploads/2023/11/martabak-enak-di-bandung-4_169-350x198.jpg,
cached,wp-content/uploads/2023/11/martabak-enak-di-bandung-4_169-400x226.jpg,https://bikinlaper.com/wp-content/uploads/2023/11/martabak-enak-di-bandung-4_169-400x226.jpg,20231211145818,image/jpeg,36775,fec158695b1ab5c26f82932ae5fa8af5e8b416eb75e57dfc32a1bb54650c1773,https://web.archive.org/web/20231211145818id_/https://bikinlaper.com/wp-content/uploads/2023/11/martabak-enak-di-bandung-4_169-400x226.jpg,
cached,wp-content/uploads/2023/11/martabak-enak-di-bandung-4_169-450x254.jpg,https://bikinlaper.com/wp-content/uploads/2023/11/martabak-enak-di-bandung-4_169-450x254.jpg,20231211145812,image/jpeg,43491,e6d2f7f1a943c6a9578c54b9405f6705b767431c35a5ceb5d7335badebd64189,https://web.archive.org/web/20231211145812id_/https://bikinlaper.com/wp-content/uploads/2023/11/martabak-enak-di-bandung-4_169-450x254.jpg,
cached,wp-content/uploads/2023/11/martabak-enak-di-bandung-4_169-500x283.jpg,https://bikinlaper.com/wp-content/uploads/2023/11/martabak-enak-di-bandung-4_169-500x283.jpg,20231211145815,image/jpeg,51496,315d2c4e529c5a55350f75994f439c9ba360552fefeb9f4c580b44bc6f904449,https://web.archive.org/web/20231211145815id_/https://bikinlaper.com/wp-content/uploads/2023/11/martabak-enak-di-bandung-4_169-500x283.jpg,
cached,wp-content/uploads/2023/11/martabak-enak-di-bandung-4_169-50x28.jpg,https://bikinlaper.com/wp-content/uploads/2023/11/martabak-enak-di-bandung-4_169-50x28.jpg,20231211145902,image/jpeg,1513,882f76aa950b1f08c632f599839b17f14f5188cf28d3be1b4226efe8d03e1fae,https://web.archive.org/web/20231211145902id_/https://bikinlaper.com/wp-content/uploads/2023/11/martabak-enak-di-bandung-4_169-50x28.jpg,
cached,wp-content/uploads/2023/11/martabak-enak-di-bandung-4_169-650x367.jpg,https://bikinlaper.com/wp-content/uploads/2023/11/martabak-enak-di-bandung-4_169-650x367.jpg,20231211145813,image/jpeg,75575,9c34a912e0bbcd5eeb21b80b5c6f97bc22e055929fa87e8ac3d0c22bf878348e,https://web.archive.org/web/20231211145813id_/https://bikinlaper.com/wp-content/uploads/2023/11/martabak-enak-di-bandung-4_169-650x367.jpg,
cached,wp-content/uploads/2023/11/martabak-enak-di-bandung-4_169-768x434.jpg,https://bikinlaper.com/wp-content/uploads/2023/11/martabak-enak-di-bandung-4_169-768x434.jpg,20231211145816,image/jpeg,96553,544ef55e0e636d053952e355590ccffbb48e9d80f059f752b0e6876b597d5296,https://web.archive.org/web/20231211145816id_/https://bikinlaper.com/wp-content/uploads/2023/11/martabak-enak-di-bandung-4_169-768x434.jpg,
cached,wp-content/uploads/2023/11/mie-akung-300x218.jpg,https://bikinlaper.com/wp-content/uploads/2023/11/mie-akung-300x218.jpg,20240123090721,image/jpeg,17039,2f4277bca0eaa8b9e0d558cc4090736517e0906d135d0bf8fe451f841efe4b71,https://web.archive.org/web/20240123090721id_/https://bikinlaper.com/wp-content/uploads/2023/11/mie-akung-300x218.jpg,
cached,wp-content/uploads/2023/11/mie-akung-350x255.jpg,https://bikinlaper.com/wp-content/uploads/2023/11/mie-akung-350x255.jpg,20240123090721,image/jpeg,21415,c285188aba0d2d8eb3a8fa8f2df4a036443a4d0a1107d11f12a42fdb15d3d9e2,https://web.archive.org/web/20240123090721id_/https://bikinlaper.com/wp-content/uploads/2023/11/mie-akung-350x255.jpg,
cached,wp-content/uploads/2023/11/mie-akung-450x327.jpg,https://bikinlaper.com/wp-content/uploads/2023/11/mie-akung-450x327.jpg,20240123090724,image/jpeg,32100,e850bb6317e5ff4152e9f2057a4023335f1aca0c6e2d42a71eaff7d284512303,https://web.archive.org/web/20240123090724id_/https://bikinlaper.com/wp-content/uploads/2023/11/mie-akung-450x327.jpg,
cached,wp-content/uploads/2023/11/mie-akung-500x364.jpg,https://bikinlaper.com/wp-content/uploads/2023/11/mie-akung-500x364.jpg,20240123090721,image/jpeg,37883,7b436ecf163027bc9cdcbedd5984cccf361b37f2cc8131d54ffbd7f33a3bf0cb,https://web.archive.org/web/20240123090721id_/https://bikinlaper.com/wp-content/uploads/2023/11/mie-akung-500x364.jpg,
cached,wp-content/uploads/2023/11/mie-akung.jpg,https://bikinlaper.com/wp-content/uploads/2023/11/mie-akung.jpg,20240123090732,image/jpeg,49406,778fc79a41bc8922639ed7817e35522c2f767f7da6f9e8978189f20a04ba4c3b,https://web.archive.org/web/20240123090732id_/https://bikinlaper.com/wp-content/uploads/2023/11/mie-akung.jpg,
cached,wp-content/uploads/2023/11/mie-goreng-100x56.jpg,https://bikinlaper.com/wp-content/uploads/2023/11/mie-goreng-100x56.jpg,20231227110807,image/jpeg,3483,223d7500f32b42f603bd56e02586b1d69f0615d95351ba73f62ca817179fda3a,https://web.archive.org/web/20231227110807id_/https://bikinlaper.com/wp-content/uploads/2023/11/mie-goreng-100x56.jpg,
cached,wp-content/uploads/2023/11/mie-goreng-150x84.jpg,https://bikinlaper.com/wp-content/uploads/2023/11/mie-goreng-150x84.jpg,20231226141359,image/jpeg,6385,77dc9c99b8e1250f0dd852051de8b3d076f125137872cb8f879cb37dca330aa6,https://web.archive.org/web/20231226141359id_/https://bikinlaper.com/wp-content/uploads/2023/11/mie-goreng-150x84.jpg,
cached,wp-content/uploads/2023/11/mie-goreng-200x113.jpg,https://bikinlaper.com/wp-content/uploads/2023/11/mie-goreng-200x113.jpg,20231227110753,image/jpeg,9806,bad4cba8601324f76bb1e7fa1bd7e5d40ffd8eb4d6f80b321687d4c0e88b2d4c,https://web.archive.org/web/20231227110753id_/https://bikinlaper.com/wp-content/uploads/2023/11/mie-goreng-200x113.jpg,
cached,wp-content/uploads/2023/11/mie-goreng-250x141.jpg,https://bikinlaper.com/wp-content/uploads/2023/11/mie-goreng-250x141.jpg,20231226141358,image/jpeg,13589,5f2541c41f4a494c7295452d19cbbe04c7e94ae07559753a325c03705b8ef99c,https://web.archive.org/web/20231226141358id_/https://bikinlaper.com/wp-content/uploads/2023/11/mie-goreng-250x141.jpg,
cached,wp-content/uploads/2023/11/mie-goreng-300x169.jpg,https://bikinlaper.com/wp-content/uploads/2023/11/mie-goreng-300x169.jpg,20231227110721,image/jpeg,17987,38b8f2835b9f2365324640a6ca23885f23a7ac697405776011657ec18935e2f7,https://web.archive.org/web/20231227110721id_/https://bikinlaper.com/wp-content/uploads/2023/11/mie-goreng-300x169.jpg,
cached,wp-content/uploads/2023/11/mie-goreng-350x197.jpg,https://bikinlaper.com/wp-content/uploads/2023/11/mie-goreng-350x197.jpg,20231226141606,image/jpeg,22429,96020859e8711f13ee80b51726260cdc69d7260cf10e70aab2bcadf533d46306,https://web.archive.org/web/20231226141606id_/https://bikinlaper.com/wp-content/uploads/2023/11/mie-goreng-350x197.jpg,
cached,wp-content/uploads/2023/11/mie-goreng-400x225.jpg,https://bikinlaper.com/wp-content/uploads/2023/11/mie-goreng-400x225.jpg,20231226141559,image/jpeg,27853,01937a02d3888bd5f680b1fdeefaef3e43b6751d71a4a952acc1e61045df3645,https://web.archive.org/web/20231226141559id_/https://bikinlaper.com/wp-content/uploads/2023/11/mie-goreng-400x225.jpg,
cached,wp-content/uploads/2023/11/mie-goreng-450x253.jpg,https://bikinlaper.com/wp-content/uploads/2023/11/mie-goreng-450x253.jpg,20231226141424,image/jpeg,32718,e76e60f803f91f5cb16721f316e25268f93a92e87321773b11f00c1da7373af4,https://web.archive.org/web/20231226141424id_/https://bikinlaper.com/wp-content/uploads/2023/11/mie-goreng-450x253.jpg,
cached,wp-content/uploads/2023/11/mie-goreng-500x281.jpg,https://bikinlaper.com/wp-content/uploads/2023/11/mie-goreng-500x281.jpg,20231226141401,image/jpeg,38408,d198681bbb5dd1c1b0e8d3c4761a9649aff2c43c05d7f97d2fbcd0a42ed20a09,https://web.archive.org/web/20231226141401id_/https://bikinlaper.com/wp-content/uploads/2023/11/mie-goreng-500x281.jpg,
cached,wp-content/uploads/2023/11/mie-goreng-50x28.jpg,https://bikinlaper.com/wp-content/uploads/2023/11/mie-goreng-50x28.jpg,20231227110803,image/jpeg,1594,1c23e0fbaf6a823af05d957a406c536ce362598e5acc41f3a67214e84f87d56c,https://web.archive.org/web/20231227110803id_/https://bikinlaper.com/wp-content/uploads/2023/11/mie-goreng-50x28.jpg,
cached,wp-content/uploads/2023/11/mie-goreng-550x309.jpg,https://bikinlaper.com/wp-content/uploads/2023/11/mie-goreng-550x309.jpg,20231226141401,image/jpeg,44018,5c4c2a9b1b733971d372ed65bc0d16c4984e07afaaf0626b084f3fddfc2b3715,https://web.archive.org/web/20231226141401id_/https://bikinlaper.com/wp-content/uploads/2023/11/mie-goreng-550x309.jpg,
cached,wp-content/uploads/2023/11/mie-goreng-650x366.jpg,https://bikinlaper.com/wp-content/uploads/2023/11/mie-goreng-650x366.jpg,20231226141357,image/jpeg,56354,3a2973dfcc4b4b4fd7fd3bdf5b6e4b412cfb0b9847d3c9cc6c21676bf83663c1,https://web.archive.org/web/20231226141357id_/https://bikinlaper.com/wp-content/uploads/2023/11/mie-goreng-650x366.jpg,
cached,wp-content/uploads/2023/11/mie-goreng-768x432.jpg,https://bikinlaper.com/wp-content/uploads/2023/11/mie-goreng-768x432.jpg,20231226141358,image/jpeg,71516,634c508ee71201220d7b294f1d4a344dcc2ff489dbed31783fd80691c1a11591,https://web.archive.org/web/20231226141358id_/https://bikinlaper.com/wp-content/uploads/2023/11/mie-goreng-768x432.jpg,
cached,wp-content/uploads/2023/11/mie-goreng-800x450.jpg,https://bikinlaper.com/wp-content/uploads/2023/11/mie-goreng-800x450.jpg,20231226141359,image/jpeg,76984,62edcd56e833b1709783a08f5a84e22cab944feca9e3eeb40776b26ef2663578,https://web.archive.org/web/20231226141359id_/https://bikinlaper.com/wp-content/uploads/2023/11/mie-goreng-800x450.jpg,
cached,wp-content/uploads/2023/11/mixue-550x550.webp,https://bikinlaper.com/wp-content/uploads/2023/11/mixue-550x550.webp,20241122045703,image/webp,46454,b2bc6e22685a92b281f2df3562b64adeda7a12aefb9227793fbe12aa7e23f130,https://web.archive.org/web/20241122045703id_/https://bikinlaper.com/wp-content/uploads/2023/11/mixue-550x550.webp,
cached,wp-content/uploads/2023/11/mixue-650x650.webp,https://bikinlaper.com/wp-content/uploads/2023/11/mixue-650x650.webp,20241122051802,image/webp,59476,79b8577bab0aa5e2e60283460274b77fe71f74866600dee073b720737d2c60c5,https://web.archive.org/web/20241122051802id_/https://bikinlaper.com/wp-content/uploads/2023/11/mixue-650x650.webp,
cached,wp-content/uploads/2023/11/mixue-768x768.webp,https://bikinlaper.com/wp-content/uploads/2023/11/mixue-768x768.webp,20241122045117,image/webp,77730,92809103d57d7a1ae9c3f9c27303e85cfdbfd229f1566b6fed2f8fa9ffbf789f,https://web.archive.org/web/20241122045117id_/https://bikinlaper.com/wp-content/uploads/2023/11/mixue-768x768.webp,
cached,wp-content/uploads/2023/11/mixue-800x800.webp,https://bikinlaper.com/wp-content/uploads/2023/11/mixue-800x800.webp,20241122050514,image/webp,87640,08025d475724a4c1b3100ce5d36bae9d0a636b9d4bed12d1fc6e9e7e54223995,https://web.archive.org/web/20241122050514id_/https://bikinlaper.com/wp-content/uploads/2023/11/mixue-800x800.webp,
cached,wp-content/uploads/2023/11/mixue.webp,https://bikinlaper.com/wp-content/uploads/2023/11/mixue.webp,20241122050228,image/webp,270172,c013d25c6cf539072605e16d5645a4ed57e0e159273990ffb55ec0b042b660fc,https://web.archive.org/web/20241122050228id_/https://bikinlaper.com/wp-content/uploads/2023/11/mixue.webp,
cached,wp-content/uploads/2023/11/sake-100x56.webp,https://bikinlaper.com/wp-content/uploads/2023/11/sake-100x56.webp,20231211154251,image/webp,2312,aa73109e55030def6ce3e5aa71b7f0db9f096bc935e83687ee5121b00bba8010,https://web.archive.org/web/20231211154251id_/https://bikinlaper.com/wp-content/uploads/2023/11/sake-100x56.webp,
cached,wp-content/uploads/2023/11/sake-1200x675.webp,https://bikinlaper.com/wp-content/uploads/2023/11/sake-1200x675.webp,20231211154309,image/webp,77734,5972253e3b6ed365c3071e18e46975e641ae548a8d670e92a7c773ed1325d3e5,https://web.archive.org/web/20231211154309id_/https://bikinlaper.com/wp-content/uploads/2023/11/sake-1200x675.webp,
cached,wp-content/uploads/2023/11/sake-150x84.webp,https://bikinlaper.com/wp-content/uploads/2023/11/sake-150x84.webp,20231211154310,image/webp,4196,644ff72d1cb7513d5fec90c67efbf88e68a9fc69fdff241ae9215f104d8437d1,https://web.archive.org/web/20231211154310id_/https://bikinlaper.com/wp-content/uploads/2023/11/sake-150x84.webp,
cached,wp-content/uploads/2023/11/sake-1536x864.webp,https://bikinlaper.com/wp-content/uploads/2023/11/sake-1536x864.webp,20231211154248,image/webp,104028,b314b803353ea5ea1288e3ef00601dc3299b51a172ac29edfe0e8fe3515564f6,https://web.archive.org/web/20231211154248id_/https://bikinlaper.com/wp-content/uploads/2023/11/sake-1536x864.webp,
cached,wp-content/uploads/2023/11/sake-1600x900.webp,https://bikinlaper.com/wp-content/uploads/2023/11/sake-1600x900.webp,20231211154256,image/webp,112138,f1ef263caaeb697f2a425076c7a50692b17acaabd6d3d20cd0aaa2b59644293c,https://web.archive.org/web/20231211154256id_/https://bikinlaper.com/wp-content/uploads/2023/11/sake-1600x900.webp,
cached,wp-content/uploads/2023/11/sake-200x113.webp,https://bikinlaper.com/wp-content/uploads/2023/11/sake-200x113.webp,20231211154252,image/webp,6174,f7ae2a630cc2f9324ea1022964de53229d65c59aaea75819e60f2596d9df6277,https://web.archive.org/web/20231211154252id_/https://bikinlaper.com/wp-content/uploads/2023/11/sake-200x113.webp,
cached,wp-content/uploads/2023/11/sake-250x141.webp,https://bikinlaper.com/wp-content/uploads/2023/11/sake-250x141.webp,20231211154254,image/webp,8636,10d5a1464d9d472d89fe14738155df855a6dd300727a2b5ee013cc6cd832088a,https://web.archive.org/web/20231211154254id_/https://bikinlaper.com/wp-content/uploads/2023/11/sake-250x141.webp,
cached,wp-content/uploads/2023/11/sake-300x169.webp,https://bikinlaper.com/wp-content/uploads/2023/11/sake-300x169.webp,20231211154249,image/webp,11424,c707cfec652606d591105c4c7a9180d7aa0c1a5c7979168780ff7362febdce82,https://web.archive.org/web/20231211154249id_/https://bikinlaper.com/wp-content/uploads/2023/11/sake-300x169.webp,
cached,wp-content/uploads/2023/11/sake-350x197.webp,https://bikinlaper.com/wp-content/uploads/2023/11/sake-350x197.webp,20231211154249,image/webp,14330,b23e95369b680ece515b809f479abc439940c93e8bd59861a46659fb5e66f019,https://web.archive.org/web/20231211154249id_/https://bikinlaper.com/wp-content/uploads/2023/11/sake-350x197.webp,
cached,wp-content/uploads/2023/11/sake-450x253.webp,https://bikinlaper.com/wp-content/uploads/2023/11/sake-450x253.webp,20231211154311,image/webp,20228,dc32306b65cee923de1e6c58083fc3df0822993db71856198e97e42604c32998,https://web.archive.org/web/20231211154311id_/https://bikinlaper.com/wp-content/uploads/2023/11/sake-450x253.webp,
cached,wp-content/uploads/2023/11/sake-50x28.webp,https://bikinlaper.com/wp-content/uploads/2023/11/sake-50x28.webp,20231211154250,image/webp,812,8189dc85cc86d45dadc43d6f449ab0e66d5fc1ca7750d24c8482233b7ab0be4f,https://web.archive.org/web/20231211154250id_/https://bikinlaper.com/wp-content/uploads/2023/11/sake-50x28.webp,
cached,wp-content/uploads/2023/11/sake-768x432.webp,https://bikinlaper.com/wp-content/uploads/2023/11/sake-768x432.webp,20231211154253,image/webp,42828,b9143ce83bd1b5e384eb6fbae2c91dd4762c271e5f667900612d45cfa97f4b6f,https://web.archive.org/web/20231211154253id_/https://bikinlaper.com/wp-content/uploads/2023/11/sake-768x432.webp,
cached,wp-content/uploads/2023/11/sake.webp,https://bikinlaper.com/wp-content/uploads/2023/11/sake.webp,20231211154255,image/webp,158110,efc30291e0bb37418eac05e5afd4a3ad24d682cd5f82ebaf5e3d68fd0f269d11,https://web.archive.org/web/20231211154255id_/https://bikinlaper.com/wp-content/uploads/2023/11/sake.webp,
cached,wp-content/uploads/2023/11/tengkleng-150x150.jpg,https://bikinlaper.com/wp-content/uploads/2023/11/tengkleng-150x150.jpg,20231211154247,image/jpeg,9502,760ea6e55b2643c55db618a9e4193a0f0a9c5348573fa895a3313056871c7e68,https://web.archive.org/web/20231211154247id_/https://bikinlaper.com/wp-content/uploads/2023/11/tengkleng-150x150.jpg,
cached,wp-content/uploads/2023/11/tengkleng-250x250.jpg,https://bikinlaper.com/wp-content/uploads/2023/11/tengkleng-250x250.jpg,20231211154308,image/jpeg,22239,a69f80ae05eb521517a284e2869171d4f69a533713a4f55163e7a7d6a97540a6,https://web.archive.org/web/20231211154308id_/https://bikinlaper.com/wp-content/uploads/2023/11/tengkleng-250x250.jpg,
cached,wp-content/uploads/2023/11/tengkleng-400x400.jpg,https://bikinlaper.com/wp-content/uploads/2023/11/tengkleng-400x400.jpg,20231211154248,image/jpeg,47975,33973351677695c3c3bfa756e696ceb008c5ac14ea3e37f36e5a2d4633e38687,https://web.archive.org/web/20231211154248id_/https://bikinlaper.com/wp-content/uploads/2023/11/tengkleng-400x400.jpg,
cached,wp-content/uploads/2023/11/tengkleng-50x50.jpg,https://bikinlaper.com/wp-content/uploads/2023/11/tengkleng-50x50.jpg,20231211154307,image/jpeg,1946,0424ad5ba132e5d54067d465eff443dd8d642706c922434dd73ddf8d6b20319e,https://web.archive.org/web/20231211154307id_/https://bikinlaper.com/wp-content/uploads/2023/11/tengkleng-50x50.jpg,
cached,wp-content/uploads/2023/11/warteg-putri-bahari-250x167.jpg,https://bikinlaper.com/wp-content/uploads/2023/11/warteg-putri-bahari-250x167.jpg,20231211145729,image/jpeg,10211,815bb00eaf72d6483fcd58c7cadce6f69b659964339ef2273a1d95e3b9a91da8,https://web.archive.org/web/20231211145729id_/https://bikinlaper.com/wp-content/uploads/2023/11/warteg-putri-bahari-250x167.jpg,
cached,wp-content/uploads/2023/11/warteg-putri-bahari-400x267.jpg,https://bikinlaper.com/wp-content/uploads/2023/11/warteg-putri-bahari-400x267.jpg,20231211145804,image/jpeg,21067,26acf1f2895bb1872b66f8187b685b88db4f165881dba9ff4a3d88f68d23b593,https://web.archive.org/web/20231211145804id_/https://bikinlaper.com/wp-content/uploads/2023/11/warteg-putri-bahari-400x267.jpg,
cached,wp-content/uploads/2023/11/warteg-putri-bahari-650x434.jpg,https://bikinlaper.com/wp-content/uploads/2023/11/warteg-putri-bahari-650x434.jpg,20231211145752,image/jpeg,44864,09ba0e3bc7779d4d43ff7cdc14c6dfbeb8c6dffe14e2161b49bc8cd9da7bc981,https://web.archive.org/web/20231211145752id_/https://bikinlaper.com/wp-content/uploads/2023/11/warteg-putri-bahari-650x434.jpg,
cached,wp-content/uploads/2023/11/warteg-putri-bahari-768x512.jpg,https://bikinlaper.com/wp-content/uploads/2023/11/warteg-putri-bahari-768x512.jpg,20231211145753,image/jpeg,57134,7cdba41cc16ea55fc8504a6f9be61ee7681de6aa70319cf05ce5ecafbb820bc6,https://web.archive.org/web/20231211145753id_/https://bikinlaper.com/wp-content/uploads/2023/11/warteg-putri-bahari-768x512.jpg,
cached,wp-content/uploads/2023/12/01gkv52d9vd4wy0sa4qatgf8b2-100x67.webp,https://bikinlaper.com/wp-content/uploads/2023/12/01gkv52d9vd4wy0sa4qatgf8b2-100x67.webp,20241122071432,image/webp,2046,166b1ea35276b4c0a31b31cde1d69228d3f864350fd572b3455e713618019259,https://web.archive.org/web/20241122071432id_/https://bikinlaper.com/wp-content/uploads/2023/12/01gkv52d9vd4wy0sa4qatgf8b2-100x67.webp,
cached,wp-content/uploads/2023/12/01gkv52d9vd4wy0sa4qatgf8b2-150x100.webp,https://bikinlaper.com/wp-content/uploads/2023/12/01gkv52d9vd4wy0sa4qatgf8b2-150x100.webp,20241123215432,image/webp,3752,434f7cd43668d3bf9181afd0b013c68b2ed20f8d1a45bf0489bb8bc10fab9eb3,https://web.archive.org/web/20241123215432id_/https://bikinlaper.com/wp-content/uploads/2023/12/01gkv52d9vd4wy0sa4qatgf8b2-150x100.webp,
cached,wp-content/uploads/2023/12/01gkv52d9vd4wy0sa4qatgf8b2-200x133.webp,https://bikinlaper.com/wp-content/uploads/2023/12/01gkv52d9vd4wy0sa4qatgf8b2-200x133.webp,20241122044433,image/webp,5592,00aaa48d496843a9ad24a57bc39f5afeef50aac69c94650130de72f176b9dc16,https://web.archive.org/web/20241122044433id_/https://bikinlaper.com/wp-content/uploads/2023/12/01gkv52d9vd4wy0sa4qatgf8b2-200x133.webp,
cached,wp-content/uploads/2023/12/01gkv52d9vd4wy0sa4qatgf8b2-250x167.webp,https://bikinlaper.com/wp-content/uploads/2023/12/01gkv52d9vd4wy0sa4qatgf8b2-250x167.webp,20241122060358,image/webp,7424,5c2fde6712a60334f127aac40ca3d27b014c994f1098d016d67b268b42add224,https://web.archive.org/web/20241122060358id_/https://bikinlaper.com/wp-content/uploads/2023/12/01gkv52d9vd4wy0sa4qatgf8b2-250x167.webp,
cached,wp-content/uploads/2023/12/01gkv52d9vd4wy0sa4qatgf8b2-300x200.webp,https://bikinlaper.com/wp-content/uploads/2023/12/01gkv52d9vd4wy0sa4qatgf8b2-300x200.webp,20241122051857,image/webp,9716,b66b8e41497ef0f5ea133cde62b04ffb61586897fa510267f2d7be88725c3512,https://web.archive.org/web/20241122051857id_/https://bikinlaper.com/wp-content/uploads/2023/12/01gkv52d9vd4wy0sa4qatgf8b2-300x200.webp,
cached,wp-content/uploads/2023/12/01gkv52d9vd4wy0sa4qatgf8b2-350x234.webp,https://bikinlaper.com/wp-content/uploads/2023/12/01gkv52d9vd4wy0sa4qatgf8b2-350x234.webp,20241122044748,image/webp,11670,d0d4593140cf81e845f2e1a5cc64a6ade44011150057d1ed107ebc119cecdb40,https://web.archive.org/web/20241122044748id_/https://bikinlaper.com/wp-content/uploads/2023/12/01gkv52d9vd4wy0sa4qatgf8b2-350x234.webp,
cached,wp-content/uploads/2023/12/01gkv52d9vd4wy0sa4qatgf8b2-400x267.webp,https://bikinlaper.com/wp-content/uploads/2023/12/01gkv52d9vd4wy0sa4qatgf8b2-400x267.webp,20241122052556,image/webp,13842,f1dcd0725a7b0901aad1f793f4689170cf146497afd5ac27bb168bf144e0ecce,https://web.archive.org/web/20241122052556id_/https://bikinlaper.com/wp-content/uploads/2023/12/01gkv52d9vd4wy0sa4qatgf8b2-400x267.webp,
cached,wp-content/uploads/2023/12/01gkv52d9vd4wy0sa4qatgf8b2-450x300.webp,https://bikinlaper.com/wp-content/uploads/2023/12/01gkv52d9vd4wy0sa4qatgf8b2-450x300.webp,20241122050937,image/webp,15954,f98d3205f89d5c02d080e91c6242a7bd73cbcf03070212318382ae9c8f6db87b,https://web.archive.org/web/20241122050937id_/https://bikinlaper.com/wp-content/uploads/2023/12/01gkv52d9vd4wy0sa4qatgf8b2-450x300.webp,
cached,wp-content/uploads/2023/12/01gkv52d9vd4wy0sa4qatgf8b2-500x334.webp,https://bikinlaper.com/wp-content/uploads/2023/12/01gkv52d9vd4wy0sa4qatgf8b2-500x334.webp,20241122045214,image/webp,18142,a7a5e51b5b8192a56c95250cda03c352aa900796cff676b3649f1eaccdb6359c,https://web.archive.org/web/20241122045214id_/https://bikinlaper.com/wp-content/uploads/2023/12/01gkv52d9vd4wy0sa4qatgf8b2-500x334.webp,
cached,wp-content/uploads/2023/12/01gkv52d9vd4wy0sa4qatgf8b2-50x33.webp,https://bikinlaper.com/wp-content/uploads/2023/12/01gkv52d9vd4wy0sa4qatgf8b2-50x33.webp,20241122050246,image/webp,704,80d05a72198d04e768bc42e1d517e77d583009420148933a161ef4d765475a11,https://web.archive.org/web/20241122050246id_/https://bikinlaper.com/wp-content/uploads/2023/12/01gkv52d9vd4wy0sa4qatgf8b2-50x33.webp,
cached,wp-content/uploads/2023/12/01gkv52d9vd4wy0sa4qatgf8b2-550x367.webp,https://bikinlaper.com/wp-content/uploads/2023/12/01gkv52d9vd4wy0sa4qatgf8b2-550x367.webp,20241122051940,image/webp,20216,698579cd34beee1415909400a9413f9e11ab93df79d9363bea524a1c1a021629,https://web.archive.org/web/20241122051940id_/https://bikinlaper.com/wp-content/uploads/2023/12/01gkv52d9vd4wy0sa4qatgf8b2-550x367.webp,
cached,wp-content/uploads/2023/12/01gkv52d9vd4wy0sa4qatgf8b2.webp,https://bikinlaper.com/wp-content/uploads/2023/12/01gkv52d9vd4wy0sa4qatgf8b2.webp,20241122053455,image/webp,39604,3eda133ae88b1336797649b07f3af8f5e7c58764d2acdefc8601fcaf394d8c96,https://web.archive.org/web/20241122053455id_/https://bikinlaper.com/wp-content/uploads/2023/12/01gkv52d9vd4wy0sa4qatgf8b2.webp,
cached,wp-content/uploads/2023/12/MAKANANSEHAT-100x67.jpg,https://bikinlaper.com/wp-content/uploads/2023/12/MAKANANSEHAT-100x67.jpg,20241122040610,image/jpeg,3947,ec48aa37631f666f8c91c0857c7863e4486add068a44076d6408093bf4e7b73f,https://web.archive.org/web/20241122040610id_/https://bikinlaper.com/wp-content/uploads/2023/12/MAKANANSEHAT-100x67.jpg,
cached,wp-content/uploads/2023/12/MAKANANSEHAT-1200x800.jpg,https://bikinlaper.com/wp-content/uploads/2023/12/MAKANANSEHAT-1200x800.jpg,20241122053206,image/jpeg,223044,a3bc40d601281670f3d9bc219fec4aa5306fda2afa34835eb078ba8a62f41c55,https://web.archive.org/web/20241122053206id_/https://bikinlaper.com/wp-content/uploads/2023/12/MAKANANSEHAT-1200x800.jpg,
cached,wp-content/uploads/2023/12/MAKANANSEHAT-150x100.jpg,https://bikinlaper.com/wp-content/uploads/2023/12/MAKANANSEHAT-150x100.jpg,20241122034922,image/jpeg,7031,0bdcd3c83263ac8c61a4bbf63746159ce768de53fd32d673637919dd9f6a4b27,https://web.archive.org/web/20241122034922id_/https://bikinlaper.com/wp-content/uploads/2023/12/MAKANANSEHAT-150x100.jpg,
cached,wp-content/uploads/2023/12/MAKANANSEHAT-1536x1024.jpg,https://bikinlaper.com/wp-content/uploads/2023/12/MAKANANSEHAT-1536x1024.jpg,20241122040213,image/jpeg,323442,5ce34cade54f8a85bcdf0d509e7973bc6272b7a09b32aa28e4ed854262c53b3c,https://web.archive.org/web/20241122040213id_/https://bikinlaper.com/wp-content/uploads/2023/12/MAKANANSEHAT-1536x1024.jpg,
cached,wp-content/uploads/2023/12/MAKANANSEHAT-1600x1067.jpg,https://bikinlaper.com/wp-content/uploads/2023/12/MAKANANSEHAT-1600x1067.jpg,20241122041340,image/jpeg,343768,a4451954bb9efdd8c1ff1af50f55e55ee2bd47c944b6d07ff30d1757b4aa15d6,https://web.archive.org/web/20241122041340id_/https://bikinlaper.com/wp-content/uploads/2023/12/MAKANANSEHAT-1600x1067.jpg,
cached,wp-content/uploads/2023/12/MAKANANSEHAT-200x133.jpg,https://bikinlaper.com/wp-content/uploads/2023/12/MAKANANSEHAT-200x133.jpg,20241122043921,image/jpeg,11075,8ecd58a4bcc391b9e8b633b70a05815eb06dfb89594a472692ce13c6fb9cf9e9,https://web.archive.org/web/20241122043921id_/https://bikinlaper.com/wp-content/uploads/2023/12/MAKANANSEHAT-200x133.jpg,
cached,wp-content/uploads/2023/12/MAKANANSEHAT-250x167.jpg,https://bikinlaper.com/wp-content/uploads/2023/12/MAKANANSEHAT-250x167.jpg,20241122041709,image/jpeg,16141,ee395a75b87dcaace9ce11b5b33968623922b2c62bfed7a29d0308468b2a287f,https://web.archive.org/web/20241122041709id_/https://bikinlaper.com/wp-content/uploads/2023/12/MAKANANSEHAT-250x167.jpg,
cached,wp-content/uploads/2023/12/MAKANANSEHAT-300x200.jpg,https://bikinlaper.com/wp-content/uploads/2023/12/MAKANANSEHAT-300x200.jpg,20241122150715,image/jpeg,21854,6b5eed7791b451c84a4071b50fbac0686894360797d645274771cde52f844aa8,https://web.archive.org/web/20241122150715id_/https://bikinlaper.com/wp-content/uploads/2023/12/MAKANANSEHAT-300x200.jpg,
cached,wp-content/uploads/2023/12/MAKANANSEHAT-350x233.jpg,https://bikinlaper.com/wp-content/uploads/2023/12/MAKANANSEHAT-350x233.jpg,20241123005149,image/jpeg,28686,7d60bd0f1735a9200b223bbc31b2c6e024e22f956e2f73902f988197eb0af777,https://web.archive.org/web/20241123005149id_/https://bikinlaper.com/wp-content/uploads/2023/12/MAKANANSEHAT-350x233.jpg,
cached,wp-content/uploads/2023/12/MAKANANSEHAT-400x267.jpg,https://bikinlaper.com/wp-content/uploads/2023/12/MAKANANSEHAT-400x267.jpg,20241122035057,image/jpeg,36133,c1ee9455728332c042cc79ad07f0999c7a43fb25bc327a621215e6a699d99b82,https://web.archive.org/web/20241122035057id_/https://bikinlaper.com/wp-content/uploads/2023/12/MAKANANSEHAT-400x267.jpg,
cached,wp-content/uploads/2023/12/MAKANANSEHAT-450x300.jpg,https://bikinlaper.com/wp-content/uploads/2023/12/MAKANANSEHAT-450x300.jpg,20241122040227,image/jpeg,44402,b86454cd9054f4c148d0aa153af53ab4ff76b50d2b7134ad3a24d76c12511f68,https://web.archive.org/web/20241122040227id_/https://bikinlaper.com/wp-content/uploads/2023/12/MAKANANSEHAT-450x300.jpg,
cached,wp-content/uploads/2023/12/MAKANANSEHAT-500x333.jpg,https://bikinlaper.com/wp-content/uploads/2023/12/MAKANANSEHAT-500x333.jpg,20241122034928,image/jpeg,53307,49826482a27dbcec2562f47e8008b43bfa9f4de520fdd6fb4930727fabf9954f,https://web.archive.org/web/20241122034928id_/https://bikinlaper.com/wp-content/uploads/2023/12/MAKANANSEHAT-500x333.jpg,
cached,wp-content/uploads/2023/12/MAKANANSEHAT-50x33.jpg,https://bikinlaper.com/wp-content/uploads/2023/12/MAKANANSEHAT-50x33.jpg,20241122035434,image/jpeg,1667,007f13240fa414a704d0bdc084659ec00f98545591fb3283dbc57e99cc72c338,https://web.archive.org/web/20241122035434id_/https://bikinlaper.com/wp-content/uploads/2023/12/MAKANANSEHAT-50x33.jpg,
cached,wp-content/uploads/2023/12/MAKANANSEHAT-550x367.jpg,https://bikinlaper.com/wp-content/uploads/2023/12/MAKANANSEHAT-550x367.jpg,20241122052846,image/jpeg,62770,f8617f894318ae3fb4550103887f0126492af6383973f94d7b312003b906320f,https://web.archive.org/web/20241122052846id_/https://bikinlaper.com/wp-content/uploads/2023/12/MAKANANSEHAT-550x367.jpg,
cached,wp-content/uploads/2023/12/MAKANANSEHAT-650x433.jpg,https://bikinlaper.com/wp-content/uploads/2023/12/MAKANANSEHAT-650x433.jpg,20241122043802,image/jpeg,83777,c33e3bd02a4ceef32e372c1beb13040fc269ba4d08b6f03aaeffd6f69c936e09,https://web.archive.org/web/20241122043802id_/https://bikinlaper.com/wp-content/uploads/2023/12/MAKANANSEHAT-650x433.jpg,
cached,wp-content/uploads/2023/12/MAKANANSEHAT-768x512.jpg,https://bikinlaper.com/wp-content/uploads/2023/12/MAKANANSEHAT-768x512.jpg,20241122041237,image/jpeg,110105,3c87ce32788bf19faadd0bd72ece71e895b842172ce6ae7403609fee841f2027,https://web.archive.org/web/20241122041237id_/https://bikinlaper.com/wp-content/uploads/2023/12/MAKANANSEHAT-768x512.jpg,
cached,wp-content/uploads/2023/12/MAKANANSEHAT-800x533.jpg,https://bikinlaper.com/wp-content/uploads/2023/12/MAKANANSEHAT-800x533.jpg,20241122035156,image/jpeg,117892,df1b79e11b0fe8528e7882549e8c6fd032eac541b9893e46dca0f36622ec5855,https://web.archive.org/web/20241122035156id_/https://bikinlaper.com/wp-content/uploads/2023/12/MAKANANSEHAT-800x533.jpg,
cached,wp-content/uploads/2023/12/MAKANANSEHAT.jpg,https://bikinlaper.com/wp-content/uploads/2023/12/MAKANANSEHAT.jpg,20241122234003,image/jpeg,121112,1765fe1ddd1c4e2da336924fb46964a60d5e6fa3f63bb3359766ed964a0c2726,https://web.archive.org/web/20241122234003id_/https://bikinlaper.com/wp-content/uploads/2023/12/MAKANANSEHAT.jpg,
cached,wp-content/uploads/2023/12/angeun-lada-100x53.jpg,https://bikinlaper.com/wp-content/uploads/2023/12/angeun-lada-100x53.jpg,20231226141417,image/jpeg,2408,814cad54e75d6bb002eda69f8f3630667659da42d3815eb5140c942afda702b9,https://web.archive.org/web/20231226141417id_/https://bikinlaper.com/wp-content/uploads/2023/12/angeun-lada-100x53.jpg,
cached,wp-content/uploads/2023/12/angeun-lada-150x79.jpg,https://bikinlaper.com/wp-content/uploads/2023/12/angeun-lada-150x79.jpg,20231226141421,image/jpeg,3749,4396ed9a784a031910861e9ea1e7c5670e29dcc906d16d3bc9a5abca1b65fe30,https://web.archive.org/web/20231226141421id_/https://bikinlaper.com/wp-content/uploads/2023/12/angeun-lada-150x79.jpg,
cached,wp-content/uploads/2023/12/angeun-lada-200x105.jpg,https://bikinlaper.com/wp-content/uploads/2023/12/angeun-lada-200x105.jpg,20231226141419,image/jpeg,5380,af8c80cbce890646ac768941a2a0a6471ac9bdce5d9f3c2d3b696a8d424dbcf3,https://web.archive.org/web/20231226141419id_/https://bikinlaper.com/wp-content/uploads/2023/12/angeun-lada-200x105.jpg,
cached,wp-content/uploads/2023/12/angeun-lada-250x131.jpg,https://bikinlaper.com/wp-content/uploads/2023/12/angeun-lada-250x131.jpg,20231226141418,image/jpeg,7655,d066748c3f08e0e1b7eb7448ce09e9d8f04b0a3e3a5b2ba2e5b406d193d4cc78,https://web.archive.org/web/20231226141418id_/https://bikinlaper.com/wp-content/uploads/2023/12/angeun-lada-250x131.jpg,
cached,wp-content/uploads/2023/12/angeun-lada-300x158.jpg,https://bikinlaper.com/wp-content/uploads/2023/12/angeun-lada-300x158.jpg,20231226141421,image/jpeg,9695,5c497ab287c9fc47cb894bd9a0d36932ab9b164a0fadc9e4ad0539e60b6f0694,https://web.archive.org/web/20231226141421id_/https://bikinlaper.com/wp-content/uploads/2023/12/angeun-lada-300x158.jpg,
cached,wp-content/uploads/2023/12/angkringan-likman-300x169.jpg,https://bikinlaper.com/wp-content/uploads/2023/12/angkringan-likman-300x169.jpg,20231227110736,image/jpeg,22784,8f1b6b568bb5ad9fad6a0e40f7fc931b73438c858f90d87fc9ec49b02a147e1f,https://web.archive.org/web/20231227110736id_/https://bikinlaper.com/wp-content/uploads/2023/12/angkringan-likman-300x169.jpg,
cached,wp-content/uploads/2023/12/angkringan-likman-350x197.jpg,https://bikinlaper.com/wp-content/uploads/2023/12/angkringan-likman-350x197.jpg,20231227110737,image/jpeg,29445,bfba22b1a8c061396d256d3cf89754b5a1d195f3d9aeadfbe733db4b55d34511,https://web.archive.org/web/20231227110737id_/https://bikinlaper.com/wp-content/uploads/2023/12/angkringan-likman-350x197.jpg,
cached,wp-content/uploads/2023/12/angkringan-likman-400x225.jpg,https://bikinlaper.com/wp-content/uploads/2023/12/angkringan-likman-400x225.jpg,20231226141441,image/jpeg,36137,a326cbb7c08a7d16f1c6dd533b86d7ad63026cbcd47035d87475e628efa27fc2,https://web.archive.org/web/20231226141441id_/https://bikinlaper.com/wp-content/uploads/2023/12/angkringan-likman-400x225.jpg,
cached,wp-content/uploads/2023/12/angkringan-likman-450x253.jpg,https://bikinlaper.com/wp-content/uploads/2023/12/angkringan-likman-450x253.jpg,20231227110737,image/jpeg,44153,fb29bf66799e7f1fb7287dde4a3cfaadb6eafb5c9f99d1229eb5b32a9d45485d,https://web.archive.org/web/20231227110737id_/https://bikinlaper.com/wp-content/uploads/2023/12/angkringan-likman-450x253.jpg,
cached,wp-content/uploads/2023/12/angkringan-likman-500x281.jpg,https://bikinlaper.com/wp-content/uploads/2023/12/angkringan-likman-500x281.jpg,20231227110805,image/jpeg,51968,d4456623a0720578e1ae86438735296098a27d2b8b3628ac7615308cd29268a7,https://web.archive.org/web/20231227110805id_/https://bikinlaper.com/wp-content/uploads/2023/12/angkringan-likman-500x281.jpg,
cached,wp-content/uploads/2023/12/angkringan-likman-50x28.jpg,https://bikinlaper.com/wp-content/uploads/2023/12/angkringan-likman-50x28.jpg,20231226141444,image/jpeg,1523,f24fa34f6fcb4f40115c04b44dc6e2e449ca11f03616d6b1864adcd2a539f5ee,https://web.archive.org/web/20231226141444id_/https://bikinlaper.com/wp-content/uploads/2023/12/angkringan-likman-50x28.jpg,
cached,wp-content/uploads/2023/12/angkringan-likman.jpg,https://bikinlaper.com/wp-content/uploads/2023/12/angkringan-likman.jpg,20231227110801,image/jpeg,68385,e82cab6d1e5e7b6efcd2d52d2c3a1bef1995d1b0198c7de19aed49d5fd235f42,https://web.archive.org/web/20231227110801id_/https://bikinlaper.com/wp-content/uploads/2023/12/angkringan-likman.jpg,
cached,wp-content/uploads/2023/12/bipang-ambawang-100x75.webp,https://bikinlaper.com/wp-content/uploads/2023/12/bipang-ambawang-100x75.webp,20231226141423,image/webp,3394,d805d94d8328d998ec6e26747da9c480a8dd1d587fd552cdaa8ae0ad559bf761,https://web.archive.org/web/20231226141423id_/https://bikinlaper.com/wp-content/uploads/2023/12/bipang-ambawang-100x75.webp,
cached,wp-content/uploads/2023/12/bipang-ambawang-150x113.webp,https://bikinlaper.com/wp-content/uploads/2023/12/bipang-ambawang-150x113.webp,20231226141423,image/webp,6432,4d0a79c7e68f4f41622b5e5ed5ab7f299c15b3dd573d7be05b2cfaa4cbc6046f,https://web.archive.org/web/20231226141423id_/https://bikinlaper.com/wp-content/uploads/2023/12/bipang-ambawang-150x113.webp,
cached,wp-content/uploads/2023/12/bipang-ambawang-200x150.webp,https://bikinlaper.com/wp-content/uploads/2023/12/bipang-ambawang-200x150.webp,20231226141427,image/webp,10286,be4972215e859503af03315aac56187f8fa25e286afe0c8fcdde3a5d0e71c0a2,https://web.archive.org/web/20231226141427id_/https://bikinlaper.com/wp-content/uploads/2023/12/bipang-ambawang-200x150.webp,
cached,wp-content/uploads/2023/12/bipang-ambawang-250x188.webp,https://bikinlaper.com/wp-content/uploads/2023/12/bipang-ambawang-250x188.webp,20231226141421,image/webp,14702,d26fea4665ef63a794b11f18ed06db0cc5bda084d75bf30269b01bbd682ba503,https://web.archive.org/web/20231226141421id_/https://bikinlaper.com/wp-content/uploads/2023/12/bipang-ambawang-250x188.webp,
cached,wp-content/uploads/2023/12/bipang-ambawang-300x225.webp,https://bikinlaper.com/wp-content/uploads/2023/12/bipang-ambawang-300x225.webp,20231226141425,image/webp,19288,bde42135ba7263d296e8172ec147179f069a5f14d0df2d5c9efe4ad5549d4b6c,https://web.archive.org/web/20231226141425id_/https://bikinlaper.com/wp-content/uploads/2023/12/bipang-ambawang-300x225.webp,
cached,wp-content/uploads/2023/12/bipang-ambawang-350x263.webp,https://bikinlaper.com/wp-content/uploads/2023/12/bipang-ambawang-350x263.webp,20231226141427,image/webp,24366,ddf68be736be8b3ccc59e5bcd28604bbfbed61643cfec58ff1916f3d1152cee4,https://web.archive.org/web/20231226141427id_/https://bikinlaper.com/wp-content/uploads/2023/12/bipang-ambawang-350x263.webp,
cached,wp-content/uploads/2023/12/bipang-ambawang-400x300.webp,https://bikinlaper.com/wp-content/uploads/2023/12/bipang-ambawang-400x300.webp,20231226141427,image/webp,29730,46e8471bb627977bde7eede9a132ad48942b00e83ed7cb23f50331c4d8362e95,https://web.archive.org/web/20231226141427id_/https://bikinlaper.com/wp-content/uploads/2023/12/bipang-ambawang-400x300.webp,
cached,wp-content/uploads/2023/12/bipang-ambawang-450x338.webp,https://bikinlaper.com/wp-content/uploads/2023/12/bipang-ambawang-450x338.webp,20231226141426,image/webp,35296,39f1803d683b9a8adfd71d6d9945c4674c5d1996b3ea3a3844d2ec0960e2feb2,https://web.archive.org/web/20231226141426id_/https://bikinlaper.com/wp-content/uploads/2023/12/bipang-ambawang-450x338.webp,
cached,wp-content/uploads/2023/12/bipang-ambawang-500x375.webp,https://bikinlaper.com/wp-content/uploads/2023/12/bipang-ambawang-500x375.webp,20231227110759,image/webp,41076,8752f2432c7c823e6251945e86542c8dea36cc4cf2c8b361b2f4817af983129f,https://web.archive.org/web/20231227110759id_/https://bikinlaper.com/wp-content/uploads/2023/12/bipang-ambawang-500x375.webp,
cached,wp-content/uploads/2023/12/bipang-ambawang-50x38.webp,https://bikinlaper.com/wp-content/uploads/2023/12/bipang-ambawang-50x38.webp,20231226141422,image/webp,1140,c81e84f3b3a86f40734a3c37ac24cf8c436b15dcc9bd2014ac3e848b409897cc,https://web.archive.org/web/20231226141422id_/https://bikinlaper.com/wp-content/uploads/2023/12/bipang-ambawang-50x38.webp,
cached,wp-content/uploads/2023/12/bipang-ambawang-550x413.webp,https://bikinlaper.com/wp-content/uploads/2023/12/bipang-ambawang-550x413.webp,20231227110731,image/webp,47146,50bf53096f5ae940e45d883a8c35bb44b70e047dc00332a32256f213b587680b,https://web.archive.org/web/20231227110731id_/https://bikinlaper.com/wp-content/uploads/2023/12/bipang-ambawang-550x413.webp,
cached,wp-content/uploads/2023/12/bipang-ambawang-650x488.webp,https://bikinlaper.com/wp-content/uploads/2023/12/bipang-ambawang-650x488.webp,20231226141428,image/webp,57554,16c3ae615332ada5f63dd483adaca6555d4a87ac3912ed6ea45f08f55834d752,https://web.archive.org/web/20231226141428id_/https://bikinlaper.com/wp-content/uploads/2023/12/bipang-ambawang-650x488.webp,
cached,wp-content/uploads/2023/12/bipang-ambawang-768x576.webp,https://bikinlaper.com/wp-content/uploads/2023/12/bipang-ambawang-768x576.webp,20231226141424,image/webp,73696,d53bd624418aa6f2d316bcd8187edda80f43722ea1f767bbee671defdce8c22c,https://web.archive.org/web/20231226141424id_/https://bikinlaper.com/wp-content/uploads/2023/12/bipang-ambawang-768x576.webp,
cached,wp-content/uploads/2023/12/bipang-ambawang-800x600.webp,https://bikinlaper.com/wp-content/uploads/2023/12/bipang-ambawang-800x600.webp,20231227110754,image/webp,74006,88121a87ed327f9ed9745b9762fde215d3d31bbd58f3249515f1f8de50242dd9,https://web.archive.org/web/20231227110754id_/https://bikinlaper.com/wp-content/uploads/2023/12/bipang-ambawang-800x600.webp,
cached,wp-content/uploads/2023/12/bipang-ambawang.webp,https://bikinlaper.com/wp-content/uploads/2023/12/bipang-ambawang.webp,20231227110804,image/webp,91224,a7419fb71651d5373a92d33d967e815bb38742f410ff77d90509f8e17daea185,https://web.archive.org/web/20231227110804id_/https://bikinlaper.com/wp-content/uploads/2023/12/bipang-ambawang.webp,
cached,wp-content/uploads/2023/12/food-court-100x67.jpeg,https://bikinlaper.com/wp-content/uploads/2023/12/food-court-100x67.jpeg,20241122052317,image/jpeg,3661,e73d75298c4635622d0e990a5f45904a1257d8cc746319a024199b2fa31c980d,https://web.archive.org/web/20241122052317id_/https://bikinlaper.com/wp-content/uploads/2023/12/food-court-100x67.jpeg,
cached,wp-content/uploads/2023/12/food-court-1200x800.jpeg,https://bikinlaper.com/wp-content/uploads/2023/12/food-court-1200x800.jpeg,20241122041627,image/jpeg,152690,da0eacb3f06f5730d91f77e9d168ee9b6ed0e0888e1f831c70200ffc10ecb4ed,https://web.archive.org/web/20241122041627id_/https://bikinlaper.com/wp-content/uploads/2023/12/food-court-1200x800.jpeg,
cached,wp-content/uploads/2023/12/food-court-150x100.jpeg,https://bikinlaper.com/wp-content/uploads/2023/12/food-court-150x100.jpeg,20241122040401,image/jpeg,6673,f147f637cfd139ab459af7cddd64b466f79be9b249f3cb46eb0db57c31dbe092,https://web.archive.org/web/20241122040401id_/https://bikinlaper.com/wp-content/uploads/2023/12/food-court-150x100.jpeg,
cached,wp-content/uploads/2023/12/food-court-200x133.jpeg,https://bikinlaper.com/wp-content/uploads/2023/12/food-court-200x133.jpeg,20241122040047,image/jpeg,10345,2dd99a1261d0e6eb9e124300e46324aaebe5db5f954c8f6086b86a7e2a9d6e10,https://web.archive.org/web/20241122040047id_/https://bikinlaper.com/wp-content/uploads/2023/12/food-court-200x133.jpeg,
cached,wp-content/uploads/2023/12/food-court-250x167.jpeg,https://bikinlaper.com/wp-content/uploads/2023/12/food-court-250x167.jpeg,20241122060618,image/jpeg,15156,c0f29702a9e95f047e8c113d98a51083c94bca2eaaa954d1c2263b6ed99d53c3,https://web.archive.org/web/20241122060618id_/https://bikinlaper.com/wp-content/uploads/2023/12/food-court-250x167.jpeg,
cached,wp-content/uploads/2023/12/food-court-300x200.jpeg,https://bikinlaper.com/wp-content/uploads/2023/12/food-court-300x200.jpeg,20241122045936,image/jpeg,20168,7d3892e449f67f2fd9bb0a60fede602d1414ed34a5f007d04d852783406e4931,https://web.archive.org/web/20241122045936id_/https://bikinlaper.com/wp-content/uploads/2023/12/food-court-300x200.jpeg,
cached,wp-content/uploads/2023/12/food-court-350x233.jpeg,https://bikinlaper.com/wp-content/uploads/2023/12/food-court-350x233.jpeg,20241122035504,image/jpeg,25582,de6d5a6ec7f3617042a735b79f28fce5f9f28c803a1404faac2f29748d7cfca5,https://web.archive.org/web/20241122035504id_/https://bikinlaper.com/wp-content/uploads/2023/12/food-court-350x233.jpeg,
cached,wp-content/uploads/2023/12/food-court-400x267.jpeg,https://bikinlaper.com/wp-content/uploads/2023/12/food-court-400x267.jpeg,20241122041626,image/jpeg,31448,eb1bb4cad637a6414c1c2ec911e4f0f72733e87a8022b0fd3c111f50d8319b92,https://web.archive.org/web/20241122041626id_/https://bikinlaper.com/wp-content/uploads/2023/12/food-court-400x267.jpeg,
cached,wp-content/uploads/2023/12/food-court-450x300.jpeg/index.html,https://bikinlaper.com/wp-content/uploads/2023/12/food-court-450x300.jpeg,20241122044728,text/html,1404,0eadb4e1dc446b773b0f857ecbb274c9d10779d590adb6d7c7336e6a7c78c359,https://web.archive.org/web/20241122044728id_/https://bikinlaper.com/wp-content/uploads/2023/12/food-court-450x300.jpeg,
cached,wp-content/uploads/2023/12/food-court-500x333.jpeg,https://bikinlaper.com/wp-content/uploads/2023/12/food-court-500x333.jpeg,20241122040637,image/jpeg,44627,49cf23388ce3c994991f4d234cfb4d431dd402c0df0d40acb196c210765df117,https://web.archive.org/web/20241122040637id_/https://bikinlaper.com/wp-content/uploads/2023/12/food-court-500x333.jpeg,
cached,wp-content/uploads/2023/12/food-court-50x33.jpeg,https://bikinlaper.com/wp-content/uploads/2023/12/food-court-50x33.jpeg,20241122034838,image/jpeg,1568,8356ad6e78e7c3c0ccd0409b6b2b97969ccab11f6308bc268d146aaae5df2022,https://web.archive.org/web/20241122034838id_/https://bikinlaper.com/wp-content/uploads/2023/12/food-court-50x33.jpeg,
cached,wp-content/uploads/2023/12/food-court-550x367.jpeg,https://bikinlaper.com/wp-content/uploads/2023/12/food-court-550x367.jpeg,20241122040458,image/jpeg,51190,abe3a776823947cd0368fc208bc0a5bdfa34249a03e182e1431c60eb4a3478b2,https://web.archive.org/web/20241122040458id_/https://bikinlaper.com/wp-content/uploads/2023/12/food-court-550x367.jpeg,
cached,wp-content/uploads/2023/12/food-court-650x433.jpeg,https://bikinlaper.com/wp-content/uploads/2023/12/food-court-650x433.jpeg,20241122040952,image/jpeg,65462,214be53e9bad2e4ce3073eb212c62cf4622bfefe72cbecb9532580d3ef1f9a43,https://web.archive.org/web/20241122040952id_/https://bikinlaper.com/wp-content/uploads/2023/12/food-court-650x433.jpeg,
cached,wp-content/uploads/2023/12/food-court-768x512.jpeg,https://bikinlaper.com/wp-content/uploads/2023/12/food-court-768x512.jpeg,20241122044532,image/jpeg,81782,0668424270d1e60d567afefc0c1e4a4bc5db8194516c492b47e05dcd3b3832d2,https://web.archive.org/web/20241122044532id_/https://bikinlaper.com/wp-content/uploads/2023/12/food-court-768x512.jpeg,
cached,wp-content/uploads/2023/12/food-court-800x533.jpeg,https://bikinlaper.com/wp-content/uploads/2023/12/food-court-800x533.jpeg,20241122043254,image/jpeg,87189,d3a458728cc4d3666aebd51febade7207aa50189f8e3d84e995fd8eda0d28c01,https://web.archive.org/web/20241122043254id_/https://bikinlaper.com/wp-content/uploads/2023/12/food-court-800x533.jpeg,
cached,wp-content/uploads/2023/12/food-court.jpeg,https://bikinlaper.com/wp-content/uploads/2023/12/food-court.jpeg,20241122042400,image/jpeg,1107522,dc0fe713909d0954619a3cd064087bf6b2c406225f37c23e00b2ffde1f8fe0a9,https://web.archive.org/web/20241122042400id_/https://bikinlaper.com/wp-content/uploads/2023/12/food-court.jpeg,
cached,wp-content/uploads/2023/12/franchise-kharisma-1-1024x576-1006797488-1-100x67.webp,https://bikinlaper.com/wp-content/uploads/2023/12/franchise-kharisma-1-1024x576-1006797488-1-100x67.webp,20241122044617,image/webp,2902,694dcd320c6f0dfd38f33b9cbc8365a032312f7f4794d9ff0ce78ed0ffb9464c,https://web.archive.org/web/20241122044617id_/https://bikinlaper.com/wp-content/uploads/2023/12/franchise-kharisma-1-1024x576-1006797488-1-100x67.webp,
cached,wp-content/uploads/2023/12/franchise-kharisma-1-1024x576-1006797488-1-150x100.webp,https://bikinlaper.com/wp-content/uploads/2023/12/franchise-kharisma-1-1024x576-1006797488-1-150x100.webp,20241122035229,image/webp,5336,ce1dd4bf204802950f425faf395b7d18d8b301f4a9ee7354c06aef2c6d9c7f58,https://web.archive.org/web/20241122035229id_/https://bikinlaper.com/wp-content/uploads/2023/12/franchise-kharisma-1-1024x576-1006797488-1-150x100.webp,
cached,wp-content/uploads/2023/12/franchise-kharisma-1-1024x576-1006797488-1-200x133.webp,https://bikinlaper.com/wp-content/uploads/2023/12/franchise-kharisma-1-1024x576-1006797488-1-200x133.webp,20241122041028,image/webp,8222,c170174bc622ef57cfb2eae39c98d8b8dcef55d376b00ba3e7cbae088fcc76d8,https://web.archive.org/web/20241122041028id_/https://bikinlaper.com/wp-content/uploads/2023/12/franchise-kharisma-1-1024x576-1006797488-1-200x133.webp,
cached,wp-content/uploads/2023/12/franchise-kharisma-1-1024x576-1006797488-1-250x167.webp,https://bikinlaper.com/wp-content/uploads/2023/12/franchise-kharisma-1-1024x576-1006797488-1-250x167.webp,20241122041328,image/webp,11346,a2415bb5c68be175de9d1b263f08dfa70ac4622aa5b60bf7463979feb12d9cfd,https://web.archive.org/web/20241122041328id_/https://bikinlaper.com/wp-content/uploads/2023/12/franchise-kharisma-1-1024x576-1006797488-1-250x167.webp,
cached,wp-content/uploads/2023/12/franchise-kharisma-1-1024x576-1006797488-1-300x200.webp,https://bikinlaper.com/wp-content/uploads/2023/12/franchise-kharisma-1-1024x576-1006797488-1-300x200.webp,20241122035514,image/webp,14486,9d67a3104a4d05e6468376d97aa86d8080276da7397b0f2d9ead86edf27648b0,https://web.archive.org/web/20241122035514id_/https://bikinlaper.com/wp-content/uploads/2023/12/franchise-kharisma-1-1024x576-1006797488-1-300x200.webp,
cached,wp-content/uploads/2023/12/franchise-kharisma-1-1024x576-1006797488-1-350x233.webp,https://bikinlaper.com/wp-content/uploads/2023/12/franchise-kharisma-1-1024x576-1006797488-1-350x233.webp,20241122035424,image/webp,17594,372e0d6c5d11d0bfcef80003fc5009ca042ea94fabbef9e8b23747963b92450e,https://web.archive.org/web/20241122035424id_/https://bikinlaper.com/wp-content/uploads/2023/12/franchise-kharisma-1-1024x576-1006797488-1-350x233.webp,
cached,wp-content/uploads/2023/12/franchise-kharisma-1-1024x576-1006797488-1-400x267.webp,https://bikinlaper.com/wp-content/uploads/2023/12/franchise-kharisma-1-1024x576-1006797488-1-400x267.webp,20241122044056,image/webp,21252,23bccb570c83a7c60815373bfe592d756a99fdf5a4caa38911dbad27ae6d2ba8,https://web.archive.org/web/20241122044056id_/https://bikinlaper.com/wp-content/uploads/2023/12/franchise-kharisma-1-1024x576-1006797488-1-400x267.webp,
cached,wp-content/uploads/2023/12/franchise-kharisma-1-1024x576-1006797488-1-450x300.webp,https://bikinlaper.com/wp-content/uploads/2023/12/franchise-kharisma-1-1024x576-1006797488-1-450x300.webp,20241122040634,image/webp,24616,a9ed28d083f7bf61c1745e7bf620793d16959bffb74314c6e6b81a8b8d46cb09,https://web.archive.org/web/20241122040634id_/https://bikinlaper.com/wp-content/uploads/2023/12/franchise-kharisma-1-1024x576-1006797488-1-450x300.webp,
cached,wp-content/uploads/2023/12/franchise-kharisma-1-1024x576-1006797488-1-500x333.webp,https://bikinlaper.com/wp-content/uploads/2023/12/franchise-kharisma-1-1024x576-1006797488-1-500x333.webp,20241122043006,image/webp,28138,85849db6c474be44c50a877873f6c2e1dabd46dc259e662ad36ec93b1c909407,https://web.archive.org/web/20241122043006id_/https://bikinlaper.com/wp-content/uploads/2023/12/franchise-kharisma-1-1024x576-1006797488-1-500x333.webp,
cached,wp-content/uploads/2023/12/franchise-kharisma-1-1024x576-1006797488-1-50x33.webp,https://bikinlaper.com/wp-content/uploads/2023/12/franchise-kharisma-1-1024x576-1006797488-1-50x33.webp,20241122034744,image/webp,1006,343ab6a3c1cc4f2e574ea7e6e882c1f429614e2395e58ebab8afc73c6f1ab9d9,https://web.archive.org/web/20241122034744id_/https://bikinlaper.com/wp-content/uploads/2023/12/franchise-kharisma-1-1024x576-1006797488-1-50x33.webp,
cached,wp-content/uploads/2023/12/franchise-kharisma-1-1024x576-1006797488-1-550x367.webp,https://bikinlaper.com/wp-content/uploads/2023/12/franchise-kharisma-1-1024x576-1006797488-1-550x367.webp,20241122050926,image/webp,31542,b7603dd249efc524afeedb44792c607b855653f2cea9d3eb5d5af4f7d02f9bf1,https://web.archive.org/web/20241122050926id_/https://bikinlaper.com/wp-content/uploads/2023/12/franchise-kharisma-1-1024x576-1006797488-1-550x367.webp,
cached,wp-content/uploads/2023/12/franchise-kharisma-1-1024x576-1006797488-1-650x433.webp,https://bikinlaper.com/wp-content/uploads/2023/12/franchise-kharisma-1-1024x576-1006797488-1-650x433.webp,20241122035442,image/webp,39064,3121db13941d11bf7999ea1f046d0db066c35a0bf3ef48893039073103f733b7,https://web.archive.org/web/20241122035442id_/https://bikinlaper.com/wp-content/uploads/2023/12/franchise-kharisma-1-1024x576-1006797488-1-650x433.webp,
cached,wp-content/uploads/2023/12/franchise-kharisma-1-1024x576-1006797488-1.webp,https://bikinlaper.com/wp-content/uploads/2023/12/franchise-kharisma-1-1024x576-1006797488-1.webp,20241122035821,image/webp,38468,6d4bfca2c7555e6443be8639a7dfbf43ad0d86b95d9023bd28b18fa526bb4d50,https://web.archive.org/web/20241122035821id_/https://bikinlaper.com/wp-content/uploads/2023/12/franchise-kharisma-1-1024x576-1006797488-1.webp,
cached,wp-content/uploads/2023/12/happy-new-year-1-100x56.jpg/index.html,https://bikinlaper.com/wp-content/uploads/2023/12/happy-new-year-1-100x56.jpg,20241122042626,text/html,1540,a8c3423890ebb7efc976a9eb08f384d85a401d036c9cc8874178942be17e6569,https://web.archive.org/web/20241122042626id_/https://bikinlaper.com/wp-content/uploads/2023/12/happy-new-year-1-100x56.jpg,
cached,wp-content/uploads/2023/12/happy-new-year-1-150x85.jpg,https://bikinlaper.com/wp-content/uploads/2023/12/happy-new-year-1-150x85.jpg,20241122040924,image/jpeg,4442,b3e16e1bfd985f0d19cae64dc779f7a23def1c84a287094b229d4d60155cc656,https://web.archive.org/web/20241122040924id_/https://bikinlaper.com/wp-content/uploads/2023/12/happy-new-year-1-150x85.jpg,
cached,wp-content/uploads/2023/12/happy-new-year-1-200x113.jpg,https://bikinlaper.com/wp-content/uploads/2023/12/happy-new-year-1-200x113.jpg,20241122042337,image/jpeg,6875,f6f9b9cb3e1f403e73fab130b26c4885cf394052b7dd5c7885f546a569e9f579,https://web.archive.org/web/20241122042337id_/https://bikinlaper.com/wp-content/uploads/2023/12/happy-new-year-1-200x113.jpg,
cached,wp-content/uploads/2023/12/happy-new-year-1-300x169.jpg,https://bikinlaper.com/wp-content/uploads/2023/12/happy-new-year-1-300x169.jpg,20241122050653,image/jpeg,12553,22c23588643ac94949498454b2f4d7ecb89e00e5e9899070d470c63849309d61,https://web.archive.org/web/20241122050653id_/https://bikinlaper.com/wp-content/uploads/2023/12/happy-new-year-1-300x169.jpg,
cached,wp-content/uploads/2023/12/happy-new-year-1-350x197.jpg,https://bikinlaper.com/wp-content/uploads/2023/12/happy-new-year-1-350x197.jpg,20241122042446,image/jpeg,15787,bff17f1b186c596a025809c71dc4ade706173218084f31306791dbd49aa513ca,https://web.archive.org/web/20241122042446id_/https://bikinlaper.com/wp-content/uploads/2023/12/happy-new-year-1-350x197.jpg,
cached,wp-content/uploads/2023/12/happy-new-year-1-400x225.jpg,https://bikinlaper.com/wp-content/uploads/2023/12/happy-new-year-1-400x225.jpg,20241122035008,image/jpeg,19339,b1d408b80fcecbb8ec61313fcb0395851898ec6ef053b4e3884da5fbbc79a24c,https://web.archive.org/web/20241122035008id_/https://bikinlaper.com/wp-content/uploads/2023/12/happy-new-year-1-400x225.jpg,
cached,wp-content/uploads/2023/12/happy-new-year-1-450x254.jpg,https://bikinlaper.com/wp-content/uploads/2023/12/happy-new-year-1-450x254.jpg,20241122040209,image/jpeg,22986,ccd5e0dcfa98451ef8c5d92a10cc86382bfb8c447b7619bbcfeb690a654ba6df,https://web.archive.org/web/20241122040209id_/https://bikinlaper.com/wp-content/uploads/2023/12/happy-new-year-1-450x254.jpg,
cached,wp-content/uploads/2023/12/happy-new-year-1-500x282.jpg,https://bikinlaper.com/wp-content/uploads/2023/12/happy-new-year-1-500x282.jpg,20241123102035,image/jpeg,27264,a932787e552f43ee4895715807b0f6a5c545ed3ebcb76843dc61d3717809afa1,https://web.archive.org/web/20241123102035id_/https://bikinlaper.com/wp-content/uploads/2023/12/happy-new-year-1-500x282.jpg,
cached,wp-content/uploads/2023/12/happy-new-year-1-550x310.jpg,https://bikinlaper.com/wp-content/uploads/2023/12/happy-new-year-1-550x310.jpg,20241122040512,image/jpeg,31446,7b7cec32737deb57048708cdb235b1ab9ab8f2d51fe574435cf45f647ddf6f22,https://web.archive.org/web/20241122040512id_/https://bikinlaper.com/wp-content/uploads/2023/12/happy-new-year-1-550x310.jpg,
cached,wp-content/uploads/2023/12/happy-new-year-150x85.jpg,https://bikinlaper.com/wp-content/uploads/2023/12/happy-new-year-150x85.jpg,20241122054257,image/jpeg,4442,b3e16e1bfd985f0d19cae64dc779f7a23def1c84a287094b229d4d60155cc656,https://web.archive.org/web/20241122054257id_/https://bikinlaper.com/wp-content/uploads/2023/12/happy-new-year-150x85.jpg,
cached,wp-content/uploads/2023/12/happy-new-year-200x113.jpg,https://bikinlaper.com/wp-content/uploads/2023/12/happy-new-year-200x113.jpg,20241122042511,image/jpeg,6875,f6f9b9cb3e1f403e73fab130b26c4885cf394052b7dd5c7885f546a569e9f579,https://web.archive.org/web/20241122042511id_/https://bikinlaper.com/wp-content/uploads/2023/12/happy-new-year-200x113.jpg,
cached,wp-content/uploads/2023/12/happy-new-year-250x141.jpg,https://bikinlaper.com/wp-content/uploads/2023/12/happy-new-year-250x141.jpg,20241122035301,image/jpeg,9423,0974c4b886bafa3e608918b6ae066feed25b63888a9d468ad458bc0bf7e3b546,https://web.archive.org/web/20241122035301id_/https://bikinlaper.com/wp-content/uploads/2023/12/happy-new-year-250x141.jpg,
cached,wp-content/uploads/2023/12/happy-new-year-300x169.jpg,https://bikinlaper.com/wp-content/uploads/2023/12/happy-new-year-300x169.jpg,20241122044159,image/jpeg,12553,22c23588643ac94949498454b2f4d7ecb89e00e5e9899070d470c63849309d61,https://web.archive.org/web/20241122044159id_/https://bikinlaper.com/wp-content/uploads/2023/12/happy-new-year-300x169.jpg,
cached,wp-content/uploads/2023/12/happy-new-year-350x197.jpg,https://bikinlaper.com/wp-content/uploads/2023/12/happy-new-year-350x197.jpg,20241122041221,image/jpeg,15787,bff17f1b186c596a025809c71dc4ade706173218084f31306791dbd49aa513ca,https://web.archive.org/web/20241122041221id_/https://bikinlaper.com/wp-content/uploads/2023/12/happy-new-year-350x197.jpg,
cached,wp-content/uploads/2023/12/happy-new-year-400x225.jpg,https://bikinlaper.com/wp-content/uploads/2023/12/happy-new-year-400x225.jpg,20241122055820,image/jpeg,19339,b1d408b80fcecbb8ec61313fcb0395851898ec6ef053b4e3884da5fbbc79a24c,https://web.archive.org/web/20241122055820id_/https://bikinlaper.com/wp-content/uploads/2023/12/happy-new-year-400x225.jpg,
cached,wp-content/uploads/2023/12/happy-new-year-450x254.jpg,https://bikinlaper.com/wp-content/uploads/2023/12/happy-new-year-450x254.jpg,20241122054310,image/jpeg,22986,ccd5e0dcfa98451ef8c5d92a10cc86382bfb8c447b7619bbcfeb690a654ba6df,https://web.archive.org/web/20241122054310id_/https://bikinlaper.com/wp-content/uploads/2023/12/happy-new-year-450x254.jpg,
cached,wp-content/uploads/2023/12/happy-new-year-500x282.jpg,https://bikinlaper.com/wp-content/uploads/2023/12/happy-new-year-500x282.jpg,20241122034948,image/jpeg,27264,a932787e552f43ee4895715807b0f6a5c545ed3ebcb76843dc61d3717809afa1,https://web.archive.org/web/20241122034948id_/https://bikinlaper.com/wp-content/uploads/2023/12/happy-new-year-500x282.jpg,
cached,wp-content/uploads/2023/12/happy-new-year-50x28.jpg,https://bikinlaper.com/wp-content/uploads/2023/12/happy-new-year-50x28.jpg,20241122040722,image/jpeg,1289,4e011c3417681af28d3de86db996f24837cd39b445a70ea0a72eee494f78231f,https://web.archive.org/web/20241122040722id_/https://bikinlaper.com/wp-content/uploads/2023/12/happy-new-year-50x28.jpg,
cached,wp-content/uploads/2023/12/happy-new-year-550x310.jpg,https://bikinlaper.com/wp-content/uploads/2023/12/happy-new-year-550x310.jpg,20241122043958,image/jpeg,31446,7b7cec32737deb57048708cdb235b1ab9ab8f2d51fe574435cf45f647ddf6f22,https://web.archive.org/web/20241122043958id_/https://bikinlaper.com/wp-content/uploads/2023/12/happy-new-year-550x310.jpg,
cached,wp-content/uploads/2023/12/happy-new-year.jpg,https://bikinlaper.com/wp-content/uploads/2023/12/happy-new-year.jpg,20241122050107,image/jpeg,54851,b2c20b0db84df5fb5ab062f1f3b3f4ee2c60efadff0fe108069f31f0270ef6c2,https://web.archive.org/web/20241122050107id_/https://bikinlaper.com/wp-content/uploads/2023/12/happy-new-year.jpg,
cached,wp-content/uploads/2023/12/karens-dinner-650x366.jpg,https://bikinlaper.com/wp-content/uploads/2023/12/karens-dinner-650x366.jpg,20231211154250,image/jpeg,38436,32405f3202e5abe939b09abd3847290e558c53f1ec682ccdfcc7e8b957598fe1,https://web.archive.org/web/20231211154250id_/https://bikinlaper.com/wp-content/uploads/2023/12/karens-dinner-650x366.jpg,
cached,wp-content/uploads/2023/12/karens-dinner.jpg,https://bikinlaper.com/wp-content/uploads/2023/12/karens-dinner.jpg,20231211154254,image/jpeg,39927,772b7b04c8e67fff90500419c3271dc613e84af230bd432adf6859f80050c12d,https://web.archive.org/web/20231211154254id_/https://bikinlaper.com/wp-content/uploads/2023/12/karens-dinner.jpg,
cached,wp-content/uploads/2023/12/klappertart-100x96.jpg,https://bikinlaper.com/wp-content/uploads/2023/12/klappertart-100x96.jpg,20231227112603,image/jpeg,5208,e8abacc0d84d992e889c30fe6ab7e42b81ccec12977f160f034a517ae75a0b45,https://web.archive.org/web/20231227112603id_/https://bikinlaper.com/wp-content/uploads/2023/12/klappertart-100x96.jpg,
cached,wp-content/uploads/2023/12/klappertart-150x144.jpg,https://bikinlaper.com/wp-content/uploads/2023/12/klappertart-150x144.jpg,20231227112527,image/jpeg,9946,883eafe7932072a3a8ded140d944da09d89d38701aa95757152db2ff9499abe9,https://web.archive.org/web/20231227112527id_/https://bikinlaper.com/wp-content/uploads/2023/12/klappertart-150x144.jpg,
cached,wp-content/uploads/2023/12/klappertart-200x193.jpg,https://bikinlaper.com/wp-content/uploads/2023/12/klappertart-200x193.jpg,20231227112609,image/jpeg,16700,1eff59b9743d5a13c8610e9edaa7ad741ff59a8dd0530a3b806376679e9a317f,https://web.archive.org/web/20231227112609id_/https://bikinlaper.com/wp-content/uploads/2023/12/klappertart-200x193.jpg,
cached,wp-content/uploads/2023/12/klappertart-250x241.jpg,https://bikinlaper.com/wp-content/uploads/2023/12/klappertart-250x241.jpg,20231227112608,image/jpeg,24713,d414f43d94a050a7c0eb679b7d48d19d37e1cf9c20a0728cf8af5a4a90b80326,https://web.archive.org/web/20231227112608id_/https://bikinlaper.com/wp-content/uploads/2023/12/klappertart-250x241.jpg,
cached,wp-content/uploads/2023/12/klappertart-300x289.jpg,https://bikinlaper.com/wp-content/uploads/2023/12/klappertart-300x289.jpg,20231227112604,image/jpeg,33470,4db4dde9393cccb10fa02fe4849a0f211eace47c054c73954786107b71bc449a,https://web.archive.org/web/20231227112604id_/https://bikinlaper.com/wp-content/uploads/2023/12/klappertart-300x289.jpg,
cached,wp-content/uploads/2023/12/klappertart-350x337.jpg,https://bikinlaper.com/wp-content/uploads/2023/12/klappertart-350x337.jpg,20231227112605,image/jpeg,43595,a8b62b23a1f606fbde2b3297f3041643d595ec6375914b6a2f5917085334eea3,https://web.archive.org/web/20231227112605id_/https://bikinlaper.com/wp-content/uploads/2023/12/klappertart-350x337.jpg,
cached,wp-content/uploads/2023/12/klappertart-400x385.jpg,https://bikinlaper.com/wp-content/uploads/2023/12/klappertart-400x385.jpg,20231226145851,image/jpeg,54819,8aafdd4b4b33295b210f796c44fd363c3c615c2e5d6b3b6b332534bceea877af,https://web.archive.org/web/20231226145851id_/https://bikinlaper.com/wp-content/uploads/2023/12/klappertart-400x385.jpg,
cached,wp-content/uploads/2023/12/klappertart-450x433.jpg,https://bikinlaper.com/wp-content/uploads/2023/12/klappertart-450x433.jpg,20231227112532,image/jpeg,66942,0eac30f5efc5f17ef366f9e4525a395b6727117a03c74eaa442e38d077b45e80,https://web.archive.org/web/20231227112532id_/https://bikinlaper.com/wp-content/uploads/2023/12/klappertart-450x433.jpg,
cached,wp-content/uploads/2023/12/klappertart-500x482.jpg,https://bikinlaper.com/wp-content/uploads/2023/12/klappertart-500x482.jpg,20231227112610,image/jpeg,81695,3e52709dc5188a7ff07a470b3589e8be692f92686c02a01f23e95ca76ebf3563,https://web.archive.org/web/20231227112610id_/https://bikinlaper.com/wp-content/uploads/2023/12/klappertart-500x482.jpg,
cached,wp-content/uploads/2023/12/klappertart-50x48.jpg,https://bikinlaper.com/wp-content/uploads/2023/12/klappertart-50x48.jpg,20231227112527,image/jpeg,1932,ee8ede931e06a44d680ab01db73ec8f939d61ba38a79ba3fede0d458b5cab2c5,https://web.archive.org/web/20231227112527id_/https://bikinlaper.com/wp-content/uploads/2023/12/klappertart-50x48.jpg,
cached,wp-content/uploads/2023/12/klappertart-550x530.jpg,https://bikinlaper.com/wp-content/uploads/2023/12/klappertart-550x530.jpg,20231227112531,image/jpeg,93320,99003551c3474ffbf307f905025da7e0e13dee1765b019e2af64efd35d720e39,https://web.archive.org/web/20231227112531id_/https://bikinlaper.com/wp-content/uploads/2023/12/klappertart-550x530.jpg,
cached,wp-content/uploads/2023/12/klappertart-650x626.jpg,https://bikinlaper.com/wp-content/uploads/2023/12/klappertart-650x626.jpg,20231227112606,image/jpeg,122124,1342e0e7718b249293bd873c1e6dd455a2164db47c498dc6e16c9c10b2e5b459,https://web.archive.org/web/20231227112606id_/https://bikinlaper.com/wp-content/uploads/2023/12/klappertart-650x626.jpg,
cached,wp-content/uploads/2023/12/klappertart-768x740.jpg,https://bikinlaper.com/wp-content/uploads/2023/12/klappertart-768x740.jpg,20231227112602,image/jpeg,157251,21bd719e72f89a9d0f30f804dd89210bf4f5cb752a9c34ae3ec8c8d7fe3a5b06,https://web.archive.org/web/20231227112602id_/https://bikinlaper.com/wp-content/uploads/2023/12/klappertart-768x740.jpg,
cached,wp-content/uploads/2023/12/klappertart-800x770.jpg,https://bikinlaper.com/wp-content/uploads/2023/12/klappertart-800x770.jpg,20231227112528,image/jpeg,167087,2be19c4807eb6044056287e1a3b982d6d57344ac62035dc9d59994ef60cb4622,https://web.archive.org/web/20231227112528id_/https://bikinlaper.com/wp-content/uploads/2023/12/klappertart-800x770.jpg,
cached,wp-content/uploads/2023/12/klappertart.jpg,https://bikinlaper.com/wp-content/uploads/2023/12/klappertart.jpg,20231227112529,image/jpeg,238597,fe12af60e76751731873472874599ad3e72e60bda0ebaf37ba8428e08d241268,https://web.archive.org/web/20231227112529id_/https://bikinlaper.com/wp-content/uploads/2023/12/klappertart.jpg,
cached,wp-content/uploads/2023/12/laundry-coin-150x150.jpg,https://bikinlaper.com/wp-content/uploads/2023/12/laundry-coin-150x150.jpg,20231211145759,image/jpeg,7278,a266d0120cd4ed883a142f8ac19b59a29f6f7cd7e2f97f473a04a91aad8882b5,https://web.archive.org/web/20231211145759id_/https://bikinlaper.com/wp-content/uploads/2023/12/laundry-coin-150x150.jpg,
cached,wp-content/uploads/2023/12/laundry-coin-250x250.jpg,https://bikinlaper.com/wp-content/uploads/2023/12/laundry-coin-250x250.jpg,20231211145803,image/jpeg,15266,964298a549eba144bbac4534ad9678f48c7d95558597d38f45960ebaee83d51f,https://web.archive.org/web/20231211145803id_/https://bikinlaper.com/wp-content/uploads/2023/12/laundry-coin-250x250.jpg,
cached,wp-content/uploads/2023/12/laundry-coin-50x50.jpg,https://bikinlaper.com/wp-content/uploads/2023/12/laundry-coin-50x50.jpg,20231211145838,image/jpeg,1860,1e46a74e320e3f4572183b1aaa66fb4fec078fac4dbfdbb13c076b15358b0bef,https://web.archive.org/web/20231211145838id_/https://bikinlaper.com/wp-content/uploads/2023/12/laundry-coin-50x50.jpg,
cached,wp-content/uploads/2023/12/laundry-coin.jpg,https://bikinlaper.com/wp-content/uploads/2023/12/laundry-coin.jpg,20231211145801,image/jpeg,50109,b6e20e9ef3829235c7c628aa78ef58eae7e35ee152738f29a3f610dfc2765ce9,https://web.archive.org/web/20231211145801id_/https://bikinlaper.com/wp-content/uploads/2023/12/laundry-coin.jpg,
cached,wp-content/uploads/2023/12/nasi-bogana-100x67.jpg,https://bikinlaper.com/wp-content/uploads/2023/12/nasi-bogana-100x67.jpg,20241122043005,image/jpeg,4054,1e7bac7c9d0e1f1cdbdf7ede4bcf82014b9bf8eb3e50bf86e905d402417af802,https://web.archive.org/web/20241122043005id_/https://bikinlaper.com/wp-content/uploads/2023/12/nasi-bogana-100x67.jpg,
cached,wp-content/uploads/2023/12/nasi-bogana-150x100.jpg,https://bikinlaper.com/wp-content/uploads/2023/12/nasi-bogana-150x100.jpg,20241122040330,image/jpeg,7408,bdc410849501328fb0390e1a5b5800a9fbfd7af742fad3de2776d7f861aafff8,https://web.archive.org/web/20241122040330id_/https://bikinlaper.com/wp-content/uploads/2023/12/nasi-bogana-150x100.jpg,
cached,wp-content/uploads/2023/12/nasi-bogana-200x133.jpg,https://bikinlaper.com/wp-content/uploads/2023/12/nasi-bogana-200x133.jpg,20241122042833,image/jpeg,11536,57dd1083db98693e102db5425d76cd7b406433a71b378ed14c87d9760322836d,https://web.archive.org/web/20241122042833id_/https://bikinlaper.com/wp-content/uploads/2023/12/nasi-bogana-200x133.jpg,
cached,wp-content/uploads/2023/12/nasi-bogana-250x167.jpg,https://bikinlaper.com/wp-content/uploads/2023/12/nasi-bogana-250x167.jpg,20241122040531,image/jpeg,16735,7c4437078fb9756bd9808145e1fcdb1f6e0cdd66c711a91be081841d5adbd33d,https://web.archive.org/web/20241122040531id_/https://bikinlaper.com/wp-content/uploads/2023/12/nasi-bogana-250x167.jpg,
cached,wp-content/uploads/2023/12/nasi-bogana-300x200.jpg,https://bikinlaper.com/wp-content/uploads/2023/12/nasi-bogana-300x200.jpg,20241122052313,image/jpeg,24029,10f4d8a923cb8dcffe541bade9297b29f0627d8fde2d9a687fa1a9ff80c693a6,https://web.archive.org/web/20241122052313id_/https://bikinlaper.com/wp-content/uploads/2023/12/nasi-bogana-300x200.jpg,
cached,wp-content/uploads/2023/12/nasi-bogana-350x233.jpg,https://bikinlaper.com/wp-content/uploads/2023/12/nasi-bogana-350x233.jpg,20241122050017,image/jpeg,29903,320b439011f9850838872404b061e40e9a2de81f62cf3345cbae004f714a50ca,https://web.archive.org/web/20241122050017id_/https://bikinlaper.com/wp-content/uploads/2023/12/nasi-bogana-350x233.jpg,
cached,wp-content/uploads/2023/12/nasi-bogana-400x267.jpg,https://bikinlaper.com/wp-content/uploads/2023/12/nasi-bogana-400x267.jpg,20241122034732,image/jpeg,37845,6332466956e6954f797b152f37d4ccbf3d863c004e1c5df64c675985e9bc1665,https://web.archive.org/web/20241122034732id_/https://bikinlaper.com/wp-content/uploads/2023/12/nasi-bogana-400x267.jpg,
cached,wp-content/uploads/2023/12/nasi-bogana-450x300.jpg,https://bikinlaper.com/wp-content/uploads/2023/12/nasi-bogana-450x300.jpg,20241122041021,image/jpeg,47104,04cfd639da18130257e59ec89e691c420530686cf71c5052f4fe23c21039c7c3,https://web.archive.org/web/20241122041021id_/https://bikinlaper.com/wp-content/uploads/2023/12/nasi-bogana-450x300.jpg,
cached,wp-content/uploads/2023/12/nasi-bogana-500x333.jpg/index.html,https://bikinlaper.com/wp-content/uploads/2023/12/nasi-bogana-500x333.jpg,20241122043525,text/html,1516,7deed21e3a37ed6c0ccd6b470e161cb83c56799dcc88eaaa58fca3c9af1aa977,https://web.archive.org/web/20241122043525id_/https://bikinlaper.com/wp-content/uploads/2023/12/nasi-bogana-500x333.jpg,
cached,wp-content/uploads/2023/12/nasi-bogana-50x33.jpg,https://bikinlaper.com/wp-content/uploads/2023/12/nasi-bogana-50x33.jpg,20241122035118,image/jpeg,1705,6ca4b097ed94e4dacdd8116ff6351e2a5b49344f2adacba96b2996ebc9b0ca8c,https://web.archive.org/web/20241122035118id_/https://bikinlaper.com/wp-content/uploads/2023/12/nasi-bogana-50x33.jpg,
cached,wp-content/uploads/2023/12/nasi-bogana-550x367.jpg,https://bikinlaper.com/wp-content/uploads/2023/12/nasi-bogana-550x367.jpg,20241122094654,image/jpeg,65243,cd5bf3b1f4f95ffd3fc4be31bdd984251c402dd3280e0a4b70af11b4a0ec6705,https://web.archive.org/web/20241122094654id_/https://bikinlaper.com/wp-content/uploads/2023/12/nasi-bogana-550x367.jpg,
cached,wp-content/uploads/2023/12/nasi-bogana.jpg,https://bikinlaper.com/wp-content/uploads/2023/12/nasi-bogana.jpg,20241122043443,image/jpeg,66012,1fa2e427688972238aa2befc49e41c724d0ae6b85e2528d9514487c3dd53fae3,https://web.archive.org/web/20241122043443id_/https://bikinlaper.com/wp-content/uploads/2023/12/nasi-bogana.jpg,
cached,wp-content/uploads/2023/12/natal-100x66.jpg,https://bikinlaper.com/wp-content/uploads/2023/12/natal-100x66.jpg,20241122035607,image/jpeg,4308,15eafeb4440e80fd7ef44198d5a1fa3cfe35ff4c3471d5dad904320c1479747e,https://web.archive.org/web/20241122035607id_/https://bikinlaper.com/wp-content/uploads/2023/12/natal-100x66.jpg,
cached,wp-content/uploads/2023/12/natal-150x99.jpg,https://bikinlaper.com/wp-content/uploads/2023/12/natal-150x99.jpg,20241122044826,image/jpeg,7828,3b06d8a45d7556b7cd9fe2f4cb5b734934c9342f482fee5b725f0a1b5ad983b1,https://web.archive.org/web/20241122044826id_/https://bikinlaper.com/wp-content/uploads/2023/12/natal-150x99.jpg,
cached,wp-content/uploads/2023/12/natal-200x132.jpg,https://bikinlaper.com/wp-content/uploads/2023/12/natal-200x132.jpg,20241122092641,image/jpeg,11837,3db93b71839e44678838936fdd8f5b6e9784ab23dce2d5ebc1b667168c5b77ee,https://web.archive.org/web/20241122092641id_/https://bikinlaper.com/wp-content/uploads/2023/12/natal-200x132.jpg,
cached,wp-content/uploads/2023/12/natal-250x166.jpg,https://bikinlaper.com/wp-content/uploads/2023/12/natal-250x166.jpg,20241122142403,image/jpeg,16930,7c078313c5940bc676cfb2d6bc5c34e5e669de06cb6e8f293713ce5c09534927,https://web.archive.org/web/20241122142403id_/https://bikinlaper.com/wp-content/uploads/2023/12/natal-250x166.jpg,
cached,wp-content/uploads/2023/12/natal-300x199.jpg,https://bikinlaper.com/wp-content/uploads/2023/12/natal-300x199.jpg,20241122061019,image/jpeg,22369,76dfffca965e10c72956efdb9164584832a44d08ea1fdd94ab9db8d32af7a4c9,https://web.archive.org/web/20241122061019id_/https://bikinlaper.com/wp-content/uploads/2023/12/natal-300x199.jpg,
cached,wp-content/uploads/2023/12/natal-350x232.jpg,https://bikinlaper.com/wp-content/uploads/2023/12/natal-350x232.jpg,20241122042634,image/jpeg,28201,95a94f3b7a29e154dcfb8432dc11cd1930388b2dc548d1e5cc789d946a64ec27,https://web.archive.org/web/20241122042634id_/https://bikinlaper.com/wp-content/uploads/2023/12/natal-350x232.jpg,
cached,wp-content/uploads/2023/12/natal-400x265.jpg,https://bikinlaper.com/wp-content/uploads/2023/12/natal-400x265.jpg,20241122042136,image/jpeg,34873,a5686b955e6e19419aa1f80625981013f7effcec0ad77a684d8aeb1e36b72220,https://web.archive.org/web/20241122042136id_/https://bikinlaper.com/wp-content/uploads/2023/12/natal-400x265.jpg,
cached,wp-content/uploads/2023/12/natal-450x298.jpg,https://bikinlaper.com/wp-content/uploads/2023/12/natal-450x298.jpg,20241122042210,image/jpeg,42271,60ce9b7eb322b7efc009a5e31e1243c6f3d51fab3c399064ef55ecaa2642db2c,https://web.archive.org/web/20241122042210id_/https://bikinlaper.com/wp-content/uploads/2023/12/natal-450x298.jpg,
cached,wp-content/uploads/2023/12/natal-50x33.jpg,https://bikinlaper.com/wp-content/uploads/2023/12/natal-50x33.jpg,20241122040823,image/jpeg,1769,b9000d2027182389451d5d4c054833d41031c66191827a9ae646b355bcac78a8,https://web.archive.org/web/20241122040823id_/https://bikinlaper.com/wp-content/uploads/2023/12/natal-50x33.jpg,
cached,wp-content/uploads/2023/12/natal-550x364.jpg,https://bikinlaper.com/wp-content/uploads/2023/12/natal-550x364.jpg,20241122035245,image/jpeg,56704,f76421da7c972a0de026019483185282676bd5c0e0909aa9d42ede8401e94f94,https://web.archive.org/web/20241122035245id_/https://bikinlaper.com/wp-content/uploads/2023/12/natal-550x364.jpg,
cached,wp-content/uploads/2023/12/natal.jpg,https://bikinlaper.com/wp-content/uploads/2023/12/natal.jpg,20241122041726,image/jpeg,173688,611c442d9805267ec635e05adafd2c2083986cff23b3b404aa32dd443a7dbdb4,https://web.archive.org/web/20241122041726id_/https://bikinlaper.com/wp-content/uploads/2023/12/natal.jpg,
cached,wp-content/uploads/2023/12/overnight-oats-500x500-1-100x100.jpg,https://bikinlaper.com/wp-content/uploads/2023/12/overnight-oats-500x500-1-100x100.jpg,20241122040733,image/jpeg,4271,463de928b4eaff0e404ae714976f552b9a11b44eb4a8648471af4bb58b808a07,https://web.archive.org/web/20241122040733id_/https://bikinlaper.com/wp-content/uploads/2023/12/overnight-oats-500x500-1-100x100.jpg,
cached,wp-content/uploads/2023/12/overnight-oats-500x500-1-150x150.jpg,https://bikinlaper.com/wp-content/uploads/2023/12/overnight-oats-500x500-1-150x150.jpg,20241122053230,image/jpeg,7790,b5aadeeaaed22f04445ddac42d8f35b2c8e9bb31a9cb65ac6b322f57e93bee4c,https://web.archive.org/web/20241122053230id_/https://bikinlaper.com/wp-content/uploads/2023/12/overnight-oats-500x500-1-150x150.jpg,
cached,wp-content/uploads/2023/12/overnight-oats-500x500-1-200x200.jpg,https://bikinlaper.com/wp-content/uploads/2023/12/overnight-oats-500x500-1-200x200.jpg,20241122035738,image/jpeg,12142,e41e10a6e797c64f62efd1d22752717ab80d87fd7d2f0fdae76490314d7241b9,https://web.archive.org/web/20241122035738id_/https://bikinlaper.com/wp-content/uploads/2023/12/overnight-oats-500x500-1-200x200.jpg,
cached,wp-content/uploads/2023/12/overnight-oats-500x500-1-250x250.jpg,https://bikinlaper.com/wp-content/uploads/2023/12/overnight-oats-500x500-1-250x250.jpg,20241122040101,image/jpeg,18147,18d4dea2181460a0fe10ed709c68b250a4c1964a47eadc6df997358775676622,https://web.archive.org/web/20241122040101id_/https://bikinlaper.com/wp-content/uploads/2023/12/overnight-oats-500x500-1-250x250.jpg,
cached,wp-content/uploads/2023/12/overnight-oats-500x500-1-300x300.jpg,https://bikinlaper.com/wp-content/uploads/2023/12/overnight-oats-500x500-1-300x300.jpg,20241122035300,image/jpeg,23210,70e2a089273849995dc9d0b09c0b311ceeeb32599f2e74474ec42a3661ac01f7,https://web.archive.org/web/20241122035300id_/https://bikinlaper.com/wp-content/uploads/2023/12/overnight-oats-500x500-1-300x300.jpg,
cached,wp-content/uploads/2023/12/overnight-oats-500x500-1-350x350.jpg,https://bikinlaper.com/wp-content/uploads/2023/12/overnight-oats-500x500-1-350x350.jpg,20241122041205,image/jpeg,29105,3f9dd1eca7c73d6d5a54876ba354445914a9ac9d5550577eb4c63c87613d1a33,https://web.archive.org/web/20241122041205id_/https://bikinlaper.com/wp-content/uploads/2023/12/overnight-oats-500x500-1-350x350.jpg,
cached,wp-content/uploads/2023/12/overnight-oats-500x500-1-400x400.jpg,https://bikinlaper.com/wp-content/uploads/2023/12/overnight-oats-500x500-1-400x400.jpg,20241122040520,image/jpeg,35042,83f113a30f12392f702a703617431fd40cfa33879189671471fa8d7aa2e5cc7f,https://web.archive.org/web/20241122040520id_/https://bikinlaper.com/wp-content/uploads/2023/12/overnight-oats-500x500-1-400x400.jpg,
cached,wp-content/uploads/2023/12/overnight-oats-500x500-1-450x450.jpg,https://bikinlaper.com/wp-content/uploads/2023/12/overnight-oats-500x500-1-450x450.jpg,20241122043039,image/jpeg,42638,a1500cb676921ea1bed7da3253c1de2bd93558f9f5ceb884f7cd9b4ac2414f0a,https://web.archive.org/web/20241122043039id_/https://bikinlaper.com/wp-content/uploads/2023/12/overnight-oats-500x500-1-450x450.jpg,
cached,wp-content/uploads/2023/12/overnight-oats-500x500-1-50x50.jpg,https://bikinlaper.com/wp-content/uploads/2023/12/overnight-oats-500x500-1-50x50.jpg,20241122035541,image/jpeg,1820,2d06b0d250499f0ecc946f762a1c3c519637ce75d82c25347615073523c08a13,https://web.archive.org/web/20241122035541id_/https://bikinlaper.com/wp-content/uploads/2023/12/overnight-oats-500x500-1-50x50.jpg,
cached,wp-content/uploads/2023/12/overnight-oats-500x500-1.jpg,https://bikinlaper.com/wp-content/uploads/2023/12/overnight-oats-500x500-1.jpg,20241122043331,image/jpeg,47216,39299f915c793512425a96d597ebf2d52f90af9047d9ed97eafd98b9a318cf23,https://web.archive.org/web/20241122043331id_/https://bikinlaper.com/wp-content/uploads/2023/12/overnight-oats-500x500-1.jpg,
cached,wp-content/uploads/2023/12/putri-bahari-100x61.webp,https://bikinlaper.com/wp-content/uploads/2023/12/putri-bahari-100x61.webp,20231211145849,image/webp,2192,e8a59a8a833ec24c468f431e3fa77096fcc37b27a9e597f7d305213de625ce7d,https://web.archive.org/web/20231211145849id_/https://bikinlaper.com/wp-content/uploads/2023/12/putri-bahari-100x61.webp,
cached,wp-content/uploads/2023/12/putri-bahari-150x92.webp,https://bikinlaper.com/wp-content/uploads/2023/12/putri-bahari-150x92.webp,20231211145832,image/webp,3936,8e18f443b90716b936c497ba681a4a98f87f0cadd6a21ad3e8b9f5b569455d49,https://web.archive.org/web/20231211145832id_/https://bikinlaper.com/wp-content/uploads/2023/12/putri-bahari-150x92.webp,
cached,wp-content/uploads/2023/12/putri-bahari-200x122.webp,https://bikinlaper.com/wp-content/uploads/2023/12/putri-bahari-200x122.webp,20231211145831,image/webp,5902,e7f19c5dd6b1ea4942366f6166dfe6aa696af258c6dd2c0a6e5a2a0501b7052d,https://web.archive.org/web/20231211145831id_/https://bikinlaper.com/wp-content/uploads/2023/12/putri-bahari-200x122.webp,
cached,wp-content/uploads/2023/12/putri-bahari-300x184.webp,https://bikinlaper.com/wp-content/uploads/2023/12/putri-bahari-300x184.webp,20231211145848,image/webp,10158,4008c7fe4a60008af23d34278adcb661ada7fd94ecb17de449bb87d028bdd53e,https://web.archive.org/web/20231211145848id_/https://bikinlaper.com/wp-content/uploads/2023/12/putri-bahari-300x184.webp,
cached,wp-content/uploads/2023/12/putri-bahari-350x214.webp,https://bikinlaper.com/wp-content/uploads/2023/12/putri-bahari-350x214.webp,20231211145828,image/webp,12526,29736a69f27a9eea95fcbc6c87ffcccb200a468b93ea0b55b401b88d76b0b533,https://web.archive.org/web/20231211145828id_/https://bikinlaper.com/wp-content/uploads/2023/12/putri-bahari-350x214.webp,
cached,wp-content/uploads/2023/12/putri-bahari-450x276.webp,https://bikinlaper.com/wp-content/uploads/2023/12/putri-bahari-450x276.webp,20231211145846,image/webp,17286,befcd7913d8827bc59833f8cd22d5e550ea8d104480fa6bdc6bbc2597277b614,https://web.archive.org/web/20231211145846id_/https://bikinlaper.com/wp-content/uploads/2023/12/putri-bahari-450x276.webp,
cached,wp-content/uploads/2023/12/putri-bahari-500x306.webp,https://bikinlaper.com/wp-content/uploads/2023/12/putri-bahari-500x306.webp,20231211145921,image/webp,19728,65fb5ac5f51c02a2449e8635358a9f6b380ca4595f06a9cc704651a88bfebae4,https://web.archive.org/web/20231211145921id_/https://bikinlaper.com/wp-content/uploads/2023/12/putri-bahari-500x306.webp,
cached,wp-content/uploads/2023/12/tahun-baru-450x253.jpg,https://bikinlaper.com/wp-content/uploads/2023/12/tahun-baru-450x253.jpg,20231226141349,image/jpeg,41178,9a177645e42d405c530cc047926abb5297af8526ce7bc2f31efe4a8ccb1c9b5c,https://web.archive.org/web/20231226141349id_/https://bikinlaper.com/wp-content/uploads/2023/12/tahun-baru-450x253.jpg,
cached,wp-content/uploads/2023/12/tahun-baru-500x281.jpg,https://bikinlaper.com/wp-content/uploads/2023/12/tahun-baru-500x281.jpg,20231226141350,image/jpeg,48465,7c1c5aaefa911185651dbcb535bfaa6852058a47f61025c3cb21ce6206159ed2,https://web.archive.org/web/20231226141350id_/https://bikinlaper.com/wp-content/uploads/2023/12/tahun-baru-500x281.jpg,
cached,wp-content/uploads/2023/12/tahun-baru-50x28.jpg,https://bikinlaper.com/wp-content/uploads/2023/12/tahun-baru-50x28.jpg,20231226141344,image/jpeg,1440,17f52f1cb909a545e7688d9cf23e402800bdd3b8fa69994c8f27e400acfb0782,https://web.archive.org/web/20231226141344id_/https://bikinlaper.com/wp-content/uploads/2023/12/tahun-baru-50x28.jpg,
cached,wp-content/uploads/2023/12/tahun-baru-550x309.jpg,https://bikinlaper.com/wp-content/uploads/2023/12/tahun-baru-550x309.jpg,20231226141346,image/jpeg,56157,ac635130a0b9586fb8776c9587b18d6a4bfa6af6c425d7260f9f983e1b79e793,https://web.archive.org/web/20231226141346id_/https://bikinlaper.com/wp-content/uploads/2023/12/tahun-baru-550x309.jpg,
cached,wp-content/uploads/2023/12/tahun-baru-650x366.jpg,https://bikinlaper.com/wp-content/uploads/2023/12/tahun-baru-650x366.jpg,20231227110802,image/jpeg,72432,d0131e0d38a182d945bf7315d153715fb13cbf423abbc64de165a15a48f1faa2,https://web.archive.org/web/20231227110802id_/https://bikinlaper.com/wp-content/uploads/2023/12/tahun-baru-650x366.jpg,
cached,wp-content/uploads/2023/12/tahun-baru.jpg,https://bikinlaper.com/wp-content/uploads/2023/12/tahun-baru.jpg,20231226141345,image/jpeg,79333,36914315c9b15dfe29bc7e23c7e72109a5f026d8a3d618e6db11d526413adea1,https://web.archive.org/web/20231226141345id_/https://bikinlaper.com/wp-content/uploads/2023/12/tahun-baru.jpg,
cached,wp-content/uploads/2024/01/14.-Resep-Martabak-Mesir-Sambal-Geprek-Ala-Rumahan.jpg,https://bikinlaper.com/wp-content/uploads/2024/01/14.-Resep-Martabak-Mesir-Sambal-Geprek-Ala-Rumahan.jpg,20250703123342,image/jpeg,49747,5fd24d3dcf438b46ae3ae9b868149e8c44307aeb9822eaa409e6ddbb17f3a9fc,https://web.archive.org/web/20250703123342id_/https://bikinlaper.com/wp-content/uploads/2024/01/14.-Resep-Martabak-Mesir-Sambal-Geprek-Ala-Rumahan.jpg,
cached,wp-content/uploads/2024/01/Logo-Join-Kuliner-Bikin-Laper-01-scaled.webp,https://bikinlaper.com/wp-content/uploads/2024/01/Logo-Join-Kuliner-Bikin-Laper-01-scaled.webp,20240123083906,image/webp,78518,03b8e5947d88262083cbee97dfa9a8cfe06edac977149f0a364868fac0497fcb,https://web.archive.org/web/20240123083906id_/https://bikinlaper.com/wp-content/uploads/2024/01/Logo-Join-Kuliner-Bikin-Laper-01-scaled.webp,
cached,wp-content/uploads/2024/01/Logo-Join-Kuliner-Bikin-Laper-01_1.jpg,https://bikinlaper.com/wp-content/uploads/2024/01/Logo-Join-Kuliner-Bikin-Laper-01_1.jpg,20240123083714,image/jpeg,53671,0179915389daf8c804c9e2dcb43f2ba0ede670b1324037d94cc2ea7f0114674b,https://web.archive.org/web/20240123083714id_/https://bikinlaper.com/wp-content/uploads/2024/01/Logo-Join-Kuliner-Bikin-Laper-01_1.jpg,
cached,wp-content/uploads/2024/01/Makanan-favorite-member-nct-dream-100x75.webp,https://bikinlaper.com/wp-content/uploads/2024/01/Makanan-favorite-member-nct-dream-100x75.webp,20241122035105,image/webp,3854,50067c4a3c82eb4ff5276c6ecd789533465e430fed1051b0ce38fe95cc061d44,https://web.archive.org/web/20241122035105id_/https://bikinlaper.com/wp-content/uploads/2024/01/Makanan-favorite-member-nct-dream-100x75.webp,
cached,wp-content/uploads/2024/01/Makanan-favorite-member-nct-dream-150x113.webp,https://bikinlaper.com/wp-content/uploads/2024/01/Makanan-favorite-member-nct-dream-150x113.webp,20241122043034,image/webp,6968,f352df0195d97db502fdaf65571994e024f20501c1d280eefd177caf4f856518,https://web.archive.org/web/20241122043034id_/https://bikinlaper.com/wp-content/uploads/2024/01/Makanan-favorite-member-nct-dream-150x113.webp,
cached,wp-content/uploads/2024/01/Makanan-favorite-member-nct-dream-200x150.webp,https://bikinlaper.com/wp-content/uploads/2024/01/Makanan-favorite-member-nct-dream-200x150.webp,20241122042710,image/webp,11560,dd4d0ab0573b31c5a04ccc614d98b987b7b7664b33c85ac4a30f868b45703f60,https://web.archive.org/web/20241122042710id_/https://bikinlaper.com/wp-content/uploads/2024/01/Makanan-favorite-member-nct-dream-200x150.webp,
cached,wp-content/uploads/2024/01/Makanan-favorite-member-nct-dream-250x188.webp,https://bikinlaper.com/wp-content/uploads/2024/01/Makanan-favorite-member-nct-dream-250x188.webp,20241122035040,image/webp,16956,adbfb11130d0e8bdaf6a62dfa7ccf5bd6c569fc3545c081b474b50c924384c24,https://web.archive.org/web/20241122035040id_/https://bikinlaper.com/wp-content/uploads/2024/01/Makanan-favorite-member-nct-dream-250x188.webp,
cached,wp-content/uploads/2024/01/Makanan-favorite-member-nct-dream-300x225.webp,https://bikinlaper.com/wp-content/uploads/2024/01/Makanan-favorite-member-nct-dream-300x225.webp,20241122044643,image/webp,22464,fa13af8547feba7dc1adefe3054a1f3828449530eeae2e61b05ead94ed5a6711,https://web.archive.org/web/20241122044643id_/https://bikinlaper.com/wp-content/uploads/2024/01/Makanan-favorite-member-nct-dream-300x225.webp,
cached,wp-content/uploads/2024/01/Makanan-favorite-member-nct-dream-350x263.webp,https://bikinlaper.com/wp-content/uploads/2024/01/Makanan-favorite-member-nct-dream-350x263.webp,20241122054528,image/webp,29056,c33df6f787a022fa856bb905e63711fe9a9afa5b047f475814670fab550b8a7e,https://web.archive.org/web/20241122054528id_/https://bikinlaper.com/wp-content/uploads/2024/01/Makanan-favorite-member-nct-dream-350x263.webp,
cached,wp-content/uploads/2024/01/Makanan-favorite-member-nct-dream-400x300.webp,https://bikinlaper.com/wp-content/uploads/2024/01/Makanan-favorite-member-nct-dream-400x300.webp,20241122161502,image/webp,36536,8f209c042b56de3d0112e86e89651f5c1b46097966cba205b1f3013ccff2876b,https://web.archive.org/web/20241122161502id_/https://bikinlaper.com/wp-content/uploads/2024/01/Makanan-favorite-member-nct-dream-400x300.webp,
cached,wp-content/uploads/2024/01/Makanan-favorite-member-nct-dream-450x338.webp,https://bikinlaper.com/wp-content/uploads/2024/01/Makanan-favorite-member-nct-dream-450x338.webp,20241122041021,image/webp,43742,3a05518057d780c82391cdff39b4b5a8af2d8682e80e361c925d3ba1c8c15d96,https://web.archive.org/web/20241122041021id_/https://bikinlaper.com/wp-content/uploads/2024/01/Makanan-favorite-member-nct-dream-450x338.webp,
cached,wp-content/uploads/2024/01/Makanan-favorite-member-nct-dream-500x375.webp,https://bikinlaper.com/wp-content/uploads/2024/01/Makanan-favorite-member-nct-dream-500x375.webp,20241122042635,image/webp,53732,5a6a82ff055f7f6b5eb44153b0293b833133b217a53e7e5ead2e13a8f89cc960,https://web.archive.org/web/20241122042635id_/https://bikinlaper.com/wp-content/uploads/2024/01/Makanan-favorite-member-nct-dream-500x375.webp,
cached,wp-content/uploads/2024/01/Makanan-favorite-member-nct-dream-550x413.webp,https://bikinlaper.com/wp-content/uploads/2024/01/Makanan-favorite-member-nct-dream-550x413.webp,20241122041953,image/webp,57678,ddcc77dad7d4f882d771fb8d820a58655c062b701a0581c197dcf96c4fff2571,https://web.archive.org/web/20241122041953id_/https://bikinlaper.com/wp-content/uploads/2024/01/Makanan-favorite-member-nct-dream-550x413.webp,
cached,wp-content/uploads/2024/01/Makanan-favorite-member-nct-dream-650x488.webp,https://bikinlaper.com/wp-content/uploads/2024/01/Makanan-favorite-member-nct-dream-650x488.webp,20241122035138,image/webp,73262,ef4a4ea99b242aabce0278be901200bcd62519dd36131d74913588e69973971c,https://web.archive.org/web/20241122035138id_/https://bikinlaper.com/wp-content/uploads/2024/01/Makanan-favorite-member-nct-dream-650x488.webp,
cached,wp-content/uploads/2024/01/Makanan-favorite-member-nct-dream-768x576.webp,https://bikinlaper.com/wp-content/uploads/2024/01/Makanan-favorite-member-nct-dream-768x576.webp,20241122045711,image/webp,92022,0cbaa4b44a2d54739a65a2a8f6bec8459e71ebb2b42836b31e99ba3a13a8ba71,https://web.archive.org/web/20241122045711id_/https://bikinlaper.com/wp-content/uploads/2024/01/Makanan-favorite-member-nct-dream-768x576.webp,
cached,wp-content/uploads/2024/01/Makanan-favorite-member-nct-dream-800x600.webp,https://bikinlaper.com/wp-content/uploads/2024/01/Makanan-favorite-member-nct-dream-800x600.webp,20241122040315,image/webp,95718,4d760b549b3a66dd0b19e2b4be5d1c7e35f9c7de376f7d612bbfc580f8218b0e,https://web.archive.org/web/20241122040315id_/https://bikinlaper.com/wp-content/uploads/2024/01/Makanan-favorite-member-nct-dream-800x600.webp,
cached,wp-content/uploads/2024/01/Makanan-favorite-member-nct-dream.webp,https://bikinlaper.com/wp-content/uploads/2024/01/Makanan-favorite-member-nct-dream.webp,20241122044745,image/webp,133980,63b65921922ec7b1a1695b7ac96e2b32f666bf60bdc3eb18c84cd572836af976,https://web.archive.org/web/20241122044745id_/https://bikinlaper.com/wp-content/uploads/2024/01/Makanan-favorite-member-nct-dream.webp,
cached,wp-content/uploads/2024/01/Nasi-Cokot-viral-494859560-100x67.webp,https://bikinlaper.com/wp-content/uploads/2024/01/Nasi-Cokot-viral-494859560-100x67.webp,20241122041206,image/webp,2810,fb48f55e1a6683cc7d4e10a0b315302de6d9ecefc9fcd0fd0309e539683ae809,https://web.archive.org/web/20241122041206id_/https://bikinlaper.com/wp-content/uploads/2024/01/Nasi-Cokot-viral-494859560-100x67.webp,
cached,wp-content/uploads/2024/01/Nasi-Cokot-viral-494859560-150x100.webp,https://bikinlaper.com/wp-content/uploads/2024/01/Nasi-Cokot-viral-494859560-150x100.webp,20241122041705,image/webp,5106,613b7e3e28fe1f50540eac6ad6e629579367fe8037c6e90070b2ba2a66ecaa81,https://web.archive.org/web/20241122041705id_/https://bikinlaper.com/wp-content/uploads/2024/01/Nasi-Cokot-viral-494859560-150x100.webp,
cached,wp-content/uploads/2024/01/Nasi-Cokot-viral-494859560-200x133.webp,https://bikinlaper.com/wp-content/uploads/2024/01/Nasi-Cokot-viral-494859560-200x133.webp,20241122042855,image/webp,7580,05cb9333f49908836a0e469e5ae012dd1e3f1e05ef55eb0918ecba13a2100475,https://web.archive.org/web/20241122042855id_/https://bikinlaper.com/wp-content/uploads/2024/01/Nasi-Cokot-viral-494859560-200x133.webp,
cached,wp-content/uploads/2024/01/Nasi-Cokot-viral-494859560-250x167.webp,https://bikinlaper.com/wp-content/uploads/2024/01/Nasi-Cokot-viral-494859560-250x167.webp,20241122052544,image/webp,10848,7bc0f9a7ab008c9496bdbeb547c1a2d3a8ee3b7b1095162475ab3c872372613a,https://web.archive.org/web/20241122052544id_/https://bikinlaper.com/wp-content/uploads/2024/01/Nasi-Cokot-viral-494859560-250x167.webp,
cached,wp-content/uploads/2024/01/Nasi-Cokot-viral-494859560-300x200.webp,https://bikinlaper.com/wp-content/uploads/2024/01/Nasi-Cokot-viral-494859560-300x200.webp,20241122035512,image/webp,13632,8ee4024328346da4b8c0f4dc8704a9c9874e6793c2147229282f17fb0d723c8d,https://web.archive.org/web/20241122035512id_/https://bikinlaper.com/wp-content/uploads/2024/01/Nasi-Cokot-viral-494859560-300x200.webp,
cached,wp-content/uploads/2024/01/Nasi-Cokot-viral-494859560-350x233.webp,https://bikinlaper.com/wp-content/uploads/2024/01/Nasi-Cokot-viral-494859560-350x233.webp,20241122040217,image/webp,17088,6e4b1453b4c0340c79b60c64ff36bb6277bdb5f247c3d480f2a14df2dd2cb79c,https://web.archive.org/web/20241122040217id_/https://bikinlaper.com/wp-content/uploads/2024/01/Nasi-Cokot-viral-494859560-350x233.webp,
cached,wp-content/uploads/2024/01/Nasi-Cokot-viral-494859560-400x267.webp,https://bikinlaper.com/wp-content/uploads/2024/01/Nasi-Cokot-viral-494859560-400x267.webp,20241122043224,image/webp,20258,7e2e612f31d0d370768849956af2a04bfe6f75afa751d63782ee4ca94b76d913,https://web.archive.org/web/20241122043224id_/https://bikinlaper.com/wp-content/uploads/2024/01/Nasi-Cokot-viral-494859560-400x267.webp,
cached,wp-content/uploads/2024/01/Nasi-Cokot-viral-494859560-450x300.webp,https://bikinlaper.com/wp-content/uploads/2024/01/Nasi-Cokot-viral-494859560-450x300.webp,20241122044754,image/webp,23988,669c43cf3d41249d33711cc69214006965baf2c590f115c723d31572004db9d1,https://web.archive.org/web/20241122044754id_/https://bikinlaper.com/wp-content/uploads/2024/01/Nasi-Cokot-viral-494859560-450x300.webp,
cached,wp-content/uploads/2024/01/Nasi-Cokot-viral-494859560-500x333.webp,https://bikinlaper.com/wp-content/uploads/2024/01/Nasi-Cokot-viral-494859560-500x333.webp,20241122153003,image/webp,26664,6c42fa588467c2e8f91f9f84f79936ecdebd70da44e84ba896f9dbd3706c1452,https://web.archive.org/web/20241122153003id_/https://bikinlaper.com/wp-content/uploads/2024/01/Nasi-Cokot-viral-494859560-500x333.webp,
cached,wp-content/uploads/2024/01/Nasi-Cokot-viral-494859560-50x33.webp,https://bikinlaper.com/wp-content/uploads/2024/01/Nasi-Cokot-viral-494859560-50x33.webp,20241122043708,image/webp,958,ee1646098f17988fb89d35c0279fb2fb1045ae91ccc9e2a5c27544b298044852,https://web.archive.org/web/20241122043708id_/https://bikinlaper.com/wp-content/uploads/2024/01/Nasi-Cokot-viral-494859560-50x33.webp,
cached,wp-content/uploads/2024/01/Nasi-Cokot-viral-494859560-550x367.webp,https://bikinlaper.com/wp-content/uploads/2024/01/Nasi-Cokot-viral-494859560-550x367.webp,20241122040457,image/webp,29832,143afa8044a5d128b3d5a9d8be734814fe88980ed7be0c752b1bde9a1721c0a3,https://web.archive.org/web/20241122040457id_/https://bikinlaper.com/wp-content/uploads/2024/01/Nasi-Cokot-viral-494859560-550x367.webp,
cached,wp-content/uploads/2024/01/Nasi-Cokot-viral-494859560-650x433.webp,https://bikinlaper.com/wp-content/uploads/2024/01/Nasi-Cokot-viral-494859560-650x433.webp,20241122050649,image/webp,36878,8c710286aaa2e77e4149f26704c5a8909f2837711a89db8765f62283cac1b91f,https://web.archive.org/web/20241122050649id_/https://bikinlaper.com/wp-content/uploads/2024/01/Nasi-Cokot-viral-494859560-650x433.webp,
cached,wp-content/uploads/2024/01/Nasi-Cokot-viral-494859560.webp,https://bikinlaper.com/wp-content/uploads/2024/01/Nasi-Cokot-viral-494859560.webp,20241122041238,image/webp,40700,a4ca0b81c3ae1a1139aaf75b4d8513621ddd6e4aaca0150eaa4de1d598a3aa9c,https://web.archive.org/web/20241122041238id_/https://bikinlaper.com/wp-content/uploads/2024/01/Nasi-Cokot-viral-494859560.webp,
cached,wp-content/uploads/2024/01/Soto_Banjar_ketupat-100x67.jpg,https://bikinlaper.com/wp-content/uploads/2024/01/Soto_Banjar_ketupat-100x67.jpg,20241122035907,image/jpeg,2940,717cbaae5cf3e36673dd1a5f7e5a455a90000f7f8df1790679709ebc1bc40582,https://web.archive.org/web/20241122035907id_/https://bikinlaper.com/wp-content/uploads/2024/01/Soto_Banjar_ketupat-100x67.jpg,
cached,wp-content/uploads/2024/01/Soto_Banjar_ketupat-1200x803.jpg,https://bikinlaper.com/wp-content/uploads/2024/01/Soto_Banjar_ketupat-1200x803.jpg,20241122040810,image/jpeg,145440,8bfb0e9a6c0577d005e25e9808371392152f8484cc79f13eff08cd5a31f7268f,https://web.archive.org/web/20241122040810id_/https://bikinlaper.com/wp-content/uploads/2024/01/Soto_Banjar_ketupat-1200x803.jpg,
cached,wp-content/uploads/2024/01/Soto_Banjar_ketupat-150x100.jpg,https://bikinlaper.com/wp-content/uploads/2024/01/Soto_Banjar_ketupat-150x100.jpg,20241122041417,image/jpeg,5302,b55ae4ed92fe6fbafdbfcd1bd94b3b53a658c094fe5821cfbb7cef5072229a4c,https://web.archive.org/web/20241122041417id_/https://bikinlaper.com/wp-content/uploads/2024/01/Soto_Banjar_ketupat-150x100.jpg,
cached,wp-content/uploads/2024/01/Soto_Banjar_ketupat-1536x1028.jpg,https://bikinlaper.com/wp-content/uploads/2024/01/Soto_Banjar_ketupat-1536x1028.jpg,20241122035446,image/jpeg,213996,38da010b8aef24a4df60f158949bd3a1a1d608eae6a2bbdc131a8ba7c8c68c87,https://web.archive.org/web/20241122035446id_/https://bikinlaper.com/wp-content/uploads/2024/01/Soto_Banjar_ketupat-1536x1028.jpg,
cached,wp-content/uploads/2024/01/Soto_Banjar_ketupat-1600x1071.jpg,https://bikinlaper.com/wp-content/uploads/2024/01/Soto_Banjar_ketupat-1600x1071.jpg,20241122040204,image/jpeg,227122,332bb6abba657e58aaa595251a4083b35a2eeb5c539a1d2477d903f57531c02a,https://web.archive.org/web/20241122040204id_/https://bikinlaper.com/wp-content/uploads/2024/01/Soto_Banjar_ketupat-1600x1071.jpg,
cached,wp-content/uploads/2024/01/Soto_Banjar_ketupat-2000x1339.jpg,https://bikinlaper.com/wp-content/uploads/2024/01/Soto_Banjar_ketupat-2000x1339.jpg,20241122051131,image/jpeg,323165,4b7719d266c05f10178f2208a0159c901c2638a77a2088d6c10bc2d35536232a,https://web.archive.org/web/20241122051131id_/https://bikinlaper.com/wp-content/uploads/2024/01/Soto_Banjar_ketupat-2000x1339.jpg,
cached,wp-content/uploads/2024/01/Soto_Banjar_ketupat-200x134.jpg,https://bikinlaper.com/wp-content/uploads/2024/01/Soto_Banjar_ketupat-200x134.jpg,20241122040916,image/jpeg,8222,d41dcc17bb221567375dda9a24064591528edaa12921537806d3e3996f229f22,https://web.archive.org/web/20241122040916id_/https://bikinlaper.com/wp-content/uploads/2024/01/Soto_Banjar_ketupat-200x134.jpg,
cached,wp-content/uploads/2024/01/Soto_Banjar_ketupat-2048x1371.jpg,https://bikinlaper.com/wp-content/uploads/2024/01/Soto_Banjar_ketupat-2048x1371.jpg,20241122035003,image/jpeg,335379,1aa679d65291b326d73e0ecd47c7dab06ddab1a8550448fa8a34f95d7f078b2a,https://web.archive.org/web/20241122035003id_/https://bikinlaper.com/wp-content/uploads/2024/01/Soto_Banjar_ketupat-2048x1371.jpg,
cached,wp-content/uploads/2024/01/Soto_Banjar_ketupat-250x167.jpg,https://bikinlaper.com/wp-content/uploads/2024/01/Soto_Banjar_ketupat-250x167.jpg,20241122035909,image/jpeg,11750,1130e599fa04a6a3938e8789994486d39e9be4410679eb9f1879b203acea59e6,https://web.archive.org/web/20241122035909id_/https://bikinlaper.com/wp-content/uploads/2024/01/Soto_Banjar_ketupat-250x167.jpg,
cached,wp-content/uploads/2024/01/Soto_Banjar_ketupat-300x201.jpg,https://bikinlaper.com/wp-content/uploads/2024/01/Soto_Banjar_ketupat-300x201.jpg,20241122035220,image/jpeg,16001,87f22cc46f2fea5bb047ebe78f3f96e3812ab2231e14fb6e407f78f46e90ed83,https://web.archive.org/web/20241122035220id_/https://bikinlaper.com/wp-content/uploads/2024/01/Soto_Banjar_ketupat-300x201.jpg,
cached,wp-content/uploads/2024/01/Soto_Banjar_ketupat-350x234.jpg,https://bikinlaper.com/wp-content/uploads/2024/01/Soto_Banjar_ketupat-350x234.jpg,20241122035549,image/jpeg,20520,30c2c03358d0266dce06ef22f50c88e7e087f149ad3cf27246d701a481609249,https://web.archive.org/web/20241122035549id_/https://bikinlaper.com/wp-content/uploads/2024/01/Soto_Banjar_ketupat-350x234.jpg,
cached,wp-content/uploads/2024/01/Soto_Banjar_ketupat-400x268.jpg,https://bikinlaper.com/wp-content/uploads/2024/01/Soto_Banjar_ketupat-400x268.jpg,20241122045824,image/jpeg,25220,21e1ecbc8c0e3144dd1312a8c03f99b7409c3a9f7b09aa155541016eafb0bbd2,https://web.archive.org/web/20241122045824id_/https://bikinlaper.com/wp-content/uploads/2024/01/Soto_Banjar_ketupat-400x268.jpg,
cached,wp-content/uploads/2024/01/Soto_Banjar_ketupat-450x301.jpg,https://bikinlaper.com/wp-content/uploads/2024/01/Soto_Banjar_ketupat-450x301.jpg,20241122043912,image/jpeg,30707,ea444170b02e57233f795f0f4f06567dd3d8893acb71369b0be4ae4a267b28f9,https://web.archive.org/web/20241122043912id_/https://bikinlaper.com/wp-content/uploads/2024/01/Soto_Banjar_ketupat-450x301.jpg,
cached,wp-content/uploads/2024/01/Soto_Banjar_ketupat-500x335.jpg,https://bikinlaper.com/wp-content/uploads/2024/01/Soto_Banjar_ketupat-500x335.jpg,20241122035018,image/jpeg,36198,9d675eb4e79c5d4bd5a2193b86bb3be3fe606ae606b14ade577c4d93ff19f111,https://web.archive.org/web/20241122035018id_/https://bikinlaper.com/wp-content/uploads/2024/01/Soto_Banjar_ketupat-500x335.jpg,
cached,wp-content/uploads/2024/01/Soto_Banjar_ketupat-50x33.jpg,https://bikinlaper.com/wp-content/uploads/2024/01/Soto_Banjar_ketupat-50x33.jpg,20241122054037,image/jpeg,1372,cff909bcab12d3feb405f375d328527dd5615d49841d689a5481c88811d7a0b2,https://web.archive.org/web/20241122054037id_/https://bikinlaper.com/wp-content/uploads/2024/01/Soto_Banjar_ketupat-50x33.jpg,
cached,wp-content/uploads/2024/01/Soto_Banjar_ketupat-550x368.jpg,https://bikinlaper.com/wp-content/uploads/2024/01/Soto_Banjar_ketupat-550x368.jpg,20241122040640,image/jpeg,41898,3457b3ee9e4df338ef84bda2fa4b74a0d153a0e7cfc0257bf59098c44aa3fbfa,https://web.archive.org/web/20241122040640id_/https://bikinlaper.com/wp-content/uploads/2024/01/Soto_Banjar_ketupat-550x368.jpg,
cached,wp-content/uploads/2024/01/Soto_Banjar_ketupat-650x435.jpg,https://bikinlaper.com/wp-content/uploads/2024/01/Soto_Banjar_ketupat-650x435.jpg,20241122040520,image/jpeg,55754,4fe4684fdba5ea4b37f42d88e60250ffb94695242d0beba8664b2d3186e7188c,https://web.archive.org/web/20241122040520id_/https://bikinlaper.com/wp-content/uploads/2024/01/Soto_Banjar_ketupat-650x435.jpg,
cached,wp-content/uploads/2024/01/Soto_Banjar_ketupat-768x514.jpg,https://bikinlaper.com/wp-content/uploads/2024/01/Soto_Banjar_ketupat-768x514.jpg,20241122040348,image/jpeg,72201,ff1f7f81bb16780c8e5202aebdddc64f3cacd6b1a036b8f841a4fc10a550ae58,https://web.archive.org/web/20241122040348id_/https://bikinlaper.com/wp-content/uploads/2024/01/Soto_Banjar_ketupat-768x514.jpg,
cached,wp-content/uploads/2024/01/Soto_Banjar_ketupat-800x536.jpg,https://bikinlaper.com/wp-content/uploads/2024/01/Soto_Banjar_ketupat-800x536.jpg,20241122233148,image/jpeg,76431,31b3376f709e219e05e07ae9fed99eb279fd42debebadb8de3d61db529bab6e9,https://web.archive.org/web/20241122233148id_/https://bikinlaper.com/wp-content/uploads/2024/01/Soto_Banjar_ketupat-800x536.jpg,
cached,wp-content/uploads/2024/01/Soto_Banjar_ketupat-scaled.jpg,https://bikinlaper.com/wp-content/uploads/2024/01/Soto_Banjar_ketupat-scaled.jpg,20241122050726,image/jpeg,478661,7adff7e83ebb10acc626b1296b97ca804f9c3c26e7b7f2ea64b02dd6c82b48bf,https://web.archive.org/web/20241122050726id_/https://bikinlaper.com/wp-content/uploads/2024/01/Soto_Banjar_ketupat-scaled.jpg,
cached,wp-content/uploads/2024/01/Tips-Usaha-Food-Truck-100x65.jpg,https://bikinlaper.com/wp-content/uploads/2024/01/Tips-Usaha-Food-Truck-100x65.jpg,20240123090805,image/jpeg,3456,837b58b03d38d49be75771e4ed6fe96375b5a4fe0419fa6f782f945fa7272eca,https://web.archive.org/web/20240123090805id_/https://bikinlaper.com/wp-content/uploads/2024/01/Tips-Usaha-Food-Truck-100x65.jpg,
cached,wp-content/uploads/2024/01/Tips-Usaha-Food-Truck-150x98.jpg,https://bikinlaper.com/wp-content/uploads/2024/01/Tips-Usaha-Food-Truck-150x98.jpg,20240123090803,image/jpeg,6479,b208d248249fe93ccca2939609b2becd727882f6b100c3c7bb83ae19f00b54c7,https://web.archive.org/web/20240123090803id_/https://bikinlaper.com/wp-content/uploads/2024/01/Tips-Usaha-Food-Truck-150x98.jpg,
cached,wp-content/uploads/2024/01/Tips-Usaha-Food-Truck-200x131.jpg,https://bikinlaper.com/wp-content/uploads/2024/01/Tips-Usaha-Food-Truck-200x131.jpg,20240123090803,image/jpeg,10247,e31ffbae8b7e67e96dfc09c71f2245412bdf82edf1ea90ff71f87958f5dd87df,https://web.archive.org/web/20240123090803id_/https://bikinlaper.com/wp-content/uploads/2024/01/Tips-Usaha-Food-Truck-200x131.jpg,
cached,wp-content/uploads/2024/01/Tips-Usaha-Food-Truck-250x164.jpg,https://bikinlaper.com/wp-content/uploads/2024/01/Tips-Usaha-Food-Truck-250x164.jpg,20240123090803,image/jpeg,15097,ff05def5f286d332d273a5361f0346de8fa2a48c06a56c624dbfd7bb627ff30b,https://web.archive.org/web/20240123090803id_/https://bikinlaper.com/wp-content/uploads/2024/01/Tips-Usaha-Food-Truck-250x164.jpg,
cached,wp-content/uploads/2024/01/Tips-Usaha-Food-Truck-300x196.jpg,https://bikinlaper.com/wp-content/uploads/2024/01/Tips-Usaha-Food-Truck-300x196.jpg,20240123090804,image/jpeg,20388,8c4ae4e57cdf06d1872f6c57ede36b7957ecacf536a0ec058fad9e35fc2a1363,https://web.archive.org/web/20240123090804id_/https://bikinlaper.com/wp-content/uploads/2024/01/Tips-Usaha-Food-Truck-300x196.jpg,
cached,wp-content/uploads/2024/03/nasi-uduk-cipete-xxi-150x150.webp,https://bikinlaper.com/wp-content/uploads/2024/03/nasi-uduk-cipete-xxi-150x150.webp,20241122040422,image/webp,7318,bba1cd913f0ad462dde9e451ccd614864855bcdb49efe10d7122189878f7dd8e,https://web.archive.org/web/20241122040422id_/https://bikinlaper.com/wp-content/uploads/2024/03/nasi-uduk-cipete-xxi-150x150.webp,
cached,wp-content/uploads/2024/03/nasi-uduk-cipete-xxi-400x240.webp,https://bikinlaper.com/wp-content/uploads/2024/03/nasi-uduk-cipete-xxi-400x240.webp,20241122035413,image/webp,21524,6b96865803cc4731353a12fc45b35651aeca963ca8defcdb618ebddab1ad72e1,https://web.archive.org/web/20241122035413id_/https://bikinlaper.com/wp-content/uploads/2024/03/nasi-uduk-cipete-xxi-400x240.webp,
cached,wp-content/uploads/2024/03/nasi-uduk-cipete-xxi-590x354.webp/index.html,https://bikinlaper.com/wp-content/uploads/2024/03/nasi-uduk-cipete-xxi-590x354.webp,20241122043009,text/html,1439,040fd7c6677e07d1f0f3f45de2cd96dccb801e1b205969bfa99e0bd3619d1eaf,https://web.archive.org/web/20241122043009id_/https://bikinlaper.com/wp-content/uploads/2024/03/nasi-uduk-cipete-xxi-590x354.webp,
cached,wp-content/uploads/2024/03/nasi-uduk-cipete-xxi-80x80.webp,https://bikinlaper.com/wp-content/uploads/2024/03/nasi-uduk-cipete-xxi-80x80.webp,20241122041200,image/webp,2638,d7d819faf7fd0977548ac783c4e57c444ef4418cf3be9e31c3d2b2fd09e0eac2,https://web.archive.org/web/20241122041200id_/https://bikinlaper.com/wp-content/uploads/2024/03/nasi-uduk-cipete-xxi-80x80.webp,
cached,wp-content/uploads/2024/03/pecel-lele-lamongan-35-100x56.jpg,https://bikinlaper.com/wp-content/uploads/2024/03/pecel-lele-lamongan-35-100x56.jpg,20241122191208,image/jpeg,3233,ab181dc64dd5681042253922019e51d38e4f930b82a9940c84905e96c6ace642,https://web.archive.org/web/20241122191208id_/https://bikinlaper.com/wp-content/uploads/2024/03/pecel-lele-lamongan-35-100x56.jpg,
cached,wp-content/uploads/2024/03/pecel-lele-lamongan-35-1200x675.jpg,https://bikinlaper.com/wp-content/uploads/2024/03/pecel-lele-lamongan-35-1200x675.jpg,20241122040836,image/jpeg,174667,c3687200f03221bc437f3be63e1f217b55d866378a962f93a8cf8c5e2dbb8309,https://web.archive.org/web/20241122040836id_/https://bikinlaper.com/wp-content/uploads/2024/03/pecel-lele-lamongan-35-1200x675.jpg,
cached,wp-content/uploads/2024/03/pecel-lele-lamongan-35-150x84.jpg,https://bikinlaper.com/wp-content/uploads/2024/03/pecel-lele-lamongan-35-150x84.jpg,20241122050752,image/jpeg,6309,4fa40e34f5a509e975f6d7317ff5ce4b5fb2799e4ad32e48904691026d2f2733,https://web.archive.org/web/20241122050752id_/https://bikinlaper.com/wp-content/uploads/2024/03/pecel-lele-lamongan-35-150x84.jpg,
cached,wp-content/uploads/2024/03/pecel-lele-lamongan-35-200x113.jpg,https://bikinlaper.com/wp-content/uploads/2024/03/pecel-lele-lamongan-35-200x113.jpg,20241122063252,image/jpeg,9970,c82191a3d5be6a61d907dc3d60061248226f42757e56bfcf8d23d9cf6516d149,https://web.archive.org/web/20241122063252id_/https://bikinlaper.com/wp-content/uploads/2024/03/pecel-lele-lamongan-35-200x113.jpg,
cached,wp-content/uploads/2024/03/pecel-lele-lamongan-35-250x141.jpg,https://bikinlaper.com/wp-content/uploads/2024/03/pecel-lele-lamongan-35-250x141.jpg,20241122035900,image/jpeg,14891,9612f17301e5cb1ae2493adbb6612c759e9f62fd86bff37d59d4ba7626fee4d1,https://web.archive.org/web/20241122035900id_/https://bikinlaper.com/wp-content/uploads/2024/03/pecel-lele-lamongan-35-250x141.jpg,
cached,wp-content/uploads/2024/03/pecel-lele-lamongan-35-300x169.jpg,https://bikinlaper.com/wp-content/uploads/2024/03/pecel-lele-lamongan-35-300x169.jpg,20241122053326,image/jpeg,20011,7c9a7c9707397b86d7d8ad37d5e57ddfc9c416693d3a8ee50d215de39947f666,https://web.archive.org/web/20241122053326id_/https://bikinlaper.com/wp-content/uploads/2024/03/pecel-lele-lamongan-35-300x169.jpg,
cached,wp-content/uploads/2024/03/pecel-lele-lamongan-35-350x197.jpg,https://bikinlaper.com/wp-content/uploads/2024/03/pecel-lele-lamongan-35-350x197.jpg,20241122042324,image/jpeg,26103,ebed290f045da55409eb5d31fe050364b9250245740231b4c45ac213801a78cc,https://web.archive.org/web/20241122042324id_/https://bikinlaper.com/wp-content/uploads/2024/03/pecel-lele-lamongan-35-350x197.jpg,
cached,wp-content/uploads/2024/03/pecel-lele-lamongan-35-400x225.jpg,https://bikinlaper.com/wp-content/uploads/2024/03/pecel-lele-lamongan-35-400x225.jpg,20241122035152,image/jpeg,32003,2dca0a49fbd8fa0b58835afba7e222cd500d8d9558abd7ea3ef05fd24a2696aa,https://web.archive.org/web/20241122035152id_/https://bikinlaper.com/wp-content/uploads/2024/03/pecel-lele-lamongan-35-400x225.jpg,
cached,wp-content/uploads/2024/03/pecel-lele-lamongan-35-450x253.jpg,https://bikinlaper.com/wp-content/uploads/2024/03/pecel-lele-lamongan-35-450x253.jpg,20241122045205,image/jpeg,39148,3a44ed917739ce6e8a95fe62ef320904417f454a65e2f2b0b0f27a9d64c0dce7,https://web.archive.org/web/20241122045205id_/https://bikinlaper.com/wp-content/uploads/2024/03/pecel-lele-lamongan-35-450x253.jpg,
cached,wp-content/uploads/2024/03/pecel-lele-lamongan-35-500x281.jpg,https://bikinlaper.com/wp-content/uploads/2024/03/pecel-lele-lamongan-35-500x281.jpg,20241122034825,image/jpeg,46190,0a398a1bc47f74529578ef4179ec1b7d440dacbea4f8cc8e926fa1b29fa2193f,https://web.archive.org/web/20241122034825id_/https://bikinlaper.com/wp-content/uploads/2024/03/pecel-lele-lamongan-35-500x281.jpg,
cached,wp-content/uploads/2024/03/pecel-lele-lamongan-35-50x28.jpg,https://bikinlaper.com/wp-content/uploads/2024/03/pecel-lele-lamongan-35-50x28.jpg,20241122052919,image/jpeg,1432,f73153bae33ce628b67125d365ee8fc28128fd9ceb6d3452c523ca642a4d76e2,https://web.archive.org/web/20241122052919id_/https://bikinlaper.com/wp-content/uploads/2024/03/pecel-lele-lamongan-35-50x28.jpg,
cached,wp-content/uploads/2024/03/pecel-lele-lamongan-35-550x309.jpg/index.html,https://bikinlaper.com/wp-content/uploads/2024/03/pecel-lele-lamongan-35-550x309.jpg,20241122044144,text/html,1468,abc0f230f2f63bdce81be0a3fec3bb6b5ac409d97475aaf1f28f940f846112ff,https://web.archive.org/web/20241122044144id_/https://bikinlaper.com/wp-content/uploads/2024/03/pecel-lele-lamongan-35-550x309.jpg,
cached,wp-content/uploads/2024/03/pecel-lele-lamongan-35-650x366.jpg,https://bikinlaper.com/wp-content/uploads/2024/03/pecel-lele-lamongan-35-650x366.jpg,20241122051335,image/jpeg,69699,6da40d9a021ee01df5b0583c326ad3d909ebe7d1ce87b04f75d45aa96ed3406b,https://web.archive.org/web/20241122051335id_/https://bikinlaper.com/wp-content/uploads/2024/03/pecel-lele-lamongan-35-650x366.jpg,
cached,wp-content/uploads/2024/03/pecel-lele-lamongan-35-768x432.jpg,https://bikinlaper.com/wp-content/uploads/2024/03/pecel-lele-lamongan-35-768x432.jpg,20241122035548,image/jpeg,90050,3a22de2b39691530483e8194e0e99b6bf4af9ce28b276c4541b4f1a6df0d794e,https://web.archive.org/web/20241122035548id_/https://bikinlaper.com/wp-content/uploads/2024/03/pecel-lele-lamongan-35-768x432.jpg,
cached,wp-content/uploads/2024/03/pecel-lele-lamongan-35-800x450.jpg,https://bikinlaper.com/wp-content/uploads/2024/03/pecel-lele-lamongan-35-800x450.jpg,20241122035305,image/jpeg,95815,adc7e3eac94a8ad74429805e0fb5b9ae90e5633535ab4f2a595cdac5675acf0c,https://web.archive.org/web/20241122035305id_/https://bikinlaper.com/wp-content/uploads/2024/03/pecel-lele-lamongan-35-800x450.jpg,
cached,wp-content/uploads/2024/03/pecel-lele-lamongan-35.jpg,https://bikinlaper.com/wp-content/uploads/2024/03/pecel-lele-lamongan-35.jpg,20241122041911,image/jpeg,186169,63c190675cb6aa30774dd777021ed664d6eb1805c17a8d94b8f58e217387be8d,https://web.archive.org/web/20241122041911id_/https://bikinlaper.com/wp-content/uploads/2024/03/pecel-lele-lamongan-35.jpg,
cached,wp-content/uploads/2024/04/Minuman-Khas-Arab-150x150.jpg,https://bikinlaper.com/wp-content/uploads/2024/04/Minuman-Khas-Arab-150x150.jpg,20241122045132,image/jpeg,8574,e17847e36f6008c79e182ab5e752c8ab661dac4264ec5c5f0662fa6b20e85088,https://web.archive.org/web/20241122045132id_/https://bikinlaper.com/wp-content/uploads/2024/04/Minuman-Khas-Arab-150x150.jpg,
cached,wp-content/uploads/2024/04/Minuman-Khas-Arab-300x188.jpg,https://bikinlaper.com/wp-content/uploads/2024/04/Minuman-Khas-Arab-300x188.jpg,20241122061716,image/jpeg,18442,cbc83726feb110a3c9211ddc606d126ebd7f4ec69eb8258fc79857fdab7643c9,https://web.archive.org/web/20241122061716id_/https://bikinlaper.com/wp-content/uploads/2024/04/Minuman-Khas-Arab-300x188.jpg,
cached,wp-content/uploads/2024/04/Minuman-Khas-Arab-400x240.jpg,https://bikinlaper.com/wp-content/uploads/2024/04/Minuman-Khas-Arab-400x240.jpg,20241122035101,image/jpeg,30209,713ceb997f05836bc87a93150643a4ffdd0410b4da07d61c1fbe7757bbe8a71a,https://web.archive.org/web/20241122035101id_/https://bikinlaper.com/wp-content/uploads/2024/04/Minuman-Khas-Arab-400x240.jpg,
cached,wp-content/uploads/2024/04/Minuman-Khas-Arab-590x354.jpg,https://bikinlaper.com/wp-content/uploads/2024/04/Minuman-Khas-Arab-590x354.jpg,20241122041252,image/jpeg,55960,f1080913f4564a5947e6290cd2486a14ca861bc1cf3ca08951cec01103aedf95,https://web.archive.org/web/20241122041252id_/https://bikinlaper.com/wp-content/uploads/2024/04/Minuman-Khas-Arab-590x354.jpg,
cached,wp-content/uploads/2024/04/Minuman-Khas-Arab-768x480.jpg,https://bikinlaper.com/wp-content/uploads/2024/04/Minuman-Khas-Arab-768x480.jpg,20241122050556,image/jpeg,86559,80cea929c22e51edd53a80309bce62fc99ccd785fad02ba13faaa8d91706e6c9,https://web.archive.org/web/20241122050556id_/https://bikinlaper.com/wp-content/uploads/2024/04/Minuman-Khas-Arab-768x480.jpg,
cached,wp-content/uploads/2024/04/Minuman-Khas-Arab-80x80.jpg,https://bikinlaper.com/wp-content/uploads/2024/04/Minuman-Khas-Arab-80x80.jpg,20241122045706,image/jpeg,3070,01d1261a51f2cb796a80f6de39efd394c25aeabe5598279779d0ac6097f5d401,https://web.archive.org/web/20241122045706id_/https://bikinlaper.com/wp-content/uploads/2024/04/Minuman-Khas-Arab-80x80.jpg,
cached,wp-content/uploads/2024/04/Minuman-Khas-Arab.jpg,https://bikinlaper.com/wp-content/uploads/2024/04/Minuman-Khas-Arab.jpg,20241122045305,image/jpeg,93873,20029f68d6e937d254b4fe20a5f0366cee7feccb42f3abf2060e465fc458392d,https://web.archive.org/web/20241122045305id_/https://bikinlaper.com/wp-content/uploads/2024/04/Minuman-Khas-Arab.jpg,
cached,wp-content/uploads/2024/04/cara-memasak-ikan-pating-400x240.jpeg,https://bikinlaper.com/wp-content/uploads/2024/04/cara-memasak-ikan-pating-400x240.jpeg,20241122035204,image/jpeg,26419,d11c3fae2fca167893d19d8ce5162dae948ad76d57c190efae9293d9311ae9cd,https://web.archive.org/web/20241122035204id_/https://bikinlaper.com/wp-content/uploads/2024/04/cara-memasak-ikan-pating-400x240.jpeg,
cached,wp-content/uploads/2024/04/cara-memasak-ikan-pating-590x354.jpeg,https://bikinlaper.com/wp-content/uploads/2024/04/cara-memasak-ikan-pating-590x354.jpeg,20241122035129,image/jpeg,50611,56c3fa88816851c66222be06a2dd4fce658dbdc24208a1efa846ce05c5ebc4ad,https://web.archive.org/web/20241122035129id_/https://bikinlaper.com/wp-content/uploads/2024/04/cara-memasak-ikan-pating-590x354.jpeg,
cached,wp-content/uploads/2024/04/franchise-es-teller-sultan-150x150.jpg,https://bikinlaper.com/wp-content/uploads/2024/04/franchise-es-teller-sultan-150x150.jpg,20241122045036,image/jpeg,5925,8379a4f0eaba3526d4e0fff91a90414b4d7ebe3c6ba42af1d9ff37ee08287d7a,https://web.archive.org/web/20241122045036id_/https://bikinlaper.com/wp-content/uploads/2024/04/franchise-es-teller-sultan-150x150.jpg,
cached,wp-content/uploads/2024/04/franchise-es-teller-sultan-300x168.jpg,https://bikinlaper.com/wp-content/uploads/2024/04/franchise-es-teller-sultan-300x168.jpg,20241122044606,image/jpeg,11643,eaba506e66809ce4cba45225f582953bb035828df7bfd4fc806a6f1cfc33b64c,https://web.archive.org/web/20241122044606id_/https://bikinlaper.com/wp-content/uploads/2024/04/franchise-es-teller-sultan-300x168.jpg,
cached,wp-content/uploads/2024/04/franchise-es-teller-sultan-400x240.jpg,https://bikinlaper.com/wp-content/uploads/2024/04/franchise-es-teller-sultan-400x240.jpg,20241122044936,image/jpeg,17752,29bf140d0e70ea5dacf0c69d600ee26db77f9b1504738bab5b8d83f40324fe5f,https://web.archive.org/web/20241122044936id_/https://bikinlaper.com/wp-content/uploads/2024/04/franchise-es-teller-sultan-400x240.jpg,
cached,wp-content/uploads/2024/04/franchise-es-teller-sultan-590x354.jpg,https://bikinlaper.com/wp-content/uploads/2024/04/franchise-es-teller-sultan-590x354.jpg,20241122045434,image/jpeg,31423,df85331ed34092a81cc7c75b84391295b4d0e33db0c5efd14130ee4664cd9b33,https://web.archive.org/web/20241122045434id_/https://bikinlaper.com/wp-content/uploads/2024/04/franchise-es-teller-sultan-590x354.jpg,
cached,wp-content/uploads/2024/04/franchise-es-teller-sultan-768x431.jpg,https://bikinlaper.com/wp-content/uploads/2024/04/franchise-es-teller-sultan-768x431.jpg,20241122050809,image/jpeg,44884,46f4b09eb70777a3a6858651ebbdc563d67322f21cf00ed6d7d8acc956eb093e,https://web.archive.org/web/20241122050809id_/https://bikinlaper.com/wp-content/uploads/2024/04/franchise-es-teller-sultan-768x431.jpg,
cached,wp-content/uploads/2024/04/franchise-es-teller-sultan-80x80.jpg,https://bikinlaper.com/wp-content/uploads/2024/04/franchise-es-teller-sultan-80x80.jpg,20241122051035,image/jpeg,2572,08cd12e0dd8bb6dd53200900a1b66e6538cef64950c4e959cf9c346092edc48b,https://web.archive.org/web/20241122051035id_/https://bikinlaper.com/wp-content/uploads/2024/04/franchise-es-teller-sultan-80x80.jpg,
cached,wp-content/uploads/2024/04/franchise-es-teller-sultan.jpg,https://bikinlaper.com/wp-content/uploads/2024/04/franchise-es-teller-sultan.jpg,20241122154336,image/jpeg,61427,e9c70bb0e73d0cc76648f8bcb4d0c996963e3829f146e90d95f46fc411e9c9ce,https://web.archive.org/web/20241122154336id_/https://bikinlaper.com/wp-content/uploads/2024/04/franchise-es-teller-sultan.jpg,
cached,wp-content/uploads/2024/04/nasi-kebuli-lebaran-1000x600.jpg,https://bikinlaper.com/wp-content/uploads/2024/04/nasi-kebuli-lebaran-1000x600.jpg,20241122041715,image/jpeg,140917,492f74a08328137beb2d9a09b13573f176fa7c0c9efb1350164cc9228094aebf,https://web.archive.org/web/20241122041715id_/https://bikinlaper.com/wp-content/uploads/2024/04/nasi-kebuli-lebaran-1000x600.jpg,
cached,wp-content/uploads/2024/04/nasi-kebuli-lebaran-400x240.jpg,https://bikinlaper.com/wp-content/uploads/2024/04/nasi-kebuli-lebaran-400x240.jpg,20241122035345,image/jpeg,33810,d6156110b2f1a48d246d6f111a9ab50b2eef28ba6fb13180f3b12e4e2349035b,https://web.archive.org/web/20241122035345id_/https://bikinlaper.com/wp-content/uploads/2024/04/nasi-kebuli-lebaran-400x240.jpg,
cached,wp-content/uploads/2024/04/nasi-kebuli-lebaran-590x354.jpg,https://bikinlaper.com/wp-content/uploads/2024/04/nasi-kebuli-lebaran-590x354.jpg,20241122041814,image/jpeg,63109,8aa66315c9aa2d71cdfe4f217b72a0444acb7982bac44ec059fdba26faab0d61,https://web.archive.org/web/20241122041814id_/https://bikinlaper.com/wp-content/uploads/2024/04/nasi-kebuli-lebaran-590x354.jpg,
cached,wp-content/uploads/2024/04/olahan-nasi-sisa-buat-cemilan-400x240.jpg,https://bikinlaper.com/wp-content/uploads/2024/04/olahan-nasi-sisa-buat-cemilan-400x240.jpg,20241122043019,image/jpeg,20837,47aa26a8255f544f0fa96ca78c3dcc93534c6419f3c021dac5cbf20aa546a85f,https://web.archive.org/web/20241122043019id_/https://bikinlaper.com/wp-content/uploads/2024/04/olahan-nasi-sisa-buat-cemilan-400x240.jpg,
cached,wp-content/uploads/2024/04/olahan-nasi-sisa-buat-cemilan-590x354.jpg,https://bikinlaper.com/wp-content/uploads/2024/04/olahan-nasi-sisa-buat-cemilan-590x354.jpg,20241122035251,image/jpeg,37144,cc20447b08658e0001aecd4c6e3b05d359e0aa0c1b89b7fc1958a802c21168d3,https://web.archive.org/web/20241122035251id_/https://bikinlaper.com/wp-content/uploads/2024/04/olahan-nasi-sisa-buat-cemilan-590x354.jpg,
cached,wp-content/uploads/2024/04/pexels-ekrulila-20243886-1000x600.jpg,https://bikinlaper.com/wp-content/uploads/2024/04/pexels-ekrulila-20243886-1000x600.jpg,20241122041336,image/jpeg,63583,1752b74b9372f9b94ff3580360de3009d04dda8b7565c9a44cdf35a3d39b6521,https://web.archive.org/web/20241122041336id_/https://bikinlaper.com/wp-content/uploads/2024/04/pexels-ekrulila-20243886-1000x600.jpg,
cached,wp-content/uploads/2024/04/pexels-ekrulila-20243886-1024x1536.jpg,https://bikinlaper.com/wp-content/uploads/2024/04/pexels-ekrulila-20243886-1024x1536.jpg,20241122041449,image/jpeg,166145,b8a1cd622c17ee4552033404d8fdf9f5a3dbcba784094d42f64fc711b497ee50,https://web.archive.org/web/20241122041449id_/https://bikinlaper.com/wp-content/uploads/2024/04/pexels-ekrulila-20243886-1024x1536.jpg,
cached,wp-content/uploads/2024/04/pexels-ekrulila-20243886-1365x2048.jpg,https://bikinlaper.com/wp-content/uploads/2024/04/pexels-ekrulila-20243886-1365x2048.jpg,20241122035935,image/jpeg,275100,80497188d7218dd97ed1f7a169c9c9fbb22c055d69f14c33b2fa1a57d6598914,https://web.archive.org/web/20241122035935id_/https://bikinlaper.com/wp-content/uploads/2024/04/pexels-ekrulila-20243886-1365x2048.jpg,
cached,wp-content/uploads/2024/04/pexels-ekrulila-20243886-200x300.jpg,https://bikinlaper.com/wp-content/uploads/2024/04/pexels-ekrulila-20243886-200x300.jpg,20241122035724,image/jpeg,14439,55bde03ab9a8fed5461f5ff3aefa3e8cb4d51e4bf79721f9a881b8863e5800f5,https://web.archive.org/web/20241122035724id_/https://bikinlaper.com/wp-content/uploads/2024/04/pexels-ekrulila-20243886-200x300.jpg,
cached,wp-content/uploads/2024/04/pexels-ekrulila-20243886-400x240.jpg,https://bikinlaper.com/wp-content/uploads/2024/04/pexels-ekrulila-20243886-400x240.jpg,20241122043430,image/jpeg,16134,5c936fa72dd0022b515b6f1da889cb448b0177539dbf4b9eb8d71833f19f0d3c,https://web.archive.org/web/20241122043430id_/https://bikinlaper.com/wp-content/uploads/2024/04/pexels-ekrulila-20243886-400x240.jpg,
cached,wp-content/uploads/2024/04/pexels-ekrulila-20243886-590x354.jpg,https://bikinlaper.com/wp-content/uploads/2024/04/pexels-ekrulila-20243886-590x354.jpg,20241122035830,image/jpeg,28562,fe403c7a08b5643b1e095f6302892545b6da3c2592706ca8bb807b52d31a89eb,https://web.archive.org/web/20241122035830id_/https://bikinlaper.com/wp-content/uploads/2024/04/pexels-ekrulila-20243886-590x354.jpg,
cached,wp-content/uploads/2024/04/pexels-ekrulila-20243886-683x1024.jpg,https://bikinlaper.com/wp-content/uploads/2024/04/pexels-ekrulila-20243886-683x1024.jpg,20241122040255,image/jpeg,85470,96bd54030463ac8fd22d5582fd0257843994a4a5e35d4d66b4c4f370690fe273,https://web.archive.org/web/20241122040255id_/https://bikinlaper.com/wp-content/uploads/2024/04/pexels-ekrulila-20243886-683x1024.jpg,
cached,wp-content/uploads/2024/04/pexels-ekrulila-20243886-768x1152.jpg,https://bikinlaper.com/wp-content/uploads/2024/04/pexels-ekrulila-20243886-768x1152.jpg,20241122045421,image/jpeg,103181,9e435d22dc671391bd2a02e7efef7122e785b8a1719484f9b1c5396f4e192dea,https://web.archive.org/web/20241122045421id_/https://bikinlaper.com/wp-content/uploads/2024/04/pexels-ekrulila-20243886-768x1152.jpg,
cached,wp-content/uploads/2024/04/pexels-ekrulila-20243886-scaled.jpg,https://bikinlaper.com/wp-content/uploads/2024/04/pexels-ekrulila-20243886-scaled.jpg,20241122035249,image/jpeg,428943,7214755cc271462bbbe5e708e42bc934aa5b3299763a8e209a82fd065c726095,https://web.archive.org/web/20241122035249id_/https://bikinlaper.com/wp-content/uploads/2024/04/pexels-ekrulila-20243886-scaled.jpg,
cached,wp-content/uploads/2024/04/resep-usus-bumbu-kuning-1_43-1000x600.jpeg,https://bikinlaper.com/wp-content/uploads/2024/04/resep-usus-bumbu-kuning-1_43-1000x600.jpeg,20241122051953,image/jpeg,113338,c86405c2894b28df0e21a45e182b9a1a3f700e44153609b397872c81633c705d,https://web.archive.org/web/20241122051953id_/https://bikinlaper.com/wp-content/uploads/2024/04/resep-usus-bumbu-kuning-1_43-1000x600.jpeg,
cached,wp-content/uploads/2024/04/resep-usus-bumbu-kuning-1_43-150x150.jpeg,https://bikinlaper.com/wp-content/uploads/2024/04/resep-usus-bumbu-kuning-1_43-150x150.jpeg,20241122045041,image/jpeg,7603,c0c185eef2b224db81b55adb1004be42e123ced8845c11b7da1afe54b342ad63,https://web.archive.org/web/20241122045041id_/https://bikinlaper.com/wp-content/uploads/2024/04/resep-usus-bumbu-kuning-1_43-150x150.jpeg,
cached,wp-content/uploads/2024/04/resep-usus-bumbu-kuning-1_43-400x240.jpeg,https://bikinlaper.com/wp-content/uploads/2024/04/resep-usus-bumbu-kuning-1_43-400x240.jpeg,20241122041711,image/jpeg,25902,38240e75deb1f95a9736f365bb391732386c9090b8a754cc272a52b021e02da8,https://web.archive.org/web/20241122041711id_/https://bikinlaper.com/wp-content/uploads/2024/04/resep-usus-bumbu-kuning-1_43-400x240.jpeg,
cached,wp-content/uploads/2024/04/resep-usus-bumbu-kuning-1_43-590x354.jpeg,https://bikinlaper.com/wp-content/uploads/2024/04/resep-usus-bumbu-kuning-1_43-590x354.jpeg,20241122035514,image/jpeg,49094,6d4365f035e8bc18d54eecf923da6426bbdd400e62907c8ea0701873da1f0e4d,https://web.archive.org/web/20241122035514id_/https://bikinlaper.com/wp-content/uploads/2024/04/resep-usus-bumbu-kuning-1_43-590x354.jpeg,
cached,wp-content/uploads/2024/04/resep-usus-bumbu-kuning-1_43-80x80.jpeg,https://bikinlaper.com/wp-content/uploads/2024/04/resep-usus-bumbu-kuning-1_43-80x80.jpeg,20241122054049,image/jpeg,3009,2cba9b7f72415352ef89211c9ccdb7d7c214a27ccb6ad124f810b0706f290f6b,https://web.archive.org/web/20241122054049id_/https://bikinlaper.com/wp-content/uploads/2024/04/resep-usus-bumbu-kuning-1_43-80x80.jpeg,
cached,wp-content/uploads/2024/04/sate-tegal-pak-ahmad-80x80.webp,https://bikinlaper.com/wp-content/uploads/2024/04/sate-tegal-pak-ahmad-80x80.webp,20241122052547,image/webp,2330,41befcbc99b3c4d880279d7f1799a5688237555f7d389cc358b106e66f32c1ba,https://web.archive.org/web/20241122052547id_/https://bikinlaper.com/wp-content/uploads/2024/04/sate-tegal-pak-ahmad-80x80.webp,
cached,wp-content/uploads/2024/04/sayur-tahu-ala-warteg-foto-resep-utama-150x150.jpg,https://bikinlaper.com/wp-content/uploads/2024/04/sayur-tahu-ala-warteg-foto-resep-utama-150x150.jpg,20241122062521,image/jpeg,6746,cf4123e4fd090f4d47a96b789d0c8514764713d8294059ddeee5faeb51d6b5b4,https://web.archive.org/web/20241122062521id_/https://bikinlaper.com/wp-content/uploads/2024/04/sayur-tahu-ala-warteg-foto-resep-utama-150x150.jpg,
cached,wp-content/uploads/2024/04/sayur-tahu-ala-warteg-foto-resep-utama-400x240.jpg,https://bikinlaper.com/wp-content/uploads/2024/04/sayur-tahu-ala-warteg-foto-resep-utama-400x240.jpg,20241122200315,image/jpeg,19286,8cffc83127466fce2658be7d0a78ef5d37752807d84d4fbf9880e76ea68d7d6f,https://web.archive.org/web/20241122200315id_/https://bikinlaper.com/wp-content/uploads/2024/04/sayur-tahu-ala-warteg-foto-resep-utama-400x240.jpg,
cached,wp-content/uploads/2024/04/sayur-tahu-ala-warteg-foto-resep-utama-590x354.jpg,https://bikinlaper.com/wp-content/uploads/2024/04/sayur-tahu-ala-warteg-foto-resep-utama-590x354.jpg,20241122052039,image/jpeg,36406,edf5c3345651beaf15c310fc67db35ba48e93ac9d8e5b49d4ae90a83eae53da0,https://web.archive.org/web/20241122052039id_/https://bikinlaper.com/wp-content/uploads/2024/04/sayur-tahu-ala-warteg-foto-resep-utama-590x354.jpg,
cached,wp-content/uploads/2024/04/sayur-tahu-ala-warteg-foto-resep-utama-80x80.jpg,https://bikinlaper.com/wp-content/uploads/2024/04/sayur-tahu-ala-warteg-foto-resep-utama-80x80.jpg,20241122044204,image/jpeg,2824,9dbab093eb3cc42f70c7998a9c38fd000807f25d479770f72f506f4e1af3cfcd,https://web.archive.org/web/20241122044204id_/https://bikinlaper.com/wp-content/uploads/2024/04/sayur-tahu-ala-warteg-foto-resep-utama-80x80.jpg,
cached,wp-content/uploads/2024/04/sayur-tahu-ala-warteg-foto-resep-utama.jpg,https://bikinlaper.com/wp-content/uploads/2024/04/sayur-tahu-ala-warteg-foto-resep-utama.jpg,20241122161651,image/jpeg,42286,5e253fbc1310d976a1eae9123950cafb2c68efec91706a3d9fd822e65436f12a,https://web.archive.org/web/20241122161651id_/https://bikinlaper.com/wp-content/uploads/2024/04/sayur-tahu-ala-warteg-foto-resep-utama.jpg,
cached,wp-content/uploads/2024/04/warteg-21-pulomas-150x150.jpg,https://bikinlaper.com/wp-content/uploads/2024/04/warteg-21-pulomas-150x150.jpg,20241122050036,image/jpeg,6849,2461fe0ed8d92b7e9d83890a031bc27e10acd5ff7f43d1de57004d2c2a2c8ec2,https://web.archive.org/web/20241122050036id_/https://bikinlaper.com/wp-content/uploads/2024/04/warteg-21-pulomas-150x150.jpg,
cached,wp-content/uploads/2024/05/es-cekek-150x150.webp,https://bikinlaper.com/wp-content/uploads/2024/05/es-cekek-150x150.webp,20241122053143,image/webp,3736,2a0b944bfbe8e143c43210957e0e37dc9327d8c405242208902ba4836123d193,https://web.archive.org/web/20241122053143id_/https://bikinlaper.com/wp-content/uploads/2024/05/es-cekek-150x150.webp,
cached,wp-content/uploads/2024/05/es-cekek-400x240.webp,https://bikinlaper.com/wp-content/uploads/2024/05/es-cekek-400x240.webp,20241122053227,image/webp,7780,7f0ba02ab63f25b003c3ee18a193be3838aaff9c2733326408aff31457f4f1cd,https://web.archive.org/web/20241122053227id_/https://bikinlaper.com/wp-content/uploads/2024/05/es-cekek-400x240.webp,
cached,wp-content/uploads/2024/05/es-cekek-590x354.webp,https://bikinlaper.com/wp-content/uploads/2024/05/es-cekek-590x354.webp,20241122045023,image/webp,12734,f1ea15aab483604262084c313ff1782ccd93da72631bb5166149268829c62716,https://web.archive.org/web/20241122045023id_/https://bikinlaper.com/wp-content/uploads/2024/05/es-cekek-590x354.webp,
cached,wp-content/uploads/2024/05/es-cekek-80x80.webp,https://bikinlaper.com/wp-content/uploads/2024/05/es-cekek-80x80.webp,20241122044232,image/webp,1638,7b8e8a3bd6089225729e23bf6865668d4960463890362b4d8c7c841b8971b72f,https://web.archive.org/web/20241122044232id_/https://bikinlaper.com/wp-content/uploads/2024/05/es-cekek-80x80.webp,
cached,wp-content/uploads/2024/05/keuntungan-franchise-rocket-chicken-1000x600.jpg,https://bikinlaper.com/wp-content/uploads/2024/05/keuntungan-franchise-rocket-chicken-1000x600.jpg,20241122053002,image/jpeg,117992,dd785708ba575e63957d172f05c40510878d53b7f3799b696d2cc36afb1c35ba,https://web.archive.org/web/20241122053002id_/https://bikinlaper.com/wp-content/uploads/2024/05/keuntungan-franchise-rocket-chicken-1000x600.jpg,
cached,wp-content/uploads/2024/05/keuntungan-franchise-rocket-chicken-150x150.jpg,https://bikinlaper.com/wp-content/uploads/2024/05/keuntungan-franchise-rocket-chicken-150x150.jpg,20241122050535,image/jpeg,7448,1ae525ea925fbd8c9cd92321d21e22a03537ea66d061dd0f57cba85f592000d9,https://web.archive.org/web/20241122050535id_/https://bikinlaper.com/wp-content/uploads/2024/05/keuntungan-franchise-rocket-chicken-150x150.jpg,
cached,wp-content/uploads/2024/05/keuntungan-franchise-rocket-chicken-300x300.jpg,https://bikinlaper.com/wp-content/uploads/2024/05/keuntungan-franchise-rocket-chicken-300x300.jpg,20241122044205,image/jpeg,23088,89298196e27ea270ae9262ddab569adf4c6f9f8ce7f2812a597d655a7abe8d42,https://web.archive.org/web/20241122044205id_/https://bikinlaper.com/wp-content/uploads/2024/05/keuntungan-franchise-rocket-chicken-300x300.jpg,
cached,wp-content/uploads/2024/05/keuntungan-franchise-rocket-chicken-400x240.jpg,https://bikinlaper.com/wp-content/uploads/2024/05/keuntungan-franchise-rocket-chicken-400x240.jpg,20241122055135,image/jpeg,27634,dac8ca7a29e3ce5e8f3c6adbe62c7d23f1da1c471633b73bdd47308ac5d640a8,https://web.archive.org/web/20241122055135id_/https://bikinlaper.com/wp-content/uploads/2024/05/keuntungan-franchise-rocket-chicken-400x240.jpg,
cached,wp-content/uploads/2024/05/keuntungan-franchise-rocket-chicken-590x354.jpg,https://bikinlaper.com/wp-content/uploads/2024/05/keuntungan-franchise-rocket-chicken-590x354.jpg,20241122044943,image/jpeg,51493,69a1463e5e1a495b221b65fbf4a64708d8961b681f6170a9762fc91e0be52cd2,https://web.archive.org/web/20241122044943id_/https://bikinlaper.com/wp-content/uploads/2024/05/keuntungan-franchise-rocket-chicken-590x354.jpg,
cached,wp-content/uploads/2024/05/keuntungan-franchise-rocket-chicken-768x768.jpg,https://bikinlaper.com/wp-content/uploads/2024/05/keuntungan-franchise-rocket-chicken-768x768.jpg,20241122053537,image/jpeg,98524,157cfaeebb1843fe945a7eb59c17303978a89e627194472f562e347d157d3afa,https://web.archive.org/web/20241122053537id_/https://bikinlaper.com/wp-content/uploads/2024/05/keuntungan-franchise-rocket-chicken-768x768.jpg,
cached,wp-content/uploads/2024/05/keuntungan-franchise-rocket-chicken-80x80.jpg,https://bikinlaper.com/wp-content/uploads/2024/05/keuntungan-franchise-rocket-chicken-80x80.jpg,20241122045403,image/jpeg,2894,c7bc7edf847085321de9b41c1ddc3a076eda693c48df324efa48dd03d057d874,https://web.archive.org/web/20241122045403id_/https://bikinlaper.com/wp-content/uploads/2024/05/keuntungan-franchise-rocket-chicken-80x80.jpg,
cached,wp-content/uploads/2024/05/keuntungan-franchise-rocket-chicken.jpg,https://bikinlaper.com/wp-content/uploads/2024/05/keuntungan-franchise-rocket-chicken.jpg,20241122205425,image/jpeg,123049,545e6cb9f7dd864bf545e7bf916a87af3c48405d2bdc8127c9e2daa7e223e3d5,https://web.archive.org/web/20241122205425id_/https://bikinlaper.com/wp-content/uploads/2024/05/keuntungan-franchise-rocket-chicken.jpg,
cached,wp-content/uploads/2024/05/siomay-mitra-150x150.webp,https://bikinlaper.com/wp-content/uploads/2024/05/siomay-mitra-150x150.webp,20241122044540,image/webp,7870,b4249b9efd7df35d9f1454499586ac8fa3bce6e187624ee3d9a0fcbef0749af7,https://web.archive.org/web/20241122044540id_/https://bikinlaper.com/wp-content/uploads/2024/05/siomay-mitra-150x150.webp,
cached,wp-content/uploads/2024/05/siomay-mitra-300x200.webp,https://bikinlaper.com/wp-content/uploads/2024/05/siomay-mitra-300x200.webp,20241122045721,image/webp,16730,f776339999470886381352873b69dff538e2f6ce8bb06297bebac3d2eb80d3d8,https://web.archive.org/web/20241122045721id_/https://bikinlaper.com/wp-content/uploads/2024/05/siomay-mitra-300x200.webp,
cached,wp-content/uploads/2024/05/siomay-mitra-400x240.webp,https://bikinlaper.com/wp-content/uploads/2024/05/siomay-mitra-400x240.webp,20241122041141,image/webp,23364,c2aca7ac5616a07ee3554b489e4e63bc7220b51bf17dcdb4590595e2ebff8d20,https://web.archive.org/web/20241122041141id_/https://bikinlaper.com/wp-content/uploads/2024/05/siomay-mitra-400x240.webp,
cached,wp-content/uploads/2024/05/siomay-mitra-590x354.webp,https://bikinlaper.com/wp-content/uploads/2024/05/siomay-mitra-590x354.webp,20241122045218,image/webp,36048,cc754094054abd8513f6115dac52dd92b0e6e7e83495c6f7ac886519dbbe3edd,https://web.archive.org/web/20241122045218id_/https://bikinlaper.com/wp-content/uploads/2024/05/siomay-mitra-590x354.webp,
cached,wp-content/uploads/2024/05/siomay-mitra-80x80.webp,https://bikinlaper.com/wp-content/uploads/2024/05/siomay-mitra-80x80.webp,20241122053325,image/webp,2826,d551cd9114bfb276045f2e26f6b6c76a6d0011449aba3b1277f3a9f444410941,https://web.archive.org/web/20241122053325id_/https://bikinlaper.com/wp-content/uploads/2024/05/siomay-mitra-80x80.webp,
cached,wp-content/uploads/2024/05/siomay-mitra.webp,https://bikinlaper.com/wp-content/uploads/2024/05/siomay-mitra.webp,20241122053220,image/webp,43162,0e2669b770975b2bc48c234f9aa460f90867483cc6f05ed075172dea56d61073,https://web.archive.org/web/20241122053220id_/https://bikinlaper.com/wp-content/uploads/2024/05/siomay-mitra.webp,
cached,wp-content/uploads/2024/06/mie-gacoan-400x240.webp,https://bikinlaper.com/wp-content/uploads/2024/06/mie-gacoan-400x240.webp,20241122043254,image/webp,26144,351d937fbbfa9a6e68cc74c4bdcbe8d6ab5367c70a28c07958f8299a81026959,https://web.archive.org/web/20241122043254id_/https://bikinlaper.com/wp-content/uploads/2024/06/mie-gacoan-400x240.webp,
cached,wp-content/uploads/2024/06/mie-gacoan-590x354.webp,https://bikinlaper.com/wp-content/uploads/2024/06/mie-gacoan-590x354.webp,20241122035907,image/webp,43838,686a3db6a5dc8ee7c7cbcd2f615b43f151f28e9e86d7176572479a68a0a8bfa7,https://web.archive.org/web/20241122035907id_/https://bikinlaper.com/wp-content/uploads/2024/06/mie-gacoan-590x354.webp,
cached,wp-content/uploads/2024/07/image1-12-1000x600.jpg,https://bikinlaper.com/wp-content/uploads/2024/07/image1-12-1000x600.jpg,20241123045353,image/jpeg,103554,0cbedcdea363865410c4375833476f92d50babfca93c9b88327ca4ab4c8652f6,https://web.archive.org/web/20241123045353id_/https://bikinlaper.com/wp-content/uploads/2024/07/image1-12-1000x600.jpg,
cached,wp-content/uploads/2024/07/image1-12-400x240.jpg,https://bikinlaper.com/wp-content/uploads/2024/07/image1-12-400x240.jpg,20241122045845,image/jpeg,27597,d5945810afd4cb41273c48acd87a2d3193dfea0c49534165a09b9c4197005654,https://web.archive.org/web/20241122045845id_/https://bikinlaper.com/wp-content/uploads/2024/07/image1-12-400x240.jpg,
cached,wp-content/uploads/2024/07/image1-12-590x354.jpg,https://bikinlaper.com/wp-content/uploads/2024/07/image1-12-590x354.jpg,20241122051240,image/jpeg,48783,553f47ccc114bfaa4e231b04e15f04603881a42871d7789dd3b94e42a25a7f2f,https://web.archive.org/web/20241122051240id_/https://bikinlaper.com/wp-content/uploads/2024/07/image1-12-590x354.jpg,
cached,wp-content/uploads/2024/09/WhatsApp-Image-2024-09-08-at-09.08.27-560x600.jpg,https://bikinlaper.com/wp-content/uploads/2024/09/WhatsApp-Image-2024-09-08-at-09.08.27-560x600.jpg,20241122050202,image/jpeg,76609,b9e0a5c52477ab5a24883df0fa2262e92aca4a8dc1fa522433b71059baeee93d,https://web.archive.org/web/20241122050202id_/https://bikinlaper.com/wp-content/uploads/2024/09/WhatsApp-Image-2024-09-08-at-09.08.27-560x600.jpg,
cached,wp-content/uploads/elementor/css/_queries/post-1698.css__q_f2ec4d6ed2.html,https://bikinlaper.com/wp-content/uploads/elementor/css/post-1698.css?ver=1721070391,20241122045014,text/html,1561,acfefcbbb771b5730793254ab2cdae3e4ad65bb894b51869264465e2c80073dc,https://web.archive.org/web/20241122045014id_/https://bikinlaper.com/wp-content/uploads/elementor/css/post-1698.css?ver=1721070391,
cached,wp-content/uploads/elementor/css/global__q_eb4b4f62bd.css,https://bikinlaper.com/wp-content/uploads/elementor/css/global.css?ver=1699634167,20231211142757,text/css,40207,7024ca2ecd37fa0508c6db2f5a783eac2759cd1413480d145087ac63c02009f0,https://web.archive.org/web/20231211142757id_/https://bikinlaper.com/wp-content/uploads/elementor/css/global.css?ver=1699634167,
cached,wp-content/uploads/elementor/css/post-1698.css,https://bikinlaper.com/wp-content/uploads/elementor/css/post-1698.css,20241122044819,text/css,11504,631564ad4793bfd76a52e20064b4051764ce3a64ff851e07f4c3fab9d95240af,https://web.archive.org/web/20241122044819id_/https://bikinlaper.com/wp-content/uploads/elementor/css/post-1698.css,
cached,wp-content/uploads/elementor/css/post-331.css,https://bikinlaper.com/wp-content/uploads/elementor/css/post-331.css,20241122045204,text/css,1205,221b559d358feff3efec391aed77d1479419efe7ad72a631a24120b140e20e60,https://web.archive.org/web/20241122045204id_/https://bikinlaper.com/wp-content/uploads/elementor/css/post-331.css,
cached,wp-content/uploads/elementor/css/post-331__q_9651cfba4a.css,https://bikinlaper.com/wp-content/uploads/elementor/css/post-331.css?ver=1699634166,20231211142724,text/css,1205,221b559d358feff3efec391aed77d1479419efe7ad72a631a24120b140e20e60,https://web.archive.org/web/20231211142724id_/https://bikinlaper.com/wp-content/uploads/elementor/css/post-331.css?ver=1699634166,
cached,wp-content/uploads/elementor/css/post-331__q_c457f8b3df.css,https://bikinlaper.com/wp-content/uploads/elementor/css/post-331.css?ver=1721070392,20241122055533,text/css,1205,221b559d358feff3efec391aed77d1479419efe7ad72a631a24120b140e20e60,https://web.archive.org/web/20241122055533id_/https://bikinlaper.com/wp-content/uploads/elementor/css/post-331.css?ver=1721070392,
cached,wp-content/uploads/elementor/css/post-587__q_8dc212753b.css,https://bikinlaper.com/wp-content/uploads/elementor/css/post-587.css?ver=1699634829,20231211145815,text/css,28035,52f4f6705e7e08033c359bd0628be2a68bd9cd1cbde8dcc8413e48699f864a5e,https://web.archive.org/web/20231211145815id_/https://bikinlaper.com/wp-content/uploads/elementor/css/post-587.css?ver=1699634829,
cached,wp-content/uploads/elementor/css/post-652__q_eb4b4f62bd.css,https://bikinlaper.com/wp-content/uploads/elementor/css/post-652.css?ver=1699634167,20231211142749,text/css,12143,948a8f2f16e294bbd0d70af6b7cb8b78d5e5257df00fc488b9114e8773d4a342,https://web.archive.org/web/20231211142749id_/https://bikinlaper.com/wp-content/uploads/elementor/css/post-652.css?ver=1699634167,
cached,wp-content/uploads/elementor/thumbs/Kopi-Janji-Jiwa-qlvoufkr6jh2i85austgau09yud7n8f1qjmryr6cnc.webp,https://bikinlaper.com/wp-content/uploads/elementor/thumbs/Kopi-Janji-Jiwa-qlvoufkr6jh2i85austgau09yud7n8f1qjmryr6cnc.webp,20241122052246,image/webp,33156,a8a18fbd066f3d7aac4bbc2c9673cafb346a4ab5d737042344036b243b34c814,https://web.archive.org/web/20241122052246id_/https://bikinlaper.com/wp-content/uploads/elementor/thumbs/Kopi-Janji-Jiwa-qlvoufkr6jh2i85austgau09yud7n8f1qjmryr6cnc.webp,
cached,wp-content/uploads/elementor/thumbs/warteg-putri-bahari-qepgw2aueqveccafblwk8p4ds75jwbrrp7hykijm2w.jpg,https://bikinlaper.com/wp-content/uploads/elementor/thumbs/warteg-putri-bahari-qepgw2aueqveccafblwk8p4ds75jwbrrp7hykijm2w.jpg,20241122044649,image/jpeg,43902,7ed21a944c310c8097b0c84766e4c5dc24290ba3959c55069713d34902961f04,https://web.archive.org/web/20241122044649id_/https://bikinlaper.com/wp-content/uploads/elementor/thumbs/warteg-putri-bahari-qepgw2aueqveccafblwk8p4ds75jwbrrp7hykijm2w.jpg,
cached,wp-includes/css/dashicons.min__q_8570b55ce0.css,https://bikinlaper.com/wp-includes/css/dashicons.min.css?ver=6.4.2,20231211142725,text/css,59016,c21e5a2b32c47bc5f9d9efc97bc0e29fd081946d1d3ebffc5621cfafb1d3960e,https://web.archive.org/web/20231211142725id_/https://bikinlaper.com/wp-includes/css/dashicons.min.css?ver=6.4.2,
cached,wp-includes/css/dist/block-library/style.min.css,https://bikinlaper.com/wp-includes/css/dist/block-library/style.min.css,20241122042543,text/css,110147,0085adfd2d08a45f62a06d8f3f969ddc4a94ebe8d226511db90aa038f11ed180,https://web.archive.org/web/20241122042543id_/https://bikinlaper.com/wp-includes/css/dist/block-library/style.min.css,
cached,wp-includes/css/dist/block-library/style.min__q_4998ba8b3f.css,https://bikinlaper.com/wp-includes/css/dist/block-library/style.min.css?ver=6.4.5,20241122041016,text/css,110147,0085adfd2d08a45f62a06d8f3f969ddc4a94ebe8d226511db90aa038f11ed180,https://web.archive.org/web/20241122041016id_/https://bikinlaper.com/wp-includes/css/dist/block-library/style.min.css?ver=6.4.5,
cached,wp-includes/css/dist/block-library/style.min__q_8570b55ce0.css,https://bikinlaper.com/wp-includes/css/dist/block-library/style.min.css?ver=6.4.2,20231211142725,text/css,110035,698b89c0da3d319754d6a837b5e6d4e6a42dc402d9ffd7559b8c4cb29c644340,https://web.archive.org/web/20231211142725id_/https://bikinlaper.com/wp-includes/css/dist/block-library/style.min.css?ver=6.4.2,
cached,wp-includes/fonts/dashicons__q_a76198cdf9.eot,https://bikinlaper.com/wp-includes/fonts/dashicons.eot?99ac726223c749443b642ce33df8b800,20231211142727,application/vnd.ms-fontobject,56564,c04a6545ea1a3860f6c8eb4b9eed8191d857dbf2716b812c816cae8e40bbea7a,https://web.archive.org/web/20231211142727id_/https://bikinlaper.com/wp-includes/fonts/dashicons.eot?99ac726223c749443b642ce33df8b800,
cached,wp-includes/js/comment-reply.min.js,https://bikinlaper.com/wp-includes/js/comment-reply.min.js,20241122034907,text/javascript,2981,e174a58a503ab84b3d1b9de12fd3895788204485170f1289e445f7b5b98ec789,https://web.archive.org/web/20241122034907id_/https://bikinlaper.com/wp-includes/js/comment-reply.min.js,
cached,wp-includes/js/comment-reply.min__q_4998ba8b3f.js,https://bikinlaper.com/wp-includes/js/comment-reply.min.js?ver=6.4.5,20241122040758,text/javascript,2981,e174a58a503ab84b3d1b9de12fd3895788204485170f1289e445f7b5b98ec789,https://web.archive.org/web/20241122040758id_/https://bikinlaper.com/wp-includes/js/comment-reply.min.js?ver=6.4.5,
cached,wp-includes/js/comment-reply.min__q_8570b55ce0.js,https://bikinlaper.com/wp-includes/js/comment-reply.min.js?ver=6.4.2,20231211142723,application/javascript,2981,e174a58a503ab84b3d1b9de12fd3895788204485170f1289e445f7b5b98ec789,https://web.archive.org/web/20231211142723id_/https://bikinlaper.com/wp-includes/js/comment-reply.min.js?ver=6.4.2,
cached,wp-includes/js/dist/hooks.min.js,https://bikinlaper.com/wp-includes/js/dist/hooks.min.js,20241122052442,text/javascript,4627,7868467c94a5aa0b3f11ef542f45287967f9627b3b5acdc86e47f8f77a126596,https://web.archive.org/web/20241122052442id_/https://bikinlaper.com/wp-includes/js/dist/hooks.min.js,
cached,wp-includes/js/dist/hooks.min__q_f57f717cc4.js,https://bikinlaper.com/wp-includes/js/dist/hooks.min.js?ver=c6aec9a8d4e5a5d543a1,20241122044336,text/javascript,4627,7868467c94a5aa0b3f11ef542f45287967f9627b3b5acdc86e47f8f77a126596,https://web.archive.org/web/20241122044336id_/https://bikinlaper.com/wp-includes/js/dist/hooks.min.js?ver=c6aec9a8d4e5a5d543a1,
cached,wp-includes/js/dist/i18n.min__q_7535f82799.js,https://bikinlaper.com/wp-includes/js/dist/i18n.min.js?ver=7701b0c3857f914212ef,20241122045721,text/javascript,9445,698e93fe491cc7bbf07a470579a33dbd0db53c19142b7be41ebfd39a23aef11f,https://web.archive.org/web/20241122045721id_/https://bikinlaper.com/wp-includes/js/dist/i18n.min.js?ver=7701b0c3857f914212ef,
cached,wp-includes/js/dist/vendor/regenerator-runtime.min.js,https://bikinlaper.com/wp-includes/js/dist/vendor/regenerator-runtime.min.js,20241122065537,text/javascript,6625,1d52e1ac7d3bc25a8b0ffc257153f9dd50249f96fe9a4df5e0d771241a69062c,https://web.archive.org/web/20241122065537id_/https://bikinlaper.com/wp-includes/js/dist/vendor/regenerator-runtime.min.js,
cached,wp-includes/js/dist/vendor/regenerator-runtime.min__q_31365527ca.js,https://bikinlaper.com/wp-includes/js/dist/vendor/regenerator-runtime.min.js?ver=0.14.0,20241122053754,text/javascript,6625,1d52e1ac7d3bc25a8b0ffc257153f9dd50249f96fe9a4df5e0d771241a69062c,https://web.archive.org/web/20241122053754id_/https://bikinlaper.com/wp-includes/js/dist/vendor/regenerator-runtime.min.js?ver=0.14.0,
cached,wp-includes/js/dist/vendor/wp-polyfill-inert.min.js,https://bikinlaper.com/wp-includes/js/dist/vendor/wp-polyfill-inert.min.js,20241122044022,text/javascript,8171,c1a9a3e223bad631dff12d33b5499eb145cb08d8621c20d9d73870e78d97afe4,https://web.archive.org/web/20241122044022id_/https://bikinlaper.com/wp-includes/js/dist/vendor/wp-polyfill-inert.min.js,
cached,wp-includes/js/dist/vendor/wp-polyfill-inert.min__q_fbf6d0e5ff.js,https://bikinlaper.com/wp-includes/js/dist/vendor/wp-polyfill-inert.min.js?ver=3.1.2,20241122044057,text/javascript,8171,c1a9a3e223bad631dff12d33b5499eb145cb08d8621c20d9d73870e78d97afe4,https://web.archive.org/web/20241122044057id_/https://bikinlaper.com/wp-includes/js/dist/vendor/wp-polyfill-inert.min.js?ver=3.1.2,
cached,wp-includes/js/dist/vendor/wp-polyfill.min.js,https://bikinlaper.com/wp-includes/js/dist/vendor/wp-polyfill.min.js,20241122055709,text/javascript,115127,da9ed5720b674f0d297fe621ac2d8d518c4e622bef1e9b0d4ae489dee9aa43f8,https://web.archive.org/web/20241122055709id_/https://bikinlaper.com/wp-includes/js/dist/vendor/wp-polyfill.min.js,
cached,wp-includes/js/dist/vendor/wp-polyfill.min__q_004f979ac5.js,https://bikinlaper.com/wp-includes/js/dist/vendor/wp-polyfill.min.js?ver=3.15.0,20241122045043,text/javascript,115127,da9ed5720b674f0d297fe621ac2d8d518c4e622bef1e9b0d4ae489dee9aa43f8,https://web.archive.org/web/20241122045043id_/https://bikinlaper.com/wp-includes/js/dist/vendor/wp-polyfill.min.js?ver=3.15.0,
cached,wp-includes/js/jquery/jquery-migrate.min.js,https://bikinlaper.com/wp-includes/js/jquery/jquery-migrate.min.js,20241122055526,text/javascript,13577,5274f11e6fb32ae0cf2dfb9f8043272865c397a7c4223b4cfa7d50ea52fbde89,https://web.archive.org/web/20241122055526id_/https://bikinlaper.com/wp-includes/js/jquery/jquery-migrate.min.js,
cached,wp-includes/js/jquery/jquery-migrate.min__q_ed1ec5e4c7.js,https://bikinlaper.com/wp-includes/js/jquery/jquery-migrate.min.js?ver=3.4.1,20241122035220,text/javascript,13577,5274f11e6fb32ae0cf2dfb9f8043272865c397a7c4223b4cfa7d50ea52fbde89,https://web.archive.org/web/20241122035220id_/https://bikinlaper.com/wp-includes/js/jquery/jquery-migrate.min.js?ver=3.4.1,
cached,wp-includes/js/jquery/jquery.min.js,https://bikinlaper.com/wp-includes/js/jquery/jquery.min.js,20241122040054,text/javascript,87553,cb6f2d32c49d1c2b25e9ffc9aaafa3f83075346c01bcd4ae6eb187392a4292cf,https://web.archive.org/web/20241122040054id_/https://bikinlaper.com/wp-includes/js/jquery/jquery.min.js,
cached,wp-includes/js/jquery/jquery.min__q_c8a53ae4de.js,https://bikinlaper.com/wp-includes/js/jquery/jquery.min.js?ver=3.7.1,20241122041333,text/javascript,87553,cb6f2d32c49d1c2b25e9ffc9aaafa3f83075346c01bcd4ae6eb187392a4292cf,https://web.archive.org/web/20241122041333id_/https://bikinlaper.com/wp-includes/js/jquery/jquery.min.js?ver=3.7.1,
cached,wp-includes/js/jquery/ui/core.min.js,https://bikinlaper.com/wp-includes/js/jquery/ui/core.min.js,20241122034757,text/javascript,21438,ca7dce2391845e8aec7da135f33fabd10f74eed28a532ac66fd01f761fcfb42f,https://web.archive.org/web/20241122034757id_/https://bikinlaper.com/wp-includes/js/jquery/ui/core.min.js,
cached,wp-includes/js/jquery/ui/core.min__q_f28e234608.js,https://bikinlaper.com/wp-includes/js/jquery/ui/core.min.js?ver=1.13.2,20241122041304,text/javascript,21438,ca7dce2391845e8aec7da135f33fabd10f74eed28a532ac66fd01f761fcfb42f,https://web.archive.org/web/20241122041304id_/https://bikinlaper.com/wp-includes/js/jquery/ui/core.min.js?ver=1.13.2,
cached,wp-includes/js/jquery/ui/effect-slide.min__q_f28e234608.js,https://bikinlaper.com/wp-includes/js/jquery/ui/effect-slide.min.js?ver=1.13.2,20231211142722,application/javascript,901,050911cb6d3880ea373bc5f7a22b4c50a4e1a1cf6ba38c885eee7a3bac854414,https://web.archive.org/web/20231211142722id_/https://bikinlaper.com/wp-includes/js/jquery/ui/effect-slide.min.js?ver=1.13.2,
cached,wp-includes/js/jquery/ui/effect.min__q_f28e234608.js,https://bikinlaper.com/wp-includes/js/jquery/ui/effect.min.js?ver=1.13.2,20231211142724,application/javascript,17334,e01066b294dfd407a252a6a27d433b576931311f83b52352633bd6a1a3ae16cf,https://web.archive.org/web/20231211142724id_/https://bikinlaper.com/wp-includes/js/jquery/ui/effect.min.js?ver=1.13.2,
cached,wp-includes/js/thickbox/thickbox__q_1caa352a41.js,https://bikinlaper.com/wp-includes/js/thickbox/thickbox.js?ver=3.1-20121105,20231211142722,application/javascript,13242,c0e09e793fb79507dc97ed702a4c2c9c00ab4d1677bd45bcd112e203c96dd661,https://web.archive.org/web/20231211142722id_/https://bikinlaper.com/wp-includes/js/thickbox/thickbox.js?ver=3.1-20121105,
cached,wp-includes/js/thickbox/thickbox__q_8570b55ce0.css,https://bikinlaper.com/wp-includes/js/thickbox/thickbox.css?ver=6.4.2,20231211142726,text/css,2659,b390a3efe231d9f38b3a706a5765a2a2f0817e761f60a27556171e9a276980e3,https://web.archive.org/web/20231211142726id_/https://bikinlaper.com/wp-includes/js/thickbox/thickbox.css?ver=6.4.2,
cached,wp-includes/js/underscore.min__q_cf5af1e61b.js,https://bikinlaper.com/wp-includes/js/underscore.min.js?ver=1.13.4,20231211142722,application/javascript,18833,726b820e44f6ab90ad991d30a4bf26d3a5d71493cbcd1fb1efd0d14e89b9df2a,https://web.archive.org/web/20231211142722id_/https://bikinlaper.com/wp-includes/js/underscore.min.js?ver=1.13.4,
cached,wp-includes/js/wp-util.min__q_8570b55ce0.js,https://bikinlaper.com/wp-includes/js/wp-util.min.js?ver=6.4.2,20231211142723,application/javascript,1426,3bc6467a95cec8fa516c6f5f69e1301e37e16f9bb1046fe7756729249f901b95,https://web.archive.org/web/20231211142723id_/https://bikinlaper.com/wp-includes/js/wp-util.min.js?ver=6.4.2,
cached,wp-json/index.html,https://bikinlaper.com/wp-json/,20241122062053,text/html,1412,e628f7d5bcab6ad5977cc36b50022041942e48d30e25f0975ad3380b14afc706,https://web.archive.org/web/20241122062053id_/https://bikinlaper.com/wp-json/,
cached,wp-json/oembed/1.0/embed__q_02af380235.xml,https://bikinlaper.com/wp-json/oembed/1.0/embed?url=https%3A%2F%2Fbikinlaper.com%2Fpengalaman-menjalani-bisnis-franchise-warteg-sukses-tantangan-dan-tips%2F&format=xml,20231211211348,text/xml,3120,6f4251611cbed342593a30affe95524a99c40a7a92747963f1acf2d76bb63a10,https://web.archive.org/web/20231211211348id_/https://bikinlaper.com/wp-json/oembed/1.0/embed?url=https%3A%2F%2Fbikinlaper.com%2Fpengalaman-menjalani-bisnis-franchise-warteg-sukses-tantangan-dan-tips%2F&format=xml,
cached,wp-json/oembed/1.0/embed__q_078851e904.json,https://bikinlaper.com/wp-json/oembed/1.0/embed?url=https%3A%2F%2Fbikinlaper.com%2Fbisnis-waralaba-yang-lagi-trend-2023-ini-panduan-lengkap-memilih-usaha-waralaba-yang-sukses%2F,20231226141415,application/json,3055,ab97300eb55516da0fcfab567e1e4851d9bf46f5b81be6486835192016970f69,https://web.archive.org/web/20231226141415id_/https://bikinlaper.com/wp-json/oembed/1.0/embed?url=https%3A%2F%2Fbikinlaper.com%2Fbisnis-waralaba-yang-lagi-trend-2023-ini-panduan-lengkap-memilih-usaha-waralaba-yang-sukses%2F,
cached,wp-json/oembed/1.0/embed__q_07c30a041d.json,https://bikinlaper.com/wp-json/oembed/1.0/embed?url=https%3A%2F%2Fbikinlaper.com%2Fmengulik-jejak-sejarah-warteg-di-indonesia-dari-kaki-lima-hingga-kuliner-ikonik%2F,20231211211353,application/json,2972,a77113944b29a59d0e3a97a1ee095532e897a9df71918bcb550f3193314d0d80,https://web.archive.org/web/20231211211353id_/https://bikinlaper.com/wp-json/oembed/1.0/embed?url=https%3A%2F%2Fbikinlaper.com%2Fmengulik-jejak-sejarah-warteg-di-indonesia-dari-kaki-lima-hingga-kuliner-ikonik%2F,
cached,wp-json/oembed/1.0/embed__q_08b4719181.json,https://bikinlaper.com/wp-json/oembed/1.0/embed?url=https%3A%2F%2Fbikinlaper.com%2Fkelezatan-ayam-kalasan-membahas-hidangan-ikonik-dari-yogyakarta%2F,20231211154247,application/json,2913,0ddf17577ca6b9611fad2eb292c06866c48d4ecf2e8c3025b0700266b8b714af,https://web.archive.org/web/20231211154247id_/https://bikinlaper.com/wp-json/oembed/1.0/embed?url=https%3A%2F%2Fbikinlaper.com%2Fkelezatan-ayam-kalasan-membahas-hidangan-ikonik-dari-yogyakarta%2F,
cached,wp-json/oembed/1.0/embed__q_14e96f7474.json,https://bikinlaper.com/wp-json/oembed/1.0/embed?url=https%3A%2F%2Fbikinlaper.com%2Fmencari-warung-makan-terdekat-panduan-lengkap%2F,20231211211345,application/json,2826,6bcfd0563c61a5ffe6f36506460983f8685ebc92130016aca403d47f1e7471b3,https://web.archive.org/web/20231211211345id_/https://bikinlaper.com/wp-json/oembed/1.0/embed?url=https%3A%2F%2Fbikinlaper.com%2Fmencari-warung-makan-terdekat-panduan-lengkap%2F,
cached,wp-json/oembed/1.0/embed__q_19efe02b12.xml,https://bikinlaper.com/wp-json/oembed/1.0/embed?url=https%3A%2F%2Fbikinlaper.com%2Fresep-makanan-yang-bikin-laper-di-tahun-2024%2F&format=xml,20231226141424,text/xml,2969,0c8d95ceecfe97bd8a94c933ca1b67ea37d8d1723c67fc7564af2084729f399b,https://web.archive.org/web/20231226141424id_/https://bikinlaper.com/wp-json/oembed/1.0/embed?url=https%3A%2F%2Fbikinlaper.com%2Fresep-makanan-yang-bikin-laper-di-tahun-2024%2F&format=xml,
cached,wp-json/oembed/1.0/embed__q_19f57fc82c.xml,https://bikinlaper.com/wp-json/oembed/1.0/embed?url=https%3A%2F%2Fbikinlaper.com%2Fapakah-bisnis-warteg-bisa-untung-panduan-lengkap-untuk-sukses-di-dunia-kuliner%2F&format=xml,20231226150825,text/xml,3178,cc5890c778bcdb9adcb9b1057e701877b13b9370ae9b6d9f8ff718fb62dd042d,https://web.archive.org/web/20231226150825id_/https://bikinlaper.com/wp-json/oembed/1.0/embed?url=https%3A%2F%2Fbikinlaper.com%2Fapakah-bisnis-warteg-bisa-untung-panduan-lengkap-untuk-sukses-di-dunia-kuliner%2F&format=xml,
cached,wp-json/oembed/1.0/embed__q_1f0324799a.xml,https://bikinlaper.com/wp-json/oembed/1.0/embed?url=https%3A%2F%2Fbikinlaper.com%2Fangkringan-lik-man-mengungkap-keunikan-warung-kopi-khas-yogyakarta-yang-melegenda%2F&format=xml,20231226141428,text/xml,3175,4456aabe4d529aa353e534409efe8dee436aa820d86866fca68b4f2e6c9d99ed,https://web.archive.org/web/20231226141428id_/https://bikinlaper.com/wp-json/oembed/1.0/embed?url=https%3A%2F%2Fbikinlaper.com%2Fangkringan-lik-man-mengungkap-keunikan-warung-kopi-khas-yogyakarta-yang-melegenda%2F&format=xml,
cached,wp-json/oembed/1.0/embed__q_24b0c3c4fc.xml,https://bikinlaper.com/wp-json/oembed/1.0/embed?url=https%3A%2F%2Fbikinlaper.com%2Ftengkleng-pak-manto-menyelami-kelezatan-kuliner-tradisional-di-surabaya%2F&format=xml,20231211154316,text/xml,3126,7e3713cf8786e88930852a86ac510ede877e319b6fcde112800caf8f03a8e90e,https://web.archive.org/web/20231211154316id_/https://bikinlaper.com/wp-json/oembed/1.0/embed?url=https%3A%2F%2Fbikinlaper.com%2Ftengkleng-pak-manto-menyelami-kelezatan-kuliner-tradisional-di-surabaya%2F&format=xml,
cached,wp-json/oembed/1.0/embed__q_2cd90654c8.json,https://bikinlaper.com/wp-json/oembed/1.0/embed?url=https%3A%2F%2Fbikinlaper.com%2F,20231211145734,application/json,2654,b8688bff8ece332e238cbbd6ce276536f06385baf8b14c3fd55f7dfbe96b8135,https://web.archive.org/web/20231211145734id_/https://bikinlaper.com/wp-json/oembed/1.0/embed?url=https%3A%2F%2Fbikinlaper.com%2F,
cached,wp-json/oembed/1.0/embed__q_31c85f8d88.json,https://bikinlaper.com/wp-json/oembed/1.0/embed?url=https%3A%2F%2Fbikinlaper.com%2Fmengungkap-sistem-bisnis-warteg-kharisma-bahari-kelezatan-dalam-setiap-sajian%2F,20231227123735,application/json,2993,6bc311b6d72b888dc8e5d2064c4f8285b0c2fef6199dbfdf264908dc402cec9f,https://web.archive.org/web/20231227123735id_/https://bikinlaper.com/wp-json/oembed/1.0/embed?url=https%3A%2F%2Fbikinlaper.com%2Fmengungkap-sistem-bisnis-warteg-kharisma-bahari-kelezatan-dalam-setiap-sajian%2F,
cached,wp-json/oembed/1.0/embed__q_32b3f410a4.json,https://bikinlaper.com/wp-json/oembed/1.0/embed?url=https%3A%2F%2Fbikinlaper.com%2Fmenemukan-kelezatan-di-ketinggian-rekomendasi-rumah-makan-di-puncak-bogor%2F,20231211145801,application/json,2957,2de3135de76e2bbd0eb35b0b5ce31f3748f075963e4383fea2f889fb4a940fad,https://web.archive.org/web/20231211145801id_/https://bikinlaper.com/wp-json/oembed/1.0/embed?url=https%3A%2F%2Fbikinlaper.com%2Fmenemukan-kelezatan-di-ketinggian-rekomendasi-rumah-makan-di-puncak-bogor%2F,
cached,wp-json/oembed/1.0/embed__q_332bb6ff4c.json,https://bikinlaper.com/wp-json/oembed/1.0/embed?url=https%3A%2F%2Fbikinlaper.com%2Fapakah-bisnis-warteg-bisa-untung-panduan-lengkap-untuk-sukses-di-dunia-kuliner%2F,20231226150825,application/json,3006,862242ff3a68a46c4e884aa4b0ce04c530b55c17d86852c72a21638657cc0cb8,https://web.archive.org/web/20231226150825id_/https://bikinlaper.com/wp-json/oembed/1.0/embed?url=https%3A%2F%2Fbikinlaper.com%2Fapakah-bisnis-warteg-bisa-untung-panduan-lengkap-untuk-sukses-di-dunia-kuliner%2F,
cached,wp-json/oembed/1.0/embed__q_412774d2d2.xml,https://bikinlaper.com/wp-json/oembed/1.0/embed?url=https%3A%2F%2Fbikinlaper.com%2Fmengungkap-sistem-bisnis-warteg-kharisma-bahari-kelezatan-dalam-setiap-sajian%2F&format=xml,20231227123736,text/xml,3169,bff11d780813d09089643e2b152602df77eb6d2f6aef0551ab64da9f0ae7c95f,https://web.archive.org/web/20231227123736id_/https://bikinlaper.com/wp-json/oembed/1.0/embed?url=https%3A%2F%2Fbikinlaper.com%2Fmengungkap-sistem-bisnis-warteg-kharisma-bahari-kelezatan-dalam-setiap-sajian%2F&format=xml,
cached,wp-json/oembed/1.0/embed__q_42ec240917.json,https://bikinlaper.com/wp-json/oembed/1.0/embed?url=https%3A%2F%2Fbikinlaper.com%2Fmemahami-tren-kuliner-2024-keunikan-dan-kesejahteraan-dalam-setiap-sajian%2F,20240123090809,application/json,2970,383bcb13a4ac034eeee3ecc8ed1fc70ccc8baefa079edd50c67552c72cc1d108,https://web.archive.org/web/20240123090809id_/https://bikinlaper.com/wp-json/oembed/1.0/embed?url=https%3A%2F%2Fbikinlaper.com%2Fmemahami-tren-kuliner-2024-keunikan-dan-kesejahteraan-dalam-setiap-sajian%2F,
cached,wp-json/oembed/1.0/embed__q_4504eeab7a.json,https://bikinlaper.com/wp-json/oembed/1.0/embed?url=https%3A%2F%2Fbikinlaper.com%2Fmenjelajahi-kelezatan-kuliner-bandung-surga-kuliner-di-jawa-barat%2F,20231211154301,application/json,2953,f21710c0031f8399361ad508c8ba736adfae5b7abd7b62c585e7600ac487cfd7,https://web.archive.org/web/20231211154301id_/https://bikinlaper.com/wp-json/oembed/1.0/embed?url=https%3A%2F%2Fbikinlaper.com%2Fmenjelajahi-kelezatan-kuliner-bandung-surga-kuliner-di-jawa-barat%2F,
cached,wp-json/oembed/1.0/embed__q_4ce1cef674.json,https://bikinlaper.com/wp-json/oembed/1.0/embed?url=https%3A%2F%2Fbikinlaper.com%2Fmenikmati-kelezatan-jajanan-khas-jawa-barat-warisan-kuliner-yang-menggoda%2F,20231226141341,application/json,2958,ec3b580e45529c6b6fd9ab06e5db869145b3480cb2b50cf5b9bb18ff1d07c9c3,https://web.archive.org/web/20231226141341id_/https://bikinlaper.com/wp-json/oembed/1.0/embed?url=https%3A%2F%2Fbikinlaper.com%2Fmenikmati-kelezatan-jajanan-khas-jawa-barat-warisan-kuliner-yang-menggoda%2F,
cached,wp-json/oembed/1.0/embed__q_54255edffb.json,https://bikinlaper.com/wp-json/oembed/1.0/embed?url=https%3A%2F%2Fbikinlaper.com%2Fusaha-kuliner-menyajikan-kelezatan-dan-keberagaman-dalam-industri-makanan%2F,20231211154315,application/json,2950,4d72e4808725fe894bcf5b0ee68f387742dafb3160ff74d8c5e74e339086e6c7,https://web.archive.org/web/20231211154315id_/https://bikinlaper.com/wp-json/oembed/1.0/embed?url=https%3A%2F%2Fbikinlaper.com%2Fusaha-kuliner-menyajikan-kelezatan-dan-keberagaman-dalam-industri-makanan%2F,
cached,wp-json/oembed/1.0/embed__q_5790ad4221.json,https://bikinlaper.com/wp-json/oembed/1.0/embed?url=https%3A%2F%2Fbikinlaper.com%2Fmakanan-natal-sehat-menyajikan-kelezatan-tanpa-merugikan-kesehatan-anda%2F,20231226145846,application/json,2963,900d8e606d305c8ab248f3006304ce79b137700dad8c9cc6ba113e6253967df3,https://web.archive.org/web/20231226145846id_/https://bikinlaper.com/wp-json/oembed/1.0/embed?url=https%3A%2F%2Fbikinlaper.com%2Fmakanan-natal-sehat-menyajikan-kelezatan-tanpa-merugikan-kesehatan-anda%2F,
cached,wp-json/oembed/1.0/embed__q_5eaf31cdb2.xml,https://bikinlaper.com/wp-json/oembed/1.0/embed?url=https%3A%2F%2Fbikinlaper.com%2Fmenjelajahi-kelezatan-makanan-oriental-kumpulan-hidangan-ikonik-dan-asal-negaranya%2F&format=xml,20240123090820,text/xml,3189,c20d238892455b0dd91bf55b9ae44ae1236c272fa1bb8a274277124f80a3c41b,https://web.archive.org/web/20240123090820id_/https://bikinlaper.com/wp-json/oembed/1.0/embed?url=https%3A%2F%2Fbikinlaper.com%2Fmenjelajahi-kelezatan-makanan-oriental-kumpulan-hidangan-ikonik-dan-asal-negaranya%2F&format=xml,
cached,wp-json/oembed/1.0/embed__q_60af2aaba6.xml,https://bikinlaper.com/wp-json/oembed/1.0/embed?url=https%3A%2F%2Fbikinlaper.com%2Fmenjelajahi-kelezatan-kuliner-bandung-surga-kuliner-di-jawa-barat%2F&format=xml,20231211145808,text/xml,3125,99e50855e5a755591b47afad8fce798ac22e0e0122937dfbae6889ded56d5ec6,https://web.archive.org/web/20231211145808id_/https://bikinlaper.com/wp-json/oembed/1.0/embed?url=https%3A%2F%2Fbikinlaper.com%2Fmenjelajahi-kelezatan-kuliner-bandung-surga-kuliner-di-jawa-barat%2F&format=xml,
cached,wp-json/oembed/1.0/embed__q_64757898b8.xml,https://bikinlaper.com/wp-json/oembed/1.0/embed?url=https%3A%2F%2Fbikinlaper.com%2Ffranchise-warteg-terkenal-di-indonesia-menjelajahi-peluang-bisnis-kuliner-yang-menguntungkan%2F&format=xml,20231211145753,text/xml,3238,287cdc24430a72d386ac4656d9c905ed31fa602c4b53ea7569fb79276926cee9,https://web.archive.org/web/20231211145753id_/https://bikinlaper.com/wp-json/oembed/1.0/embed?url=https%3A%2F%2Fbikinlaper.com%2Ffranchise-warteg-terkenal-di-indonesia-menjelajahi-peluang-bisnis-kuliner-yang-menguntungkan%2F&format=xml,
cached,wp-json/oembed/1.0/embed__q_6ac432e4d5.xml,https://bikinlaper.com/wp-json/oembed/1.0/embed?url=https%3A%2F%2Fbikinlaper.com%2Fbisnis-kuliner-terlaris-kiat-sukses-membangun-bisnis-kuliner-yang-mendominasi-pasar%2F&format=xml,20240123090807,text/xml,3269,46880c98af931cec8b2344de9c6bbe6c9e27de4f4c5c95e9739347348b6f641c,https://web.archive.org/web/20240123090807id_/https://bikinlaper.com/wp-json/oembed/1.0/embed?url=https%3A%2F%2Fbikinlaper.com%2Fbisnis-kuliner-terlaris-kiat-sukses-membangun-bisnis-kuliner-yang-mendominasi-pasar%2F&format=xml,
cached,wp-json/oembed/1.0/embed__q_6c61f972b9.json,https://bikinlaper.com/wp-json/oembed/1.0/embed?url=https%3A%2F%2Fbikinlaper.com%2Fmakan-apa-hari-ini-10-ide-menu-lezat-untuk-harimu%2F,20231226141341,application/json,2843,7b75501383138e016f6fc74073289ffb86ee60e53d7ad233eade73373ad15d6b,https://web.archive.org/web/20231226141341id_/https://bikinlaper.com/wp-json/oembed/1.0/embed?url=https%3A%2F%2Fbikinlaper.com%2Fmakan-apa-hari-ini-10-ide-menu-lezat-untuk-harimu%2F,
cached,wp-json/oembed/1.0/embed__q_71b0cc2c8b.xml,https://bikinlaper.com/wp-json/oembed/1.0/embed?url=https%3A%2F%2Fbikinlaper.com%2Fmengulik-jejak-sejarah-warteg-di-indonesia-dari-kaki-lima-hingga-kuliner-ikonik%2F&format=xml,20231211154308,text/xml,3144,d024f54312adc7a35294e1f3366c2f2d98d835dc4d1af839bb20b11bf6426624,https://web.archive.org/web/20231211154308id_/https://bikinlaper.com/wp-json/oembed/1.0/embed?url=https%3A%2F%2Fbikinlaper.com%2Fmengulik-jejak-sejarah-warteg-di-indonesia-dari-kaki-lima-hingga-kuliner-ikonik%2F&format=xml,
cached,wp-json/oembed/1.0/embed__q_7691f2f05a.xml,https://bikinlaper.com/wp-json/oembed/1.0/embed?url=https%3A%2F%2Fbikinlaper.com%2Fmustafa-kuliner-menyelami-kelezatan-yang-mewakili-warisan-dan-kreativitas-kuliner%2F&format=xml,20240123090806,text/xml,3175,ad49bfeacbea9bc3d5ac02399614c14792f1bdbad2e8525824389a34d0701010,https://web.archive.org/web/20240123090806id_/https://bikinlaper.com/wp-json/oembed/1.0/embed?url=https%3A%2F%2Fbikinlaper.com%2Fmustafa-kuliner-menyelami-kelezatan-yang-mewakili-warisan-dan-kreativitas-kuliner%2F&format=xml,
cached,wp-json/oembed/1.0/embed__q_7772362b7f.xml,https://bikinlaper.com/wp-json/oembed/1.0/embed?url=https%3A%2F%2Fbikinlaper.com%2Fpeluang-usaha-kuliner%2F&format=xml,20231211145759,text/xml,2941,e1e0a03e869755269f2df66cefa0223ecddb9ef9e5d53388948778185038d4e5,https://web.archive.org/web/20231211145759id_/https://bikinlaper.com/wp-json/oembed/1.0/embed?url=https%3A%2F%2Fbikinlaper.com%2Fpeluang-usaha-kuliner%2F&format=xml,
cached,wp-json/oembed/1.0/embed__q_793671814a.xml,https://bikinlaper.com/wp-json/oembed/1.0/embed?url=https%3A%2F%2Fbikinlaper.com%2Fmenemukan-kelezatan-di-ketinggian-rekomendasi-rumah-makan-di-puncak-bogor%2F&format=xml,20231211145802,text/xml,3129,fee79c1b3bea24248f3e1f957ff27b0b5b5d1492fe01afeed1a64710a3a2b74e,https://web.archive.org/web/20231211145802id_/https://bikinlaper.com/wp-json/oembed/1.0/embed?url=https%3A%2F%2Fbikinlaper.com%2Fmenemukan-kelezatan-di-ketinggian-rekomendasi-rumah-makan-di-puncak-bogor%2F&format=xml,
cached,wp-json/oembed/1.0/embed__q_7aec44415a.json,https://bikinlaper.com/wp-json/oembed/1.0/embed?url=https%3A%2F%2Fbikinlaper.com%2Fmemetik-lezatnya-petualangan-kulineran-enak-di-indonesia%2F,20231211154235,application/json,2942,a01e75457bcc6497200718a78693f6393c9e2521e6ca1124e945247e8b917e91,https://web.archive.org/web/20231211154235id_/https://bikinlaper.com/wp-json/oembed/1.0/embed?url=https%3A%2F%2Fbikinlaper.com%2Fmemetik-lezatnya-petualangan-kulineran-enak-di-indonesia%2F,
cached,wp-json/oembed/1.0/embed__q_7f4aebe430.json,https://bikinlaper.com/wp-json/oembed/1.0/embed?url=https%3A%2F%2Fbikinlaper.com%2Fjajan-sepuasnya-seni-dan-nikmatnya-menjelajahi-kuliner-indonesia%2F,20231226141344,application/json,2932,37ce5a68498fe764b31e94a7f55a2b6cac60d67e58360f0d7a7e1781cc693860,https://web.archive.org/web/20231226141344id_/https://bikinlaper.com/wp-json/oembed/1.0/embed?url=https%3A%2F%2Fbikinlaper.com%2Fjajan-sepuasnya-seni-dan-nikmatnya-menjelajahi-kuliner-indonesia%2F,
cached,wp-json/oembed/1.0/embed__q_830062c344.xml,https://bikinlaper.com/wp-json/oembed/1.0/embed?url=https%3A%2F%2Fbikinlaper.com%2Fmenelusuri-kelezatan-minuman-tradisional-kaya-akan-sejarah-dan-budaya%2F&format=xml,20231211154317,text/xml,3150,0b5ceb72dfa722e08df042980b6dc42798198a9cc922366a496f53a99e8edeb1,https://web.archive.org/web/20231211154317id_/https://bikinlaper.com/wp-json/oembed/1.0/embed?url=https%3A%2F%2Fbikinlaper.com%2Fmenelusuri-kelezatan-minuman-tradisional-kaya-akan-sejarah-dan-budaya%2F&format=xml,
cached,wp-json/oembed/1.0/embed__q_8362231fc1.json,https://bikinlaper.com/wp-json/oembed/1.0/embed?url=https%3A%2F%2Fbikinlaper.com%2Fmakanan-siang-yang-lezat-dan-bergizi-pilihan-terbaik-untuk-menyegarkan-hari-anda%2F,20231211154237,application/json,2985,b9a36e59a5b6982ff1a61d380773006bfa574cb323d421a91c6610a3c7bc3740,https://web.archive.org/web/20231211154237id_/https://bikinlaper.com/wp-json/oembed/1.0/embed?url=https%3A%2F%2Fbikinlaper.com%2Fmakanan-siang-yang-lezat-dan-bergizi-pilihan-terbaik-untuk-menyegarkan-hari-anda%2F,
cached,wp-json/oembed/1.0/embed__q_8ab5088ab1.xml,https://bikinlaper.com/wp-json/oembed/1.0/embed?url=https%3A%2F%2Fbikinlaper.com%2Frekomendasi-kuliner-1%2F&format=xml,20231211154239,text/xml,2939,8ed99845ad39877d441370f75bff0834bd5665d886cb9fbf41e1d19b2a8d1bf7,https://web.archive.org/web/20231211154239id_/https://bikinlaper.com/wp-json/oembed/1.0/embed?url=https%3A%2F%2Fbikinlaper.com%2Frekomendasi-kuliner-1%2F&format=xml,
cached,wp-json/oembed/1.0/embed__q_8c7e909d31.xml,https://bikinlaper.com/wp-json/oembed/1.0/embed?url=https%3A%2F%2Fbikinlaper.com%2Fmenikmati-hidangan-enak-dengan-cara-makan-di-warteg-panduan-lengkap%2F&format=xml,20231211154259,text/xml,3096,f55b3c66cb3752fbe03ea65d11bdf31fefbe754f0c9dedc356f0b224e58e3341,https://web.archive.org/web/20231211154259id_/https://bikinlaper.com/wp-json/oembed/1.0/embed?url=https%3A%2F%2Fbikinlaper.com%2Fmenikmati-hidangan-enak-dengan-cara-makan-di-warteg-panduan-lengkap%2F&format=xml,
cached,wp-json/oembed/1.0/embed__q_8d0556fcd8.json,https://bikinlaper.com/wp-json/oembed/1.0/embed?url=https%3A%2F%2Fbikinlaper.com%2Fmakanan-pengganti-nasi-pilihan-sehat-dan-varian-kuliner-alternatif%2F,20231226141345,application/json,2934,0714815cad689d7ab613f516fe0582e14a006dfec4ffb07928a4eeaab64b0744,https://web.archive.org/web/20231226141345id_/https://bikinlaper.com/wp-json/oembed/1.0/embed?url=https%3A%2F%2Fbikinlaper.com%2Fmakanan-pengganti-nasi-pilihan-sehat-dan-varian-kuliner-alternatif%2F,
cached,wp-json/oembed/1.0/embed__q_8e93f97e1f.xml,https://bikinlaper.com/wp-json/oembed/1.0/embed?url=https%3A%2F%2Fbikinlaper.com%2Fangeun-lada-jejak-sejarah-khasiat-dan-kelezatan-dalam-kuliner-nusantara%2F&format=xml,20231226141418,text/xml,3135,2eddb1f4541cd00352bc4a6ef9c620434a5a1e7835f64b820f884d6e8cb212c6,https://web.archive.org/web/20231226141418id_/https://bikinlaper.com/wp-json/oembed/1.0/embed?url=https%3A%2F%2Fbikinlaper.com%2Fangeun-lada-jejak-sejarah-khasiat-dan-kelezatan-dalam-kuliner-nusantara%2F&format=xml,
cached,wp-json/oembed/1.0/embed__q_955f0a4bfa.xml,https://bikinlaper.com/wp-json/oembed/1.0/embed?url=https%3A%2F%2Fbikinlaper.com%2Fmenyelami-kelezatan-tradisional-bipang-ambawang-pik-sebagai-kuliner-khas-indonesia%2F&format=xml,20231227123737,text/xml,3213,dcde1adfc00cf47c9849b6a9d6a2499681d86ab36783f2f185edf8114d9a83fe,https://web.archive.org/web/20231227123737id_/https://bikinlaper.com/wp-json/oembed/1.0/embed?url=https%3A%2F%2Fbikinlaper.com%2Fmenyelami-kelezatan-tradisional-bipang-ambawang-pik-sebagai-kuliner-khas-indonesia%2F&format=xml,
cached,wp-json/oembed/1.0/embed__q_9d5d187dbd.xml,https://bikinlaper.com/wp-json/oembed/1.0/embed?url=https%3A%2F%2Fbikinlaper.com%2Fmengenal-lebih-dekat-richeese-factory-kelezatan-dan-kreativitas-dalam-kuliner%2F&format=xml,20240123090722,text/xml,3170,5bf7615ad6c67f595487266808114ab93658b074e28c909682583736fc0b9b0f,https://web.archive.org/web/20240123090722id_/https://bikinlaper.com/wp-json/oembed/1.0/embed?url=https%3A%2F%2Fbikinlaper.com%2Fmengenal-lebih-dekat-richeese-factory-kelezatan-dan-kreativitas-dalam-kuliner%2F&format=xml,
cached,wp-json/oembed/1.0/embed__q_a062e1f599.xml,https://bikinlaper.com/wp-json/oembed/1.0/embed?url=https%3A%2F%2Fbikinlaper.com%2Fmenikmati-kelezatan-jajanan-khas-jawa-barat-warisan-kuliner-yang-menggoda%2F&format=xml,20231226142926,text/xml,3130,516163549c7b87e3f3f880c76f2269fa10023468f2b466edd9a6c5b1cc9f1d3e,https://web.archive.org/web/20231226142926id_/https://bikinlaper.com/wp-json/oembed/1.0/embed?url=https%3A%2F%2Fbikinlaper.com%2Fmenikmati-kelezatan-jajanan-khas-jawa-barat-warisan-kuliner-yang-menggoda%2F&format=xml,
cached,wp-json/oembed/1.0/embed__q_a3b0f6a94b.xml,https://bikinlaper.com/wp-json/oembed/1.0/embed?url=https%3A%2F%2Fbikinlaper.com%2Fkemitraan-usaha-viral-strategi-membangun-kesuksesan-bersama-dalam-era-digital%2F&format=xml,20231227110737,text/xml,3180,515fa52a7558ffd41f5359c641e93e9030d63ee35f436c42f5213251cde6ff9a,https://web.archive.org/web/20231227110737id_/https://bikinlaper.com/wp-json/oembed/1.0/embed?url=https%3A%2F%2Fbikinlaper.com%2Fkemitraan-usaha-viral-strategi-membangun-kesuksesan-bersama-dalam-era-digital%2F&format=xml,
cached,wp-json/oembed/1.0/embed__q_a673598e3a.json,https://bikinlaper.com/wp-json/oembed/1.0/embed?url=https%3A%2F%2Fbikinlaper.com%2Fmenggali-penyebab-kegagalan-franchise-belajar-dari-kesalahan-untuk-keberhasilan-jangka-panjang%2F,20231211211352,application/json,3104,683fc4ce082bee01b64878794503bc23b3d60009b16306e453eeab9efadd31df,https://web.archive.org/web/20231211211352id_/https://bikinlaper.com/wp-json/oembed/1.0/embed?url=https%3A%2F%2Fbikinlaper.com%2Fmenggali-penyebab-kegagalan-franchise-belajar-dari-kesalahan-untuk-keberhasilan-jangka-panjang%2F,
cached,wp-json/oembed/1.0/embed__q_a774c9e23e.json,https://bikinlaper.com/wp-json/oembed/1.0/embed?url=https%3A%2F%2Fbikinlaper.com%2Fapa-keuntungan-membeli-franchise-exploring-the-benefits-of-franchise-ownership%2F,20231211145810,application/json,3002,3ccc6aa9f400afd41d125d29ea1b117f2b973bf179bdd07c1809275d844c0e3b,https://web.archive.org/web/20231211145810id_/https://bikinlaper.com/wp-json/oembed/1.0/embed?url=https%3A%2F%2Fbikinlaper.com%2Fapa-keuntungan-membeli-franchise-exploring-the-benefits-of-franchise-ownership%2F,
cached,wp-json/oembed/1.0/embed__q_a858c2306d.json,https://bikinlaper.com/wp-json/oembed/1.0/embed?url=https%3A%2F%2Fbikinlaper.com%2Fmenelusuri-kelezatan-minuman-tradisional-kaya-akan-sejarah-dan-budaya%2F,20231211211356,application/json,2978,116cf94339964b74b4b33b1dab3993e44d0d57288457ed92d252e6024b703383,https://web.archive.org/web/20231211211356id_/https://bikinlaper.com/wp-json/oembed/1.0/embed?url=https%3A%2F%2Fbikinlaper.com%2Fmenelusuri-kelezatan-minuman-tradisional-kaya-akan-sejarah-dan-budaya%2F,
cached,wp-json/oembed/1.0/embed__q_aeb16d2cc6.xml,https://bikinlaper.com/wp-json/oembed/1.0/embed?url=https%3A%2F%2Fbikinlaper.com%2Fnasi-bogana-kelezatan-tradisional-yang-memikat-lidah%2F&format=xml,20231226141429,text/xml,3042,888c27a4cbcc817d41ec5d4acf70c6bf67e8f4f7dd8ad61f01480395c889f399,https://web.archive.org/web/20231226141429id_/https://bikinlaper.com/wp-json/oembed/1.0/embed?url=https%3A%2F%2Fbikinlaper.com%2Fnasi-bogana-kelezatan-tradisional-yang-memikat-lidah%2F&format=xml,
cached,wp-json/oembed/1.0/embed__q_aee81e65e1.xml,https://bikinlaper.com/wp-json/oembed/1.0/embed?url=https%3A%2F%2Fbikinlaper.com%2Freview-makanan-4%2F&format=xml,20231211154313,text/xml,2914,e038cd3d82461333829abe627b8e326615c94d1f58a57e2af37079d9d2cb9be7,https://web.archive.org/web/20231211154313id_/https://bikinlaper.com/wp-json/oembed/1.0/embed?url=https%3A%2F%2Fbikinlaper.com%2Freview-makanan-4%2F&format=xml,
cached,wp-json/oembed/1.0/embed__q_af16323914.xml,https://bikinlaper.com/wp-json/oembed/1.0/embed?url=https%3A%2F%2Fbikinlaper.com%2Frekomendasi-jajanan-unik-3%2F&format=xml,20231211154238,text/xml,2963,9640868202da7ce7472cb69cff90a07e46fb2829261a1d9f7a86f02d73092d71,https://web.archive.org/web/20231211154238id_/https://bikinlaper.com/wp-json/oembed/1.0/embed?url=https%3A%2F%2Fbikinlaper.com%2Frekomendasi-jajanan-unik-3%2F&format=xml,
cached,wp-json/oembed/1.0/embed__q_b8f0b00c9e.json,https://bikinlaper.com/wp-json/oembed/1.0/embed?url=https%3A%2F%2Fbikinlaper.com%2Fmembuka-peluang-usaha-sukses-dengan-franchise-ayam-goreng%2F,20231211154311,application/json,2904,bc221645a33e374a3f1cfca3f94ad0a586bf7c0560eb8d6184dfecfe1815aa0a,https://web.archive.org/web/20231211154311id_/https://bikinlaper.com/wp-json/oembed/1.0/embed?url=https%3A%2F%2Fbikinlaper.com%2Fmembuka-peluang-usaha-sukses-dengan-franchise-ayam-goreng%2F,
cached,wp-json/oembed/1.0/embed__q_befe35249d.json,https://bikinlaper.com/wp-json/oembed/1.0/embed?url=https%3A%2F%2Fbikinlaper.com%2Fmenikmati-kelezatan-soto-banjar-sejarah-resep-autentik-dan-khasiat-kesehatan%2F,20240123090719,application/json,3003,1ac0f9544c3c58f72162e5b97cb525cfc1a30998adf6bac6519156f992e7e176,https://web.archive.org/web/20240123090719id_/https://bikinlaper.com/wp-json/oembed/1.0/embed?url=https%3A%2F%2Fbikinlaper.com%2Fmenikmati-kelezatan-soto-banjar-sejarah-resep-autentik-dan-khasiat-kesehatan%2F,
cached,wp-json/oembed/1.0/embed__q_bf63ceacdb.json,https://bikinlaper.com/wp-json/oembed/1.0/embed?url=https%3A%2F%2Fbikinlaper.com%2Fmembuka-peluang-sukses-dengan-usaha-franchise-murah-panduan-lengkap-untuk-para-wirausaha%2F,20231211145820,application/json,3055,c402ec344db4495d80ec75a5bd872b482a521bb50a7352541e37c08821ad159c,https://web.archive.org/web/20231211145820id_/https://bikinlaper.com/wp-json/oembed/1.0/embed?url=https%3A%2F%2Fbikinlaper.com%2Fmembuka-peluang-sukses-dengan-usaha-franchise-murah-panduan-lengkap-untuk-para-wirausaha%2F,
cached,wp-json/oembed/1.0/embed__q_bf89b1bfa4.xml,https://bikinlaper.com/wp-json/oembed/1.0/embed?url=https%3A%2F%2Fbikinlaper.com%2Fmenjelajahi-kelezatan-mi-akung-sebuah-perjalanan-kuliner-yang-tak-terlupakan%2F&format=xml,20240123090722,text/xml,3162,4f3c792e5185a889b8aba014fdc1e0616c70fddeb75b617c78f4113672eb70f5,https://web.archive.org/web/20240123090722id_/https://bikinlaper.com/wp-json/oembed/1.0/embed?url=https%3A%2F%2Fbikinlaper.com%2Fmenjelajahi-kelezatan-mi-akung-sebuah-perjalanan-kuliner-yang-tak-terlupakan%2F&format=xml,
cached,wp-json/oembed/1.0/embed__q_c1d55319fb.json,https://bikinlaper.com/wp-json/oembed/1.0/embed?url=https%3A%2F%2Fbikinlaper.com%2Fmenu-warteg-yang-paling-wajib-kenikmatan-kuliner-nusantara%2F,20231226141345,application/json,2887,94bd0e654f60408bcad4bad22ade7ff298a6afa2743e4d5e944769b6865b86ae,https://web.archive.org/web/20231226141345id_/https://bikinlaper.com/wp-json/oembed/1.0/embed?url=https%3A%2F%2Fbikinlaper.com%2Fmenu-warteg-yang-paling-wajib-kenikmatan-kuliner-nusantara%2F,
cached,wp-json/oembed/1.0/embed__q_c2688e7075.xml,https://bikinlaper.com/wp-json/oembed/1.0/embed?url=https%3A%2F%2Fbikinlaper.com%2Frekomendasi-jajanan-unik-2%2F&format=xml,20231211154303,text/xml,2963,ec73b759796aab450a2d5a59eb836b7fb8b14c174c0fbbf52edbc175c7cef919,https://web.archive.org/web/20231211154303id_/https://bikinlaper.com/wp-json/oembed/1.0/embed?url=https%3A%2F%2Fbikinlaper.com%2Frekomendasi-jajanan-unik-2%2F&format=xml,
cached,wp-json/oembed/1.0/embed__q_c8da27a320.xml,https://bikinlaper.com/wp-json/oembed/1.0/embed?url=https%3A%2F%2Fbikinlaper.com%2Fusaha-kuliner-menyajikan-kelezatan-dan-keberagaman-dalam-industri-makanan%2F&format=xml,20231211154239,text/xml,3122,f783dca8fa7899a8e69fbddf67bbb0c28840ef69012e5e48c4cb514536e14158,https://web.archive.org/web/20231211154239id_/https://bikinlaper.com/wp-json/oembed/1.0/embed?url=https%3A%2F%2Fbikinlaper.com%2Fusaha-kuliner-menyajikan-kelezatan-dan-keberagaman-dalam-industri-makanan%2F&format=xml,
cached,wp-json/oembed/1.0/embed__q_c9e987ee5d.json,https://bikinlaper.com/wp-json/oembed/1.0/embed?url=https%3A%2F%2Fbikinlaper.com%2Fbisnis-kuliner-terlaris-kiat-sukses-membangun-bisnis-kuliner-yang-mendominasi-pasar%2F,20240123090805,application/json,3095,fde9e6a78af2d3fb297904837b91afd1a60a6d7fabe4d2d309371a15ce43973b,https://web.archive.org/web/20240123090805id_/https://bikinlaper.com/wp-json/oembed/1.0/embed?url=https%3A%2F%2Fbikinlaper.com%2Fbisnis-kuliner-terlaris-kiat-sukses-membangun-bisnis-kuliner-yang-mendominasi-pasar%2F,
cached,wp-json/oembed/1.0/embed__q_cc6fef3c29.json,https://bikinlaper.com/wp-json/oembed/1.0/embed?url=https%3A%2F%2Fbikinlaper.com%2Fmakanan-sehat-yang-menggugah-selera-enak-dan-bergizi-untuk-hidup-sehat%2F,20231226141339,application/json,2955,9d4b0c9358b8dc4c16d0217a3d75a4e7ac72e95fef888eb069c82263eb00b6a7,https://web.archive.org/web/20231226141339id_/https://bikinlaper.com/wp-json/oembed/1.0/embed?url=https%3A%2F%2Fbikinlaper.com%2Fmakanan-sehat-yang-menggugah-selera-enak-dan-bergizi-untuk-hidup-sehat%2F,
cached,wp-json/oembed/1.0/embed__q_ce2dbfd176.xml,https://bikinlaper.com/wp-json/oembed/1.0/embed?url=https%3A%2F%2Fbikinlaper.com%2Fmenu-warteg-yang-paling-wajib-kenikmatan-kuliner-nusantara%2F&format=xml,20231226141346,text/xml,3061,cec0a3bb624e1520725b0f2e64b42052fa49ecda557f3ddeead21f90c18bc963,https://web.archive.org/web/20231226141346id_/https://bikinlaper.com/wp-json/oembed/1.0/embed?url=https%3A%2F%2Fbikinlaper.com%2Fmenu-warteg-yang-paling-wajib-kenikmatan-kuliner-nusantara%2F&format=xml,
cached,wp-json/oembed/1.0/embed__q_ce9d72dcdc.json,https://bikinlaper.com/wp-json/oembed/1.0/embed?url=https%3A%2F%2Fbikinlaper.com%2Fmenikmati-hidangan-enak-dengan-cara-makan-di-warteg-panduan-lengkap%2F,20231211154257,application/json,2924,e819f4cf866e058eb23a06ad6be1f9ccb793759c929b5782ce3e5b7929f1af71,https://web.archive.org/web/20231211154257id_/https://bikinlaper.com/wp-json/oembed/1.0/embed?url=https%3A%2F%2Fbikinlaper.com%2Fmenikmati-hidangan-enak-dengan-cara-makan-di-warteg-panduan-lengkap%2F,
cached,wp-json/oembed/1.0/embed__q_cf7a1c50df.xml,https://bikinlaper.com/wp-json/oembed/1.0/embed?url=https%3A%2F%2Fbikinlaper.com%2Fmenggali-potensi-bisnis-franchise-warteg-dan-strategi-pengembangannya%2F&format=xml,20231211211347,text/xml,3147,e95f4dbd072d671d5e7f4c25b1e1f81fb2da20441b996a97ccfd06ca2cc0b52c,https://web.archive.org/web/20231211211347id_/https://bikinlaper.com/wp-json/oembed/1.0/embed?url=https%3A%2F%2Fbikinlaper.com%2Fmenggali-potensi-bisnis-franchise-warteg-dan-strategi-pengembangannya%2F&format=xml,
cached,wp-json/oembed/1.0/embed__q_d161625f8f.json,https://bikinlaper.com/wp-json/oembed/1.0/embed?url=https%3A%2F%2Fbikinlaper.com%2Fangeun-lada-jejak-sejarah-khasiat-dan-kelezatan-dalam-kuliner-nusantara%2F,20231226141417,application/json,2963,b7a4491391eff5516fde90a49d05f249dd80292b4fd9ad620a58758efd41d58c,https://web.archive.org/web/20231226141417id_/https://bikinlaper.com/wp-json/oembed/1.0/embed?url=https%3A%2F%2Fbikinlaper.com%2Fangeun-lada-jejak-sejarah-khasiat-dan-kelezatan-dalam-kuliner-nusantara%2F,
cached,wp-json/oembed/1.0/embed__q_d1d126b208.xml,https://bikinlaper.com/wp-json/oembed/1.0/embed?url=https%3A%2F%2Fbikinlaper.com%2Fsukses-berjualan-dengan-food-truck-rahasia-kesuksesan-dan-tips-memulai-bisnis-kuliner-yang-bergerak%2F&format=xml,20240123090821,text/xml,3273,64f25f1da4048cedd14dc2954f911ed3a9613199c5b42d382ba31387c06c92ab,https://web.archive.org/web/20240123090821id_/https://bikinlaper.com/wp-json/oembed/1.0/embed?url=https%3A%2F%2Fbikinlaper.com%2Fsukses-berjualan-dengan-food-truck-rahasia-kesuksesan-dan-tips-memulai-bisnis-kuliner-yang-bergerak%2F&format=xml,
cached,wp-json/oembed/1.0/embed__q_d321c44823.json,https://bikinlaper.com/wp-json/oembed/1.0/embed?url=https%3A%2F%2Fbikinlaper.com%2Fmengenal-lebih-dekat-richeese-factory-kelezatan-dan-kreativitas-dalam-kuliner%2F,20240123090758,application/json,2998,4c22f8b9adcb64bb68b36957f820fd7d96968fd61960e9b0fe77cfb1c1d3a531,https://web.archive.org/web/20240123090758id_/https://bikinlaper.com/wp-json/oembed/1.0/embed?url=https%3A%2F%2Fbikinlaper.com%2Fmengenal-lebih-dekat-richeese-factory-kelezatan-dan-kreativitas-dalam-kuliner%2F,
cached,wp-json/oembed/1.0/embed__q_db63b33118.xml,https://bikinlaper.com/wp-json/oembed/1.0/embed?url=https%3A%2F%2Fbikinlaper.com%2F&format=xml,20231211145735,text/xml,2827,408326291bdda4e59587f4a1f85ff9cfcf813a87e04a324532e8ea128f9ba559,https://web.archive.org/web/20231211145735id_/https://bikinlaper.com/wp-json/oembed/1.0/embed?url=https%3A%2F%2Fbikinlaper.com%2F&format=xml,
cached,wp-json/oembed/1.0/embed__q_dc177bd450.json,https://bikinlaper.com/wp-json/oembed/1.0/embed?url=https%3A%2F%2Fbikinlaper.com%2Fjakarta-2023-menjelajahi-tempat-terbaik-merayakan-malam-tahun-baru-untuk-pengalaman-tak-terlupakan%2F,20231226141342,application/json,3089,6633ef9e161cdf37cdebdb62d912eaab51ec92f1e916eed1e457199d5b579789,https://web.archive.org/web/20231226141342id_/https://bikinlaper.com/wp-json/oembed/1.0/embed?url=https%3A%2F%2Fbikinlaper.com%2Fjakarta-2023-menjelajahi-tempat-terbaik-merayakan-malam-tahun-baru-untuk-pengalaman-tak-terlupakan%2F,
cached,wp-json/oembed/1.0/embed__q_e1d40e8f4a.json,https://bikinlaper.com/wp-json/oembed/1.0/embed?url=https%3A%2F%2Fbikinlaper.com%2Fmenjelajahi-kelezatan-mi-akung-sebuah-perjalanan-kuliner-yang-tak-terlupakan%2F,20240123090806,application/json,2988,bc53047d35aafcd9f9d0fcd58827a6ef7a6e65863c9adab62558030ca5b99ecb,https://web.archive.org/web/20240123090806id_/https://bikinlaper.com/wp-json/oembed/1.0/embed?url=https%3A%2F%2Fbikinlaper.com%2Fmenjelajahi-kelezatan-mi-akung-sebuah-perjalanan-kuliner-yang-tak-terlupakan%2F,
cached,wp-json/oembed/1.0/embed__q_eab2e47d63.json,https://bikinlaper.com/wp-json/oembed/1.0/embed?url=https%3A%2F%2Fbikinlaper.com%2Fkemitraan-usaha-viral-strategi-membangun-kesuksesan-bersama-dalam-era-digital%2F,20231227110736,application/json,3006,fcde7b579c0b1d623c918550c7868cca799ff6d881a909db3acc2e29ee99d670,https://web.archive.org/web/20231227110736id_/https://bikinlaper.com/wp-json/oembed/1.0/embed?url=https%3A%2F%2Fbikinlaper.com%2Fkemitraan-usaha-viral-strategi-membangun-kesuksesan-bersama-dalam-era-digital%2F,
cached,wp-json/oembed/1.0/embed__q_ebf02d2c5c.xml,https://bikinlaper.com/wp-json/oembed/1.0/embed?url=https%3A%2F%2Fbikinlaper.com%2Fmenikmati-kelezatan-soto-banjar-sejarah-resep-autentik-dan-khasiat-kesehatan%2F&format=xml,20240123090718,text/xml,3175,9adb5b24065429f3c3da007ba2844fae90d6aba4e3f4e9021b956df9b7842b1e,https://web.archive.org/web/20240123090718id_/https://bikinlaper.com/wp-json/oembed/1.0/embed?url=https%3A%2F%2Fbikinlaper.com%2Fmenikmati-kelezatan-soto-banjar-sejarah-resep-autentik-dan-khasiat-kesehatan%2F&format=xml,
cached,wp-json/oembed/1.0/embed__q_ef4724f173.xml,https://bikinlaper.com/wp-json/oembed/1.0/embed?url=https%3A%2F%2Fbikinlaper.com%2Fmenggali-penyebab-kegagalan-franchise-belajar-dari-kesalahan-untuk-keberhasilan-jangka-panjang%2F&format=xml,20231211211351,text/xml,3276,b1e2561594498cc006a1ba8687accf5004a94177a19e820800b1dd5c5eae22fd,https://web.archive.org/web/20231211211351id_/https://bikinlaper.com/wp-json/oembed/1.0/embed?url=https%3A%2F%2Fbikinlaper.com%2Fmenggali-penyebab-kegagalan-franchise-belajar-dari-kesalahan-untuk-keberhasilan-jangka-panjang%2F&format=xml,
cached,wp-json/oembed/1.0/embed__q_f2b7ceb2fd.json,https://bikinlaper.com/wp-json/oembed/1.0/embed?url=https%3A%2F%2Fbikinlaper.com%2Fangkringan-lik-man-mengungkap-keunikan-warung-kopi-khas-yogyakarta-yang-melegenda%2F,20231226141427,application/json,3001,3df8a060da610ac03deb58794046b83986971bd8f8a3c51b365331b782a3202c,https://web.archive.org/web/20231226141427id_/https://bikinlaper.com/wp-json/oembed/1.0/embed?url=https%3A%2F%2Fbikinlaper.com%2Fangkringan-lik-man-mengungkap-keunikan-warung-kopi-khas-yogyakarta-yang-melegenda%2F,
cached,wp-json/oembed/1.0/embed__q_f4357cd045.xml,https://bikinlaper.com/wp-json/oembed/1.0/embed?url=https%3A%2F%2Fbikinlaper.com%2Fbisnis-waralaba-yang-lagi-trend-2023-ini-panduan-lengkap-memilih-usaha-waralaba-yang-sukses%2F&format=xml,20231226141416,text/xml,3227,563a465bca65f00996e7900c28ea7050d7241ed053996a30241e32aec4dd8b68,https://web.archive.org/web/20231226141416id_/https://bikinlaper.com/wp-json/oembed/1.0/embed?url=https%3A%2F%2Fbikinlaper.com%2Fbisnis-waralaba-yang-lagi-trend-2023-ini-panduan-lengkap-memilih-usaha-waralaba-yang-sukses%2F&format=xml,
cached,wp-json/oembed/1.0/embed__q_fec86ffe42.json,https://bikinlaper.com/wp-json/oembed/1.0/embed?url=https%3A%2F%2Fbikinlaper.com%2Fcafe-di-jakarta-oase-nongkrong-terbaik-untuk-pecinta-kopi-dan-kuliner%2F,20240123090722,application/json,2976,cbdf9e906815689e4072298570620f66130954cecb39ab50167ec915d9e63c74,https://web.archive.org/web/20240123090722id_/https://bikinlaper.com/wp-json/oembed/1.0/embed?url=https%3A%2F%2Fbikinlaper.com%2Fcafe-di-jakarta-oase-nongkrong-terbaik-untuk-pecinta-kopi-dan-kuliner%2F,
cached,wp-json/oembed/1.0/embed__q_fed1ec7205.json,https://bikinlaper.com/wp-json/oembed/1.0/embed?url=https%3A%2F%2Fbikinlaper.com%2Fmenggali-potensi-bisnis-franchise-warteg-dan-strategi-pengembangannya%2F,20231211211350,application/json,2975,af358630224d6af8986bc828acd672a9273dd050ac22e91f868cc8da55616c79,https://web.archive.org/web/20231211211350id_/https://bikinlaper.com/wp-json/oembed/1.0/embed?url=https%3A%2F%2Fbikinlaper.com%2Fmenggali-potensi-bisnis-franchise-warteg-dan-strategi-pengembangannya%2F,
cached,wp-json/wp/v2/categories/1.json,https://bikinlaper.com/wp-json/wp/v2/categories/1,20231211145822,application/json,6164,3bbc9a3849d64da273b338557be4e700557db8e75842a102a4abedb1ff9e9827,https://web.archive.org/web/20231211145822id_/https://bikinlaper.com/wp-json/wp/v2/categories/1,
cached,wp-json/wp/v2/categories/103.json,https://bikinlaper.com/wp-json/wp/v2/categories/103,20231211145806,application/json,6032,3226535d82fdf166bd1c177750f1c491fabca3b58fe46778e149889fba09e25b,https://web.archive.org/web/20231211145806id_/https://bikinlaper.com/wp-json/wp/v2/categories/103,
cached,wp-json/wp/v2/categories/104.json,https://bikinlaper.com/wp-json/wp/v2/categories/104,20231211145756,application/json,5985,06a1f8a5358d7135a8880511181f40344b054f5428c712d2af75271c7f1dd0c2,https://web.archive.org/web/20231211145756id_/https://bikinlaper.com/wp-json/wp/v2/categories/104,
cached,wp-json/wp/v2/categories/105.json,https://bikinlaper.com/wp-json/wp/v2/categories/105,20231211211349,application/json,6008,765efaecca9371ea35dbf7616a06e1e2e3d623734edbae55526f8e75d8a16280,https://web.archive.org/web/20231211211349id_/https://bikinlaper.com/wp-json/wp/v2/categories/105,
cached,wp-json/wp/v2/categories/106.json,https://bikinlaper.com/wp-json/wp/v2/categories/106,20231211154255,application/json,5963,8dc3c3d8be7d2d18e18589345ba2310fdf47cae0e52e6b7adc7c9d9362d5b070,https://web.archive.org/web/20231211154255id_/https://bikinlaper.com/wp-json/wp/v2/categories/106,
cached,wp-json/wp/v2/categories/107.json,https://bikinlaper.com/wp-json/wp/v2/categories/107,20231211211342,application/json,6009,8fe503b386b349df479de87c64014ba909a722ba00f5889da00e6657251b2ce8,https://web.archive.org/web/20231211211342id_/https://bikinlaper.com/wp-json/wp/v2/categories/107,
cached,wp-json/wp/v2/categories/108.json,https://bikinlaper.com/wp-json/wp/v2/categories/108,20231211145807,application/json,6123,55f3657d3b64421b2bbb8d6fca6a604711adea9ec6cbecbd1781ce8a64242c57,https://web.archive.org/web/20231211145807id_/https://bikinlaper.com/wp-json/wp/v2/categories/108,
cached,wp-json/wp/v2/categories/124.json,https://bikinlaper.com/wp-json/wp/v2/categories/124,20231211154319,application/json,6353,562112174efa6f59021cc5d7c9425ea1a11a66d3efdf555a958015fb30b1f2ab,https://web.archive.org/web/20231211154319id_/https://bikinlaper.com/wp-json/wp/v2/categories/124,
cached,wp-json/wp/v2/pages/587.json,https://bikinlaper.com/wp-json/wp/v2/pages/587,20231211211346,application/json,61806,dbad75eb49062527761c1659aeb8cb7a6a754e9e7b6dd08b71d7f8b556860b91,https://web.archive.org/web/20231211211346id_/https://bikinlaper.com/wp-json/wp/v2/pages/587,
cached,wp-json/wp/v2/posts/1012.json,https://bikinlaper.com/wp-json/wp/v2/posts/1012,20231226145852,application/json,21423,5af2a989bd73a797c899629ade8fcc3308d37abea6795ed6a73b8a633441ba43,https://web.archive.org/web/20231226145852id_/https://bikinlaper.com/wp-json/wp/v2/posts/1012,
cached,wp-json/wp/v2/posts/102.json,https://bikinlaper.com/wp-json/wp/v2/posts/102,20231211145809,application/json,20353,4955713e501c89f2faa9a232dafd58c4a452358959b7401f9f76062457acdaa9,https://web.archive.org/web/20231211145809id_/https://bikinlaper.com/wp-json/wp/v2/posts/102,
cached,wp-json/wp/v2/posts/1093.json,https://bikinlaper.com/wp-json/wp/v2/posts/1093,20231226142932,application/json,20544,c4b496dc79a61f070c6f8bd968dd7b398e63aab7e481b790c83d0d27684c89ed,https://web.archive.org/web/20231226142932id_/https://bikinlaper.com/wp-json/wp/v2/posts/1093,
cached,wp-json/wp/v2/posts/1098.json,https://bikinlaper.com/wp-json/wp/v2/posts/1098,20231226141424,application/json,17962,860ac0df2be3e8085d08372e91ef2bc2dff10dbc4c336d0f10e90fa9c5ddd45b,https://web.archive.org/web/20231226141424id_/https://bikinlaper.com/wp-json/wp/v2/posts/1098,
cached,wp-json/wp/v2/posts/1103.json,https://bikinlaper.com/wp-json/wp/v2/posts/1103,20231226141416,application/json,22636,167fa3b0452e57c5914acc281788062f7efc3cc29ee2f7dd08e7e84d9c97efb1,https://web.archive.org/web/20231226141416id_/https://bikinlaper.com/wp-json/wp/v2/posts/1103,
cached,wp-json/wp/v2/posts/1108.json,https://bikinlaper.com/wp-json/wp/v2/posts/1108,20231226141418,application/json,21861,5afd1d5368ecc8abc6f2ec3dc25ff938aaa147e943e8426cf896a1aae257919c,https://web.archive.org/web/20231226141418id_/https://bikinlaper.com/wp-json/wp/v2/posts/1108,
cached,wp-json/wp/v2/posts/1113.json,https://bikinlaper.com/wp-json/wp/v2/posts/1113,20231226141430,application/json,22399,14d13574cf8c9dd762fa21003c64fadd8041da57aa4a56704b384572c1ec15c7,https://web.archive.org/web/20231226141430id_/https://bikinlaper.com/wp-json/wp/v2/posts/1113,
cached,wp-json/wp/v2/posts/1191.json,https://bikinlaper.com/wp-json/wp/v2/posts/1191,20240123090721,application/json,22778,fad1fe886140726494f80b20cec88d1d72dc6211458e917bf2f43cf6b546a270,https://web.archive.org/web/20240123090721id_/https://bikinlaper.com/wp-json/wp/v2/posts/1191,
cached,wp-json/wp/v2/posts/1229.json,https://bikinlaper.com/wp-json/wp/v2/posts/1229,20240123090813,application/json,19669,aaa1c6c0fce15c332171ab05645ea751c146bc0e438f566bbad5087ef17515ef,https://web.archive.org/web/20240123090813id_/https://bikinlaper.com/wp-json/wp/v2/posts/1229,
cached,wp-json/wp/v2/posts/1284.json,https://bikinlaper.com/wp-json/wp/v2/posts/1284,20240123090805,application/json,20663,f37fb14d526d18e7706956f435729d35401309b553980c7b4ca86ebe2300085b,https://web.archive.org/web/20240123090805id_/https://bikinlaper.com/wp-json/wp/v2/posts/1284,
cached,wp-json/wp/v2/posts/1289.json,https://bikinlaper.com/wp-json/wp/v2/posts/1289,20240123090912,application/json,20135,ff939bf49d69f17bc40d8cd4e1b06c5a5c43412a6dbe5932b3e8f2faaef3ccab,https://web.archive.org/web/20240123090912id_/https://bikinlaper.com/wp-json/wp/v2/posts/1289,
cached,wp-json/wp/v2/posts/1298.json,https://bikinlaper.com/wp-json/wp/v2/posts/1298,20240123090756,application/json,20698,875bdc24a5c83cbec63a75f076ee007b07b011d9ccdb5ecf6d06f4de6d05b5ee,https://web.archive.org/web/20240123090756id_/https://bikinlaper.com/wp-json/wp/v2/posts/1298,
cached,wp-json/wp/v2/posts/160.json,https://bikinlaper.com/wp-json/wp/v2/posts/160,20231211145800,application/json,20151,7e3ca7b75f3bc27a2f1b95da75111a0c5a721c7128ff88e8ddf4869dcd4b4367,https://web.archive.org/web/20231211145800id_/https://bikinlaper.com/wp-json/wp/v2/posts/160,
cached,wp-json/wp/v2/posts/48.json,https://bikinlaper.com/wp-json/wp/v2/posts/48,20231211152750,application/json,19997,cc47678fdc645f5378702b278399ceb488973762aa31e828b79155408eac5166,https://web.archive.org/web/20231211152750id_/https://bikinlaper.com/wp-json/wp/v2/posts/48,
cached,wp-json/wp/v2/posts/490.json,https://bikinlaper.com/wp-json/wp/v2/posts/490,20231211145758,application/json,18236,38acce6a4f54a9db129ba4ecd94451ca72c6301ca250c44069247ef0b73c5526,https://web.archive.org/web/20231211145758id_/https://bikinlaper.com/wp-json/wp/v2/posts/490,
cached,wp-json/wp/v2/posts/493.json,https://bikinlaper.com/wp-json/wp/v2/posts/493,20231226141347,application/json,18937,ecb801af79b9da35ec637ad9e3c84a0a303372e5a5d94ae543965445e2692441,https://web.archive.org/web/20231226141347id_/https://bikinlaper.com/wp-json/wp/v2/posts/493,
cached,wp-json/wp/v2/posts/495.json,https://bikinlaper.com/wp-json/wp/v2/posts/495,20231226141342,application/json,20036,3a086a655dd02da05c5a556b53f9223d9583c051d87c33e09a0330cf8a83386c,https://web.archive.org/web/20231226141342id_/https://bikinlaper.com/wp-json/wp/v2/posts/495,
cached,wp-json/wp/v2/posts/534.json,https://bikinlaper.com/wp-json/wp/v2/posts/534,20240123090808,application/json,24036,82dee7a6fbb23c8cb73804f60df2b96fe137e8e74994f02a1236cbd73adb15ee,https://web.archive.org/web/20240123090808id_/https://bikinlaper.com/wp-json/wp/v2/posts/534,
cached,wp-json/wp/v2/posts/550.json,https://bikinlaper.com/wp-json/wp/v2/posts/550,20231211154258,application/json,22340,f5d33de65c5a7c5b9d3983ad28895725f15aecfe695d193c76b78935e5fb87ae,https://web.archive.org/web/20231211154258id_/https://bikinlaper.com/wp-json/wp/v2/posts/550,
cached,wp-json/wp/v2/posts/553.json,https://bikinlaper.com/wp-json/wp/v2/posts/553,20231211145752,application/json,20548,fce2bb3b17df08d9b35326d07934fb41e0eba9d10e40c8608b85563a45c3baa4,https://web.archive.org/web/20231211145752id_/https://bikinlaper.com/wp-json/wp/v2/posts/553,
cached,wp-json/wp/v2/posts/556.json,https://bikinlaper.com/wp-json/wp/v2/posts/556,20231226141349,application/json,19232,3422fcf5819e61dbd4108f0e72b51e55779e995227fe3c261c547b076d696646,https://web.archive.org/web/20231226141349id_/https://bikinlaper.com/wp-json/wp/v2/posts/556,
cached,wp-json/wp/v2/posts/559.json,https://bikinlaper.com/wp-json/wp/v2/posts/559,20231226141417,application/json,24078,d37b8030641ab55cfaa88a011031f0b61e2728d3d790886f12a6511e62f305fb,https://web.archive.org/web/20231226141417id_/https://bikinlaper.com/wp-json/wp/v2/posts/559,
cached,wp-json/wp/v2/posts/579.json,https://bikinlaper.com/wp-json/wp/v2/posts/579,20231211145804,application/json,21084,51c0f1b6143a11b6eb5e3f0fcb620eae28ff9f92623168b1ea3a3da3efc37709,https://web.archive.org/web/20231211145804id_/https://bikinlaper.com/wp-json/wp/v2/posts/579,
cached,wp-json/wp/v2/posts/582.json,https://bikinlaper.com/wp-json/wp/v2/posts/582,20231211145821,application/json,22922,c1b315fffbc79a37b4d1cbd1724f7afd85e39bf1a584654f8e0cd03670256521,https://web.archive.org/web/20231211145821id_/https://bikinlaper.com/wp-json/wp/v2/posts/582,
cached,wp-json/wp/v2/posts/633.json,https://bikinlaper.com/wp-json/wp/v2/posts/633,20231211211343,application/json,20585,f90eead7fda5a51cf2e396715be241f87d4801dbbe2bb8cb8c2863b480af2477,https://web.archive.org/web/20231211211343id_/https://bikinlaper.com/wp-json/wp/v2/posts/633,
cached,wp-json/wp/v2/posts/714.json,https://bikinlaper.com/wp-json/wp/v2/posts/714,20231226141344,application/json,18970,8a201672d6db4ce890ffae4458c87ff742d7cb2a7ac8aa22832a5d46f21f8a8d,https://web.archive.org/web/20231226141344id_/https://bikinlaper.com/wp-json/wp/v2/posts/714,
cached,wp-json/wp/v2/posts/736.json,https://bikinlaper.com/wp-json/wp/v2/posts/736,20231226142957,application/json,21001,7167f09ae76a22c79fb51da5bd86a849ec3f281ca6dd2ea08144914651725741,https://web.archive.org/web/20231226142957id_/https://bikinlaper.com/wp-json/wp/v2/posts/736,
cached,wp-json/wp/v2/posts/739.json,https://bikinlaper.com/wp-json/wp/v2/posts/739,20231211154300,application/json,21704,c38b5d2a513feb627e4b1e8a326648eca2ee4fb2d07efe0506ee5fef458ed061,https://web.archive.org/web/20231211154300id_/https://bikinlaper.com/wp-json/wp/v2/posts/739,
cached,wp-json/wp/v2/posts/785.json,https://bikinlaper.com/wp-json/wp/v2/posts/785,20231211154241,application/json,19637,ca0d217d30215033bbb98125744b5244ba0890343b99d76b0b93a39713d4f682,https://web.archive.org/web/20231211154241id_/https://bikinlaper.com/wp-json/wp/v2/posts/785,
cached,wp-json/wp/v2/posts/788.json,https://bikinlaper.com/wp-json/wp/v2/posts/788,20240123090721,application/json,19258,c1c3011f8649350d7d72b639526e7c214bcd22cf5b9fb3b9accfea30a040e844,https://web.archive.org/web/20240123090721id_/https://bikinlaper.com/wp-json/wp/v2/posts/788,
cached,wp-json/wp/v2/posts/791.json,https://bikinlaper.com/wp-json/wp/v2/posts/791,20231211154246,application/json,18868,0ab3416ead65701b6265960a4c1c32e6c35bda7761e0903c88c09e1f8dfeb7dc,https://web.archive.org/web/20231211154246id_/https://bikinlaper.com/wp-json/wp/v2/posts/791,
cached,wp-json/wp/v2/posts/793.json,https://bikinlaper.com/wp-json/wp/v2/posts/793,20231211154245,application/json,18691,1851a2e81b9c2a93545dc98251ccb619be892180bca62c8a8f2478258c991f79,https://web.archive.org/web/20231211154245id_/https://bikinlaper.com/wp-json/wp/v2/posts/793,
cached,wp-json/wp/v2/posts/830.json,https://bikinlaper.com/wp-json/wp/v2/posts/830,20231211154318,application/json,19434,2f64bec93da08a7ea9b0dbeac399dc449f22756a008b1592c2e86af12b0e8409,https://web.archive.org/web/20231211154318id_/https://bikinlaper.com/wp-json/wp/v2/posts/830,
cached,wp-json/wp/v2/posts/910.json,https://bikinlaper.com/wp-json/wp/v2/posts/910,20231211211344,application/json,22705,a8e9698cc9318f5e40c9488f498eebf375bdabbc3e8970fc0a056513d389129d,https://web.archive.org/web/20231211211344id_/https://bikinlaper.com/wp-json/wp/v2/posts/910,
cached,wp-json/wp/v2/posts/916.json,https://bikinlaper.com/wp-json/wp/v2/posts/916,20231211154309,application/json,18884,e36e96546f31209cb7bc7e2d42a78813b2dcd398851546471f595a6a4636dd70,https://web.archive.org/web/20231211154309id_/https://bikinlaper.com/wp-json/wp/v2/posts/916,
cached,wp-json/wp/v2/posts/919.json,https://bikinlaper.com/wp-json/wp/v2/posts/919,20231211154256,application/json,18349,5208790fe8ddfd9579808d2f7fa3a0f24e5696ef4bd406848c61e5d9ebf0ed0f,https://web.archive.org/web/20231211154256id_/https://bikinlaper.com/wp-json/wp/v2/posts/919,
cached,wp-json/wp/v2/posts/925.json,https://bikinlaper.com/wp-json/wp/v2/posts/925,20231211154307,application/json,19920,3b3a22f041315a5bdf052a408b0117802c87a0f9d02cc5464b26f41d5a4007a1,https://web.archive.org/web/20231211154307id_/https://bikinlaper.com/wp-json/wp/v2/posts/925,
downloaded,tag/kuliner-nusa-tenggara/index.html,https://bikinlaper.com/tag/kuliner-nusa-tenggara/,20251009142249,text/html,85152,a16863d72d549da364dc270ecba6081a64a3998d1ae3c7f38aff106deb88cf79,https://web.archive.org/web/20251009142249id_/https://bikinlaper.com/tag/kuliner-nusa-tenggara/,
downloaded,tag/kuliner/index.html,https://bikinlaper.com/tag/kuliner/,20250214013757,text/html,91059,4e45a90ccaa40ad59ddcc8718663785225d86e87da316cde6705c82bb952287b,https://web.archive.org/web/20250214013757id_/https://bikinlaper.com/tag/kuliner/,
downloaded,tag/makan-apa-hari-ini/index.html,https://bikinlaper.com/tag/makan-apa-hari-ini/,20250513031955,text/html,79795,6fa4a737c7496c86fde83aa173c35de4019a4dd8d9e17538959c6ef4b97cb518,https://web.archive.org/web/20250513031955id_/https://bikinlaper.com/tag/makan-apa-hari-ini/,
downloaded,tag/makanan-imlek/index.html,https://bikinlaper.com/tag/makanan-imlek/,20250718235917,text/html,79778,4ab054c91be270a16e3402da9471ea8a58548e92dc915a1132e59f50c5d1d66e,https://web.archive.org/web/20250718235917id_/https://bikinlaper.com/tag/makanan-imlek/,
downloaded,tag/makanan-indonesia/index.html,https://bikinlaper.com/tag/makanan-indonesia/,20251009150435,text/html,91049,19d4ac65c45cdf916d8f1234547adf29d9309e3f23681d832b6fe431f35197ea,https://web.archive.org/web/20251009150435id_/https://bikinlaper.com/tag/makanan-indonesia/,
downloaded,tag/makanan-kesehatan-wanita/index.html,https://bikinlaper.com/tag/makanan-kesehatan-wanita/,20251009151332,text/html,79877,51318c96b5c1e6c4f469f7a3e46216001df28cf79910b2a7ca1e5a012f5958a3,https://web.archive.org/web/20251009151332id_/https://bikinlaper.com/tag/makanan-kesehatan-wanita/,
downloaded,tag/makanan-khas-imlek/index.html,https://bikinlaper.com/tag/makanan-khas-imlek/,20250916233746,text/html,79786,920590426c4901aabb077310a46193ef658c2f31474dd9fd676d1c09cb5d62b1,https://web.archive.org/web/20250916233746id_/https://bikinlaper.com/tag/makanan-khas-imlek/,
downloaded,tag/makanan-reproduksi-wanita/index.html,https://bikinlaper.com/tag/makanan-reproduksi-wanita/,20250421151235,text/html,79888,37a8085189c6253508582fd940042591ba5b92d025a757090f38349b24f9b630,https://web.archive.org/web/20250421151235id_/https://bikinlaper.com/tag/makanan-reproduksi-wanita/,
downloaded,tag/makanan-tradisional/index.html,https://bikinlaper.com/tag/makanan-tradisional/,20250217114213,text/html,91571,c1dab1fd073c493ef76861270a5f328db947167ccf092ed795486adefa42d692,https://web.archive.org/web/20250217114213id_/https://bikinlaper.com/tag/makanan-tradisional/,
downloaded,tips-mencari-franchise-warteg-murah-dan-cepat-balik-modal/index.html,https://bikinlaper.com/tips-mencari-franchise-warteg-murah-dan-cepat-balik-modal/,20250807041806,text/html,168665,c2595af79bb1f14c724ffbf8c9ea99426ec0435a9a27819b12df1fa34b5bd5c8,https://web.archive.org/web/20250807041806id_/https://bikinlaper.com/tips-mencari-franchise-warteg-murah-dan-cepat-balik-modal/,
downloaded,usaha-kuliner-menyajikan-kelezatan-dan-keberagaman-dalam-industri-makanan/feed.xml,https://bikinlaper.com/usaha-kuliner-menyajikan-kelezatan-dan-keberagaman-dalam-industri-makanan/feed/,20231211154238,application/rss+xml,1061,8c9b9050e49f61efd8d3e0e66472d7e8116ef56e8f23620e218938e3d1cf416a,https://web.archive.org/web/20231211154238id_/https://bikinlaper.com/usaha-kuliner-menyajikan-kelezatan-dan-keberagaman-dalam-industri-makanan/feed/,
downloaded,usaha-kuliner-menyajikan-kelezatan-dan-keberagaman-dalam-industri-makanan/index.html,https://bikinlaper.com/usaha-kuliner-menyajikan-kelezatan-dan-keberagaman-dalam-industri-makanan/,20251009141831,text/html,159422,9268e5b96560f2023770e55cdc79ab9b9318e08e3afdb15c4063ea680d8212cd,https://web.archive.org/web/20251009141831id_/https://bikinlaper.com/usaha-kuliner-menyajikan-kelezatan-dan-keberagaman-dalam-industri-makanan/,
downloaded,vbet-vbet-ukraina-bukmekerskaja-kontora-vbet-skachat-registratsija-s-bonusom-vhod-na-sajt-otzyv.bin,https://bikinlaper.com/vbet-vbet-ukraina-bukmekerskaja-kontora-vbet-skachat-registratsija-s-bonusom-vhod-na-sajt-otzyv/,20240918142206,unk,1469,a28d032ace6b21cf0fa5b21b27b59e95266c5b4e837d3529fc324e13d6dbfe7b,https://web.archive.org/web/20240918142206id_/https://bikinlaper.com/vbet-vbet-ukraina-bukmekerskaja-kontora-vbet-skachat-registratsija-s-bonusom-vhod-na-sajt-otzyv/,
downloaded,waralaba-karens-dinner-membahas-viralitas-makan-malam-yang-kontroversial-dan-pergulatan-pasca-kontroversi/feed.xml,https://bikinlaper.com/waralaba-karens-dinner-membahas-viralitas-makan-malam-yang-kontroversial-dan-pergulatan-pasca-kontroversi/feed/,20231211154242,application/rss+xml,1196,d1e828aa90ec8d196f37ca09961cfabd95cc1cff059a2fbdc72407bd1f351813,https://web.archive.org/web/20231211154242id_/https://bikinlaper.com/waralaba-karens-dinner-membahas-viralitas-makan-malam-yang-kontroversial-dan-pergulatan-pasca-kontroversi/feed/,
downloaded,waralaba-karens-dinner-membahas-viralitas-makan-malam-yang-kontroversial-dan-pergulatan-pasca-kontroversi/index.html,https://bikinlaper.com/waralaba-karens-dinner-membahas-viralitas-makan-malam-yang-kontroversial-dan-pergulatan-pasca-kontroversi/,20240305004513,text/html,1307,af3d9707dc5eb3fa33f79d2ad010cfb67dfbb4e0b6d8f5ae3a47f3b6b9891cf0,https://web.archive.org/web/20240305004513id_/https://bikinlaper.com/waralaba-karens-dinner-membahas-viralitas-makan-malam-yang-kontroversial-dan-pergulatan-pasca-kontroversi/,
downloaded,waralaba-karens-dinner-membahas-viralitas-makan-malam-yang-kontroversial-dan-pergulatan-pasca-kontroversi/karens-dinner/index.html,https://bikinlaper.com/waralaba-karens-dinner-membahas-viralitas-makan-malam-yang-kontroversial-dan-pergulatan-pasca-kontroversi/karens-dinner/,20251009140748,text/html,88718,ca4a3d63ceb0b999c64381dfcd068ee3603f6a47d06fc419a693f9899f3f6aa3,https://web.archive.org/web/20251009140748id_/https://bikinlaper.com/waralaba-karens-dinner-membahas-viralitas-makan-malam-yang-kontroversial-dan-pergulatan-pasca-kontroversi/karens-dinner/,
downloaded,waralaba-warteg-kekinian-trend-usaha-kuliner-masakini/index.html,https://bikinlaper.com/waralaba-warteg-kekinian-trend-usaha-kuliner-masakini/,20251009142638,text/html,176408,89465b5bd923ce577f9ca62b1cd9d77925dc73b19ba00923c5318cf27813f4d3,https://web.archive.org/web/20251009142638id_/https://bikinlaper.com/waralaba-warteg-kekinian-trend-usaha-kuliner-masakini/,
downloaded,warung-sambel-damas-eksplorasi-sensasi-pedas/index.html,https://bikinlaper.com/warung-sambel-damas-eksplorasi-sensasi-pedas/,20251009145049,text/html,152325,f916d92322f602f20400d3c8fe4375aacfc557795bdae588407729bfb98dba50,https://web.archive.org/web/20251009145049id_/https://bikinlaper.com/warung-sambel-damas-eksplorasi-sensasi-pedas/,
downloaded,warung-sambel-damas-eksplorasi-sensasi-pedas/screenshot-2024-04-16-153124/index.html,https://bikinlaper.com/warung-sambel-damas-eksplorasi-sensasi-pedas/screenshot-2024-04-16-153124/,20251007044845,text/html,87793,51f5b48a187f24e153a354b9c5dd8577bc3dbbb103fee52beb7af914825b226d,https://web.archive.org/web/20251007044845id_/https://bikinlaper.com/warung-sambel-damas-eksplorasi-sensasi-pedas/screenshot-2024-04-16-153124/,
downloaded,warung-sambel-damas-eksplorasi-sensasi-pedas/screenshot-2024-04-16-153309/index.html,https://bikinlaper.com/warung-sambel-damas-eksplorasi-sensasi-pedas/screenshot-2024-04-16-153309/,20251007061736,text/html,87793,138ffe00b102d8da94d741f92684c0db4f8a7648510b680b3c15754f49cc2d76,https://web.archive.org/web/20251007061736id_/https://bikinlaper.com/warung-sambel-damas-eksplorasi-sensasi-pedas/screenshot-2024-04-16-153309/,
downloaded,wp-content/plugins/elementor/assets/css/conditionals/e-swiper.min.css,https://bikinlaper.com/wp-content/plugins/elementor/assets/css/conditionals/e-swiper.min.css,20241122045359,text/css,10260,9bc52b3c4e9973d64baa482f332ed895f80d0cd2be37e6a49bf1a2e831eb5ac9,https://web.archive.org/web/20241122045359id_/https://bikinlaper.com/wp-content/plugins/elementor/assets/css/conditionals/e-swiper.min.css,
downloaded,wp-content/plugins/elementor/assets/css/frontend-lite.min__q_a2a6f75a58.css,https://bikinlaper.com/wp-content/plugins/elementor/assets/css/frontend-lite.min.css?ver=3.17.3,20231211142722,text/css,117332,1485ffaff2359f92ff114399e20bd9497016d5efacf39a60d3e720d5f77c7f31,https://web.archive.org/web/20231211142722id_/https://bikinlaper.com/wp-content/plugins/elementor/assets/css/frontend-lite.min.css?ver=3.17.3,
downloaded,wp-content/plugins/sneeit-framework/js/html5.js,https://bikinlaper.com/wp-content/plugins/sneeit-framework/js/html5.js,20231211142754,application/javascript,10330,a4b3b91b775b356ac4b5c34ac94dbcc1212ef23b5e89bfa9bfcc92e285a4447a,https://web.archive.org/web/20231211142754id_/https://bikinlaper.com/wp-content/plugins/sneeit-framework/js/html5.js,
downloaded,wp-content/plugins/sneeit-framework/js/min/front-menus-compact.min__q_adfba06ad7.js,https://bikinlaper.com/wp-content/plugins/sneeit-framework/js/min/front-menus-compact.min.js?ver=8.2,20231211142742,application/javascript,5266,9946fdb0e9520378412582b3ed9bdeb5f10ef1d173df164a138f90f1725fa125,https://web.archive.org/web/20231211142742id_/https://bikinlaper.com/wp-content/plugins/sneeit-framework/js/min/front-menus-compact.min.js?ver=8.2,
downloaded,wp-content/plugins/sneeit-framework/js/min/front-responsive.min__q_adfba06ad7.js,https://bikinlaper.com/wp-content/plugins/sneeit-framework/js/min/front-responsive.min.js?ver=8.2,20231211142751,application/javascript,1961,b8e1203acfdc0821b267e08c99e59af4a7e436b3d4056b069ca2542fe508195a,https://web.archive.org/web/20231211142751id_/https://bikinlaper.com/wp-content/plugins/sneeit-framework/js/min/front-responsive.min.js?ver=8.2,
downloaded,wp-content/plugins/sneeit-framework/js/min/front-sticky-columns.min__q_adfba06ad7.js,https://bikinlaper.com/wp-content/plugins/sneeit-framework/js/min/front-sticky-columns.min.js?ver=8.2,20231211142740,application/javascript,3456,b5467ca098ce5112f627b7835d45d82375a195b689fa7b85cd79cb83f849ae9d,https://web.archive.org/web/20231211142740id_/https://bikinlaper.com/wp-content/plugins/sneeit-framework/js/min/front-sticky-columns.min.js?ver=8.2,
downloaded,wp-content/plugins/wpforms-lite/assets/js/integrations/elementor/frontend.min__q_fdc84632ee.js,https://bikinlaper.com/wp-content/plugins/wpforms-lite/assets/js/integrations/elementor/frontend.min.js?ver=1.8.4.1,20231211142758,application/javascript,771,2dea57483641f8762937dfd9b09126a9b21c88bd3d7486186003e0bbb9043145,https://web.archive.org/web/20231211142758id_/https://bikinlaper.com/wp-content/plugins/wpforms-lite/assets/js/integrations/elementor/frontend.min.js?ver=1.8.4.1,
downloaded,wp-content/plugins/zox-alp/scripts/jquery.sticky-kit.min.js,https://bikinlaper.com/wp-content/plugins/zox-alp//scripts/jquery.sticky-kit.min.js,20241122040808,text/javascript,2798,8e8230f2d1e6e230d63f5bd3091ea092eb8d1f447b5f6c84c5b776cf4f50a65d,https://web.archive.org/web/20241122040808id_/https://bikinlaper.com/wp-content/plugins/zox-alp//scripts/jquery.sticky-kit.min.js,
downloaded,wp-content/plugins/zox-alp/scripts/jquery.waypoints.min.js,https://bikinlaper.com/wp-content/plugins/zox-alp//scripts/jquery.waypoints.min.js,20241122045107,text/javascript,10478,42656c5a534309426b3c5452b07c4013df29165e754e36e51d724ad962bebc1f,https://web.archive.org/web/20241122045107id_/https://bikinlaper.com/wp-content/plugins/zox-alp//scripts/jquery.waypoints.min.js,
downloaded,wp-content/themes/flatnews/assets/css/min/main.min__q_9be4512521.css,https://bikinlaper.com/wp-content/themes/flatnews/assets/css/min/main.min.css?ver=5.6,20231211142742,text/css,63182,268866adba37ce9edefc46419b736b10d2e131e89054ad89f146bef47c83f94e,https://web.archive.org/web/20231211142742id_/https://bikinlaper.com/wp-content/themes/flatnews/assets/css/min/main.min.css?ver=5.6,
downloaded,wp-content/themes/flatnews/assets/css/min/responsive.min__q_9be4512521.css,https://bikinlaper.com/wp-content/themes/flatnews/assets/css/min/responsive.min.css?ver=5.6,20231211142755,text/css,2805,3998c4a89cd15fa10c172e0b1201b1d5726946d7b09d5e55f38d49054ca506f9,https://web.archive.org/web/20231211142755id_/https://bikinlaper.com/wp-content/themes/flatnews/assets/css/min/responsive.min.css?ver=5.6,
downloaded,wp-content/themes/flatnews/assets/js/min/main.min__q_9be4512521.js,https://bikinlaper.com/wp-content/themes/flatnews/assets/js/min/main.min.js?ver=5.6,20231211142754,application/javascript,56810,ae39ea8b9bb86d012d2991282e793a23c378ba11c83475e38c6d0c5e6f91c84c,https://web.archive.org/web/20231211142754id_/https://bikinlaper.com/wp-content/themes/flatnews/assets/js/min/main.min.js?ver=5.6,
downloaded,wp-content/themes/zox-news/css/media-queries.css,https://bikinlaper.com/wp-content/themes/zox-news/css/media-queries.css,20241122035032,text/css,125461,54a154c7cfb58f84d9cf10cf29aa979b4a0bbef7058ea7faf05baec4cccd33da,https://web.archive.org/web/20241122035032id_/https://bikinlaper.com/wp-content/themes/zox-news/css/media-queries.css,
downloaded,wp-content/themes/zox-news/css/reset.css,https://bikinlaper.com/wp-content/themes/zox-news/css/reset.css,20241122043853,text/css,1082,a56add0a0fe88ca8ad47ea3def87d8d5934976680db80c6530c0b28529854f0b,https://web.archive.org/web/20241122043853id_/https://bikinlaper.com/wp-content/themes/zox-news/css/reset.css,
downloaded,wp-content/uploads/2016/12/food20.jpg-1200x800.webp,https://bikinlaper.com/wp-content/uploads/2016/12/food20.jpg-1200x800.webp,20231211145752,image/webp,147384,8a6ffc4577786b2928be72ecef78923a0be35d38a3ebb9749ddd4405898e11b8,https://web.archive.org/web/20231211145752id_/https://bikinlaper.com/wp-content/uploads/2016/12/food20.jpg-1200x800.webp,
downloaded,wp-content/uploads/2016/12/food5.jpg-400x267.webp,https://bikinlaper.com/wp-content/uploads/2016/12/food5.jpg-400x267.webp,20231211154305,image/webp,47684,4f8f4da920cdf22ec0c1db15d3832a405fba3e5f355b981463849565ee12bcac,https://web.archive.org/web/20231211154305id_/https://bikinlaper.com/wp-content/uploads/2016/12/food5.jpg-400x267.webp,
downloaded,wp-content/uploads/2016/12/food5.jpg-450x300.webp,https://bikinlaper.com/wp-content/uploads/2016/12/food5.jpg-450x300.webp,20231211154241,image/webp,57810,d4032053b41d5a8e0628072ae1d3abedc221a77f6484693867bf5398a424d559,https://web.archive.org/web/20231211154241id_/https://bikinlaper.com/wp-content/uploads/2016/12/food5.jpg-450x300.webp,
downloaded,wp-content/uploads/2016/12/food5.jpg-500x333.webp,https://bikinlaper.com/wp-content/uploads/2016/12/food5.jpg-500x333.webp,20231211154239,image/webp,68206,bd87a648ce07690d42d5ba432304932a80f8372ad885515c14eeee6102a61473,https://web.archive.org/web/20231211154239id_/https://bikinlaper.com/wp-content/uploads/2016/12/food5.jpg-500x333.webp,
downloaded,wp-content/uploads/2016/12/food5.jpg-550x367.webp,https://bikinlaper.com/wp-content/uploads/2016/12/food5.jpg-550x367.webp,20231211154255,image/webp,79234,c825e4fe4875658deb78347984752b995e820c6611241fae3117842fd8d9f499,https://web.archive.org/web/20231211154255id_/https://bikinlaper.com/wp-content/uploads/2016/12/food5.jpg-550x367.webp,
downloaded,wp-content/uploads/2016/12/food5.jpg-650x433.webp,https://bikinlaper.com/wp-content/uploads/2016/12/food5.jpg-650x433.webp,20231211154246,image/webp,102272,ffe44d84908aebf95b5a2a74541beff32bec661088374976a91dab743219ac73,https://web.archive.org/web/20231211154246id_/https://bikinlaper.com/wp-content/uploads/2016/12/food5.jpg-650x433.webp,
downloaded,wp-content/uploads/2016/12/food5.jpg-768x512.webp,https://bikinlaper.com/wp-content/uploads/2016/12/food5.jpg-768x512.webp,20231211154243,image/webp,133622,dc774a73e34ba996765fcc614fdc1f59360419e9808bfb71833d13b6970a0e92,https://web.archive.org/web/20231211154243id_/https://bikinlaper.com/wp-content/uploads/2016/12/food5.jpg-768x512.webp,
downloaded,wp-content/uploads/2016/12/food5.jpg-800x533.webp,https://bikinlaper.com/wp-content/uploads/2016/12/food5.jpg-800x533.webp,20231211154241,image/webp,141880,8102969073d209eca6e39d016d007278509f07cb71d5c29740abbb25fa8c39e3,https://web.archive.org/web/20231211154241id_/https://bikinlaper.com/wp-content/uploads/2016/12/food5.jpg-800x533.webp,
downloaded,wp-content/uploads/2016/12/food5.jpg.webp,https://bikinlaper.com/wp-content/uploads/2016/12/food5.jpg.webp,20231211154249,image/webp,354326,16d199d3612f4312a5fc4cae6d83e3ea9b05977be8bf11557d948d72b2bb8a71,https://web.archive.org/web/20231211154249id_/https://bikinlaper.com/wp-content/uploads/2016/12/food5.jpg.webp,
downloaded,wp-content/uploads/2016/12/food6.jpg-100x67.webp,https://bikinlaper.com/wp-content/uploads/2016/12/food6.jpg-100x67.webp,20231211145817,image/webp,3270,d354f273c25740c35b3ee8b590ab172bc1487c6cc8df9533b0c4d87bcbc7273b,https://web.archive.org/web/20231211145817id_/https://bikinlaper.com/wp-content/uploads/2016/12/food6.jpg-100x67.webp,
downloaded,wp-content/uploads/2016/12/food6.jpg-1200x801.webp,https://bikinlaper.com/wp-content/uploads/2016/12/food6.jpg-1200x801.webp,20231211145908,image/webp,88746,d424f4a01948bea513849a086473d43f476081980433d704c64cda5e08a2e822,https://web.archive.org/web/20231211145908id_/https://bikinlaper.com/wp-content/uploads/2016/12/food6.jpg-1200x801.webp,
downloaded,wp-content/uploads/2016/12/food6.jpg-150x100.webp,https://bikinlaper.com/wp-content/uploads/2016/12/food6.jpg-150x100.webp,20231211145819,image/webp,5906,faa7d1bafb80690cc9f47ab4549260d6c5c4d659a9fc7e0f0276474b6b1d7721,https://web.archive.org/web/20231211145819id_/https://bikinlaper.com/wp-content/uploads/2016/12/food6.jpg-150x100.webp,
downloaded,wp-content/uploads/2016/12/food6.jpg-1536x1025.webp,https://bikinlaper.com/wp-content/uploads/2016/12/food6.jpg-1536x1025.webp,20231211145826,image/webp,118214,110b930b28f6441acb38454f8ed38c4870ef7d530eed6b02180d2a7edb5f4d8f,https://web.archive.org/web/20231211145826id_/https://bikinlaper.com/wp-content/uploads/2016/12/food6.jpg-1536x1025.webp,
downloaded,wp-content/uploads/2023/10/franchise-ayam-goreng-250x159.jpg,https://bikinlaper.com/wp-content/uploads/2023/10/franchise-ayam-goreng-250x159.jpg,20231211145852,image/jpeg,11562,5f60f97708d353ba1ef1f9d846d595e882bb66ae9e7dc20002ab28c01f251232,https://web.archive.org/web/20231211145852id_/https://bikinlaper.com/wp-content/uploads/2023/10/franchise-ayam-goreng-250x159.jpg,
downloaded,wp-content/uploads/2023/10/franchise-ayam-goreng-400x255.jpg,https://bikinlaper.com/wp-content/uploads/2023/10/franchise-ayam-goreng-400x255.jpg,20231211145850,image/jpeg,25398,42d5090503fb1bd68e7decb3831336d78dcbb0950fbc33daccca635849739eed,https://web.archive.org/web/20231211145850id_/https://bikinlaper.com/wp-content/uploads/2023/10/franchise-ayam-goreng-400x255.jpg,
downloaded,wp-content/uploads/2023/10/franchise-ayam-goreng-650x414.jpg,https://bikinlaper.com/wp-content/uploads/2023/10/franchise-ayam-goreng-650x414.jpg,20231211145851,image/jpeg,57861,a2c490708d2a7d0f450464c89836d0ccf56e8e24f4f560ea2e1aa5dd7f30329d,https://web.archive.org/web/20231211145851id_/https://bikinlaper.com/wp-content/uploads/2023/10/franchise-ayam-goreng-650x414.jpg,
downloaded,wp-content/uploads/2023/10/franchise-ayam-goreng-768x489.jpg,https://bikinlaper.com/wp-content/uploads/2023/10/franchise-ayam-goreng-768x489.jpg,20231211145923,image/jpeg,74737,5d62fafaf0361e4a44bb12edacaacea501bd6893e70712118335d37b4b0dc24a,https://web.archive.org/web/20231211145923id_/https://bikinlaper.com/wp-content/uploads/2023/10/franchise-ayam-goreng-768x489.jpg,
downloaded,wp-content/uploads/2023/10/franchise-ayam-goreng-800x510.jpg,https://bikinlaper.com/wp-content/uploads/2023/10/franchise-ayam-goreng-800x510.jpg,20231211145856,image/jpeg,79156,c72821adc2497aa1b1cfd428e5be6c4e7898aeb492224c84f5f491c1db3ad136,https://web.archive.org/web/20231211145856id_/https://bikinlaper.com/wp-content/uploads/2023/10/franchise-ayam-goreng-800x510.jpg,
downloaded,wp-content/uploads/2023/10/interior-shot-cafe-with-chairs-near-bar-with-wooden-tables-100x67.jpg,https://bikinlaper.com/wp-content/uploads/2023/10/interior-shot-cafe-with-chairs-near-bar-with-wooden-tables-100x67.jpg,20240123090723,image/jpeg,3505,6f86f140fdcd635c1a11bf6449f0d1d86708b225bd0409f4e04ed651d63fd516,https://web.archive.org/web/20240123090723id_/https://bikinlaper.com/wp-content/uploads/2023/10/interior-shot-cafe-with-chairs-near-bar-with-wooden-tables-100x67.jpg,
downloaded,wp-content/uploads/2023/10/interior-shot-cafe-with-chairs-near-bar-with-wooden-tables-150x100.jpg,https://bikinlaper.com/wp-content/uploads/2023/10/interior-shot-cafe-with-chairs-near-bar-with-wooden-tables-150x100.jpg,20240123090730,image/jpeg,6033,6a782a48ba7f7d7b696388aa4d6653017b04cfee48bfd51ff951755d5f3e8b38,https://web.archive.org/web/20240123090730id_/https://bikinlaper.com/wp-content/uploads/2023/10/interior-shot-cafe-with-chairs-near-bar-with-wooden-tables-150x100.jpg,
downloaded,wp-content/uploads/2023/10/interior-shot-cafe-with-chairs-near-bar-with-wooden-tables-200x133.jpg,https://bikinlaper.com/wp-content/uploads/2023/10/interior-shot-cafe-with-chairs-near-bar-with-wooden-tables-200x133.jpg,20240123090722,image/jpeg,9262,b663d3418aff28e8e169384a40231c0f09027ebeb69c50093d10bae4871237f2,https://web.archive.org/web/20240123090722id_/https://bikinlaper.com/wp-content/uploads/2023/10/interior-shot-cafe-with-chairs-near-bar-with-wooden-tables-200x133.jpg,
downloaded,wp-content/uploads/2023/10/interior-shot-cafe-with-chairs-near-bar-with-wooden-tables-300x200.jpg,https://bikinlaper.com/wp-content/uploads/2023/10/interior-shot-cafe-with-chairs-near-bar-with-wooden-tables-300x200.jpg,20240123090725,image/jpeg,17159,4f13fdd11d170c5c5f37522271f2ac6c688379553b163471ea047d0c180e6563,https://web.archive.org/web/20240123090725id_/https://bikinlaper.com/wp-content/uploads/2023/10/interior-shot-cafe-with-chairs-near-bar-with-wooden-tables-300x200.jpg,
downloaded,wp-content/uploads/2023/10/interior-shot-cafe-with-chairs-near-bar-with-wooden-tables-350x233.jpg,https://bikinlaper.com/wp-content/uploads/2023/10/interior-shot-cafe-with-chairs-near-bar-with-wooden-tables-350x233.jpg,20240123090727,image/jpeg,21984,3d478a4ea245eba1c848a44a2f618455784578c9f94570bd9790d32a27d50ebf,https://web.archive.org/web/20240123090727id_/https://bikinlaper.com/wp-content/uploads/2023/10/interior-shot-cafe-with-chairs-near-bar-with-wooden-tables-350x233.jpg,
downloaded,wp-content/uploads/2023/10/interior-shot-cafe-with-chairs-near-bar-with-wooden-tables-450x300.jpg,https://bikinlaper.com/wp-content/uploads/2023/10/interior-shot-cafe-with-chairs-near-bar-with-wooden-tables-450x300.jpg,20240123090725,image/jpeg,32576,a527c28333808fb42ece83cacc9302ff23ead2a07bf4a3d7f09dd1a04251b97e,https://web.archive.org/web/20240123090725id_/https://bikinlaper.com/wp-content/uploads/2023/10/interior-shot-cafe-with-chairs-near-bar-with-wooden-tables-450x300.jpg,
downloaded,wp-content/uploads/2023/10/interior-shot-cafe-with-chairs-near-bar-with-wooden-tables-500x334.jpg,https://bikinlaper.com/wp-content/uploads/2023/10/interior-shot-cafe-with-chairs-near-bar-with-wooden-tables-500x334.jpg,20240123090731,image/jpeg,38568,f0a5b9e1ce76c67c816641a16b5943e7e82cd808ce3e6706d135c020d75007a5,https://web.archive.org/web/20240123090731id_/https://bikinlaper.com/wp-content/uploads/2023/10/interior-shot-cafe-with-chairs-near-bar-with-wooden-tables-500x334.jpg,
downloaded,wp-content/uploads/2023/10/interior-shot-cafe-with-chairs-near-bar-with-wooden-tables-50x33.jpg,https://bikinlaper.com/wp-content/uploads/2023/10/interior-shot-cafe-with-chairs-near-bar-with-wooden-tables-50x33.jpg,20240123090731,image/jpeg,1577,d497626090b2188ca0f1a6f93713f74b839208721b782e409cc4f810d82e8b8f,https://web.archive.org/web/20240123090731id_/https://bikinlaper.com/wp-content/uploads/2023/10/interior-shot-cafe-with-chairs-near-bar-with-wooden-tables-50x33.jpg,
downloaded,wp-content/uploads/2023/10/warteg-650x433.jpg,https://bikinlaper.com/wp-content/uploads/2023/10/warteg-650x433.jpg,20231211145809,image/jpeg,86330,e065d34f62c0e0b79fedf402ae6df3fb748ee04d3f1b2f68824a304ae2a38856,https://web.archive.org/web/20231211145809id_/https://bikinlaper.com/wp-content/uploads/2023/10/warteg-650x433.jpg,
downloaded,wp-content/uploads/2023/10/warteg-bahari-400x281.jpeg,https://bikinlaper.com/wp-content/uploads/2023/10/warteg-bahari-400x281.jpeg,20231211145846,image/jpeg,31512,419fb16a5f0701769515f7319b31f086f55a6d0ce709a16ec1f86807091f2142,https://web.archive.org/web/20231211145846id_/https://bikinlaper.com/wp-content/uploads/2023/10/warteg-bahari-400x281.jpeg,
downloaded,wp-content/uploads/2023/10/warteg-bahari-768x539.jpeg,https://bikinlaper.com/wp-content/uploads/2023/10/warteg-bahari-768x539.jpeg,20231211145855,image/jpeg,83750,4a7fdeaf5f4e22db36952ed2f115219016128e117db4d3ddc78e2d7c396013a7,https://web.archive.org/web/20231211145855id_/https://bikinlaper.com/wp-content/uploads/2023/10/warteg-bahari-768x539.jpeg,
downloaded,wp-content/uploads/2023/10/warteg-waralaba-100x74.webp,https://bikinlaper.com/wp-content/uploads/2023/10/warteg-waralaba-100x74.webp,20231211145803,image/webp,3482,196e84729e51fc2ca56a88f707b8a7cb4ea811073bcffb7ef31e3a8d907c01de,https://web.archive.org/web/20231211145803id_/https://bikinlaper.com/wp-content/uploads/2023/10/warteg-waralaba-100x74.webp,
downloaded,wp-content/uploads/2023/10/warteg-waralaba-150x112.webp,https://bikinlaper.com/wp-content/uploads/2023/10/warteg-waralaba-150x112.webp,20231211145806,image/webp,6720,b3a0d6ab613362694c957547c452a68a4cb7e416ed4032f5e9fca2d196b94cb3,https://web.archive.org/web/20231211145806id_/https://bikinlaper.com/wp-content/uploads/2023/10/warteg-waralaba-150x112.webp,
downloaded,wp-content/uploads/2023/10/warteg-waralaba-200x149.webp,https://bikinlaper.com/wp-content/uploads/2023/10/warteg-waralaba-200x149.webp,20231211145746,image/webp,10916,f0a1b31fe6b3fbfbffca3de08a4ce3359e3778b27b5fe64c62f70a02e71f181d,https://web.archive.org/web/20231211145746id_/https://bikinlaper.com/wp-content/uploads/2023/10/warteg-waralaba-200x149.webp,
downloaded,wp-content/uploads/2023/10/warteg-waralaba-250x186.webp,https://bikinlaper.com/wp-content/uploads/2023/10/warteg-waralaba-250x186.webp,20231211145733,image/webp,15814,00133903d2439ce187fdc18e200145e0f55af9ebc8bc0cf41b7d7c6918c71c44,https://web.archive.org/web/20231211145733id_/https://bikinlaper.com/wp-content/uploads/2023/10/warteg-waralaba-250x186.webp,
downloaded,wp-content/uploads/2023/10/warteg-waralaba-300x223.webp,https://bikinlaper.com/wp-content/uploads/2023/10/warteg-waralaba-300x223.webp,20231211145730,image/webp,21168,23c9ec4466af8f6bc4cf27d8cc5cdde72f02dfe286cd614880431d8033efb499,https://web.archive.org/web/20231211145730id_/https://bikinlaper.com/wp-content/uploads/2023/10/warteg-waralaba-300x223.webp,
downloaded,wp-content/uploads/2023/10/warteg-waralaba-400x298.webp,https://bikinlaper.com/wp-content/uploads/2023/10/warteg-waralaba-400x298.webp,20231211145728,image/webp,33378,a3158bbd534ff405db20746618384222b3554c1490965c71d4827fea323223de,https://web.archive.org/web/20231211145728id_/https://bikinlaper.com/wp-content/uploads/2023/10/warteg-waralaba-400x298.webp,
downloaded,wp-content/uploads/2023/10/warteg-waralaba-450x335.webp,https://bikinlaper.com/wp-content/uploads/2023/10/warteg-waralaba-450x335.webp,20231211145732,image/webp,38952,56c72bb1ba9389ac5548afb44b4a6ebbadd0881292c935675122f9e8f0b4a209,https://web.archive.org/web/20231211145732id_/https://bikinlaper.com/wp-content/uploads/2023/10/warteg-waralaba-450x335.webp,
downloaded,wp-content/uploads/2023/10/warteg-waralaba-500x372.webp,https://bikinlaper.com/wp-content/uploads/2023/10/warteg-waralaba-500x372.webp,20231211145801,image/webp,45476,e273e33058c3adc6ec113b9d8cd3729622484de65de2787d9acd93d67e187936,https://web.archive.org/web/20231211145801id_/https://bikinlaper.com/wp-content/uploads/2023/10/warteg-waralaba-500x372.webp,
downloaded,wp-content/uploads/2023/10/warteg-waralaba-50x37.webp,https://bikinlaper.com/wp-content/uploads/2023/10/warteg-waralaba-50x37.webp,20231211145749,image/webp,1346,c4e9acf4f9d4023d2284f0087c997247f79c1d25d36a0cfd6cbc88b829de4424,https://web.archive.org/web/20231211145749id_/https://bikinlaper.com/wp-content/uploads/2023/10/warteg-waralaba-50x37.webp,
downloaded,wp-content/uploads/2023/10/warteg-waralaba-550x409.webp,https://bikinlaper.com/wp-content/uploads/2023/10/warteg-waralaba-550x409.webp,20231211145747,image/webp,51844,5fa288b5d8f7f66de6e3c6414755d4fdb5ced534e866e057d8c3b16019b56b4d,https://web.archive.org/web/20231211145747id_/https://bikinlaper.com/wp-content/uploads/2023/10/warteg-waralaba-550x409.webp,
downloaded,wp-content/uploads/2023/10/warteg-waralaba-650x484.webp,https://bikinlaper.com/wp-content/uploads/2023/10/warteg-waralaba-650x484.webp,20231211145728,image/webp,65370,cc39207127c6698480dcaf1608fb903a86fd37b3218ac7783f46f5cc33e45382,https://web.archive.org/web/20231211145728id_/https://bikinlaper.com/wp-content/uploads/2023/10/warteg-waralaba-650x484.webp,
downloaded,wp-content/uploads/2023/10/warteg-waralaba-768x572.webp,https://bikinlaper.com/wp-content/uploads/2023/10/warteg-waralaba-768x572.webp,20231211145748,image/webp,79210,ef13a75690037e8aaace47c5e86c6a56cabd03abeac1e7ecb28b31d2d4ccbc3b,https://web.archive.org/web/20231211145748id_/https://bikinlaper.com/wp-content/uploads/2023/10/warteg-waralaba-768x572.webp,
downloaded,wp-content/uploads/2023/10/warteg-waralaba-800x595.webp,https://bikinlaper.com/wp-content/uploads/2023/10/warteg-waralaba-800x595.webp,20231211145730,image/webp,83054,92704022ead9cdf1224fe7c90f32480f71bb593482bd73f953246e715ad4a5a7,https://web.archive.org/web/20231211145730id_/https://bikinlaper.com/wp-content/uploads/2023/10/warteg-waralaba-800x595.webp,
downloaded,wp-content/uploads/2023/10/warteg-waralaba.webp,https://bikinlaper.com/wp-content/uploads/2023/10/warteg-waralaba.webp,20231211145755,image/webp,656870,4ccac1a9a4c268ba104c32347f6fcae6342515d9e76c37e31a99b6c8d762fd6f,https://web.archive.org/web/20231211145755id_/https://bikinlaper.com/wp-content/uploads/2023/10/warteg-waralaba.webp,
downloaded,wp-content/uploads/2023/10/warung-makan-terdekat-100x50.jpg,https://bikinlaper.com/wp-content/uploads/2023/10/warung-makan-terdekat-100x50.jpg,20231226150826,image/jpeg,2856,ef73cb890ed29ebb86442702243053a1623569473464246d5c3a281ad3c4c676,https://web.archive.org/web/20231226150826id_/https://bikinlaper.com/wp-content/uploads/2023/10/warung-makan-terdekat-100x50.jpg,
downloaded,wp-content/uploads/2023/10/warung-makan-terdekat-150x75.jpg,https://bikinlaper.com/wp-content/uploads/2023/10/warung-makan-terdekat-150x75.jpg,20231227110756,image/jpeg,5145,c2502115c35756617e1f100db94b91750471874d82c872a5c7d6e75db97b916f,https://web.archive.org/web/20231227110756id_/https://bikinlaper.com/wp-content/uploads/2023/10/warung-makan-terdekat-150x75.jpg,
downloaded,wp-content/uploads/2023/10/warung-makan-terdekat-200x100.jpg,https://bikinlaper.com/wp-content/uploads/2023/10/warung-makan-terdekat-200x100.jpg,20231226141539,image/jpeg,8129,6661bf1d449c5ce5f9fb0f8afa14a1af457a0471ab4c6c2bcd577bc79e0f2c0a,https://web.archive.org/web/20231226141539id_/https://bikinlaper.com/wp-content/uploads/2023/10/warung-makan-terdekat-200x100.jpg,
downloaded,wp-content/uploads/2023/10/warung-makan-terdekat-250x125.jpg,https://bikinlaper.com/wp-content/uploads/2023/10/warung-makan-terdekat-250x125.jpg,20231227110806,image/jpeg,11818,79e1993fd4d2ddeeee39ef6db196a1e73960c1bcad5c076967c719d7a2148672,https://web.archive.org/web/20231227110806id_/https://bikinlaper.com/wp-content/uploads/2023/10/warung-makan-terdekat-250x125.jpg,
downloaded,wp-content/uploads/2023/10/warung-makan-terdekat-300x150.jpg,https://bikinlaper.com/wp-content/uploads/2023/10/warung-makan-terdekat-300x150.jpg,20231226141351,image/jpeg,15936,6bf3069009db9c8b56e252e06ef010215bfd47e07cf2aa08a8c9fcc809c10e67,https://web.archive.org/web/20231226141351id_/https://bikinlaper.com/wp-content/uploads/2023/10/warung-makan-terdekat-300x150.jpg,
downloaded,wp-content/uploads/2023/10/warung-makan-terdekat-350x175.jpg,https://bikinlaper.com/wp-content/uploads/2023/10/warung-makan-terdekat-350x175.jpg,20231226141551,image/jpeg,20541,eefff98e8272242b825cd644bfbc6ed0e7a92f52d68bce0f2cc65063d93e9159,https://web.archive.org/web/20231226141551id_/https://bikinlaper.com/wp-content/uploads/2023/10/warung-makan-terdekat-350x175.jpg,
downloaded,wp-content/uploads/2023/10/warung-makan-terdekat-400x200.jpg,https://bikinlaper.com/wp-content/uploads/2023/10/warung-makan-terdekat-400x200.jpg,20231226141345,image/jpeg,25650,961fd16f14cd2ba9fff8aed1db049fd351b7ae1db36c60092230a7533d504f9d,https://web.archive.org/web/20231226141345id_/https://bikinlaper.com/wp-content/uploads/2023/10/warung-makan-terdekat-400x200.jpg,
downloaded,wp-content/uploads/2023/10/warung-makan-terdekat-450x225.jpg,https://bikinlaper.com/wp-content/uploads/2023/10/warung-makan-terdekat-450x225.jpg,20231226141350,image/jpeg,31785,623ca7ccefaac2a125d2bfeff425ddfb1fd4905e49678ec1cebf7c810f9e04c8,https://web.archive.org/web/20231226141350id_/https://bikinlaper.com/wp-content/uploads/2023/10/warung-makan-terdekat-450x225.jpg,
downloaded,wp-content/uploads/2023/10/warung-makan-terdekat-500x250.jpg,https://bikinlaper.com/wp-content/uploads/2023/10/warung-makan-terdekat-500x250.jpg,20231226141348,image/jpeg,37124,eb1531b9aedb0c695d7f1bc88fdd00d5a58d7e0307e719240df900615daa8aa9,https://web.archive.org/web/20231226141348id_/https://bikinlaper.com/wp-content/uploads/2023/10/warung-makan-terdekat-500x250.jpg,
downloaded,wp-content/uploads/2023/10/warung-makan-terdekat-50x25.jpg,https://bikinlaper.com/wp-content/uploads/2023/10/warung-makan-terdekat-50x25.jpg,20231226150825,image/jpeg,1281,60c193e1ab95dd37a63bd7632cb5bfc626a4bdf973826060daf3268907c401c9,https://web.archive.org/web/20231226150825id_/https://bikinlaper.com/wp-content/uploads/2023/10/warung-makan-terdekat-50x25.jpg,
downloaded,wp-content/uploads/2023/10/warung-makan-terdekat.jpg,https://bikinlaper.com/wp-content/uploads/2023/10/warung-makan-terdekat.jpg,20231226141346,image/jpeg,49078,f9f60ffe71d971fe72ff876fe0ec454fa334ec7ddc9bf5935b97105818ff3591,https://web.archive.org/web/20231226141346id_/https://bikinlaper.com/wp-content/uploads/2023/10/warung-makan-terdekat.jpg,
downloaded,wp-content/uploads/2023/11/120823779_2745729095755226_7143895580681666546_o-100x100.webp,https://bikinlaper.com/wp-content/uploads/2023/11/120823779_2745729095755226_7143895580681666546_o-100x100.webp,20241122051713,image/webp,3396,c7b81b871d41f32c4521dd28401ff650722c98328f61b1bb4e681bf61268eebe,https://web.archive.org/web/20241122051713id_/https://bikinlaper.com/wp-content/uploads/2023/11/120823779_2745729095755226_7143895580681666546_o-100x100.webp,
downloaded,wp-content/uploads/2023/11/120823779_2745729095755226_7143895580681666546_o-150x150.webp,https://bikinlaper.com/wp-content/uploads/2023/11/120823779_2745729095755226_7143895580681666546_o-150x150.webp,20241122051754,image/webp,5804,feb11d6f66b4541935e2acd04dad06760f78dc35d8446438852954c180d6468d,https://web.archive.org/web/20241122051754id_/https://bikinlaper.com/wp-content/uploads/2023/11/120823779_2745729095755226_7143895580681666546_o-150x150.webp,
downloaded,wp-content/uploads/2023/11/120823779_2745729095755226_7143895580681666546_o-200x200.webp,https://bikinlaper.com/wp-content/uploads/2023/11/120823779_2745729095755226_7143895580681666546_o-200x200.webp,20241122045342,image/webp,8398,6ede3b655f271da16f037cd817d50a536a3b6200a141bc9878e9969e6f0afcf6,https://web.archive.org/web/20241122045342id_/https://bikinlaper.com/wp-content/uploads/2023/11/120823779_2745729095755226_7143895580681666546_o-200x200.webp,
downloaded,wp-content/uploads/2023/11/120823779_2745729095755226_7143895580681666546_o-250x250.webp,https://bikinlaper.com/wp-content/uploads/2023/11/120823779_2745729095755226_7143895580681666546_o-250x250.webp,20241122093545,image/webp,10680,76643915097f6beaaaddc1eb585958ebeaab3bdde5be61e340a9fe12c46ada9a,https://web.archive.org/web/20241122093545id_/https://bikinlaper.com/wp-content/uploads/2023/11/120823779_2745729095755226_7143895580681666546_o-250x250.webp,
downloaded,wp-content/uploads/2023/11/120823779_2745729095755226_7143895580681666546_o-300x300.webp,https://bikinlaper.com/wp-content/uploads/2023/11/120823779_2745729095755226_7143895580681666546_o-300x300.webp,20241122050038,image/webp,13138,dcff585f6b6932ebe3e48b3355e49ede2ac9f1c8f1bfe05f1b14e241ba6bebf3,https://web.archive.org/web/20241122050038id_/https://bikinlaper.com/wp-content/uploads/2023/11/120823779_2745729095755226_7143895580681666546_o-300x300.webp,
downloaded,wp-content/uploads/2023/11/120823779_2745729095755226_7143895580681666546_o-350x350.webp,https://bikinlaper.com/wp-content/uploads/2023/11/120823779_2745729095755226_7143895580681666546_o-350x350.webp,20241122052239,image/webp,15774,d3ff76922087c74f31bfeaa7a690d83fff0221f0b6856b7cfc2acab323ff377d,https://web.archive.org/web/20241122052239id_/https://bikinlaper.com/wp-content/uploads/2023/11/120823779_2745729095755226_7143895580681666546_o-350x350.webp,
downloaded,wp-content/uploads/2023/11/120823779_2745729095755226_7143895580681666546_o-400x400.webp/index.html,https://bikinlaper.com/wp-content/uploads/2023/11/120823779_2745729095755226_7143895580681666546_o-400x400.webp,20241122044233,text/html,1488,dfd185b95eb5524473455db9c16d5c2010bcd1f3b7f201dcc920532b5d149f87,https://web.archive.org/web/20241122044233id_/https://bikinlaper.com/wp-content/uploads/2023/11/120823779_2745729095755226_7143895580681666546_o-400x400.webp,
downloaded,wp-content/uploads/2023/11/120823779_2745729095755226_7143895580681666546_o-450x450.webp,https://bikinlaper.com/wp-content/uploads/2023/11/120823779_2745729095755226_7143895580681666546_o-450x450.webp,20241122044740,image/webp,21186,68b11037a53cf95fa21d965a3b5d5b7b376822327ccc1970ce99b3cf501b79fb,https://web.archive.org/web/20241122044740id_/https://bikinlaper.com/wp-content/uploads/2023/11/120823779_2745729095755226_7143895580681666546_o-450x450.webp,
downloaded,wp-content/uploads/2023/11/120823779_2745729095755226_7143895580681666546_o-500x500.webp,https://bikinlaper.com/wp-content/uploads/2023/11/120823779_2745729095755226_7143895580681666546_o-500x500.webp,20241122054749,image/webp,23820,a4e7210d6cca9035a9152b0ab2d00754de9e1db076b6be3996462c6064c4f8b1,https://web.archive.org/web/20241122054749id_/https://bikinlaper.com/wp-content/uploads/2023/11/120823779_2745729095755226_7143895580681666546_o-500x500.webp,
downloaded,wp-content/uploads/2023/11/120823779_2745729095755226_7143895580681666546_o-50x50.webp,https://bikinlaper.com/wp-content/uploads/2023/11/120823779_2745729095755226_7143895580681666546_o-50x50.webp,20241122051337,image/webp,1322,7003ef8336d4090cdfd2520ec61562c0a06304ac31023095bf4e31cfebf95da9,https://web.archive.org/web/20241122051337id_/https://bikinlaper.com/wp-content/uploads/2023/11/120823779_2745729095755226_7143895580681666546_o-50x50.webp,
downloaded,wp-content/uploads/2023/11/120823779_2745729095755226_7143895580681666546_o-550x550.webp,https://bikinlaper.com/wp-content/uploads/2023/11/120823779_2745729095755226_7143895580681666546_o-550x550.webp,20241123000023,image/webp,26586,876b376b3f78599d7d799227281c65a77de375a32a31356bf972542911551c22,https://web.archive.org/web/20241123000023id_/https://bikinlaper.com/wp-content/uploads/2023/11/120823779_2745729095755226_7143895580681666546_o-550x550.webp,
downloaded,wp-content/uploads/2023/11/120823779_2745729095755226_7143895580681666546_o-650x650.webp,https://bikinlaper.com/wp-content/uploads/2023/11/120823779_2745729095755226_7143895580681666546_o-650x650.webp,20241122052210,image/webp,31410,6b3ac250b330a6ccd8f205e5299aa61c319032201ebba90613ed77167a629777,https://web.archive.org/web/20241122052210id_/https://bikinlaper.com/wp-content/uploads/2023/11/120823779_2745729095755226_7143895580681666546_o-650x650.webp,
downloaded,wp-content/uploads/2023/11/120823779_2745729095755226_7143895580681666546_o-768x768.webp,https://bikinlaper.com/wp-content/uploads/2023/11/120823779_2745729095755226_7143895580681666546_o-768x768.webp,20241122045536,image/webp,37510,62525efd04959017de95dcd73f7bafefbead768fa10265921b0014cf3bb4d90d,https://web.archive.org/web/20241122045536id_/https://bikinlaper.com/wp-content/uploads/2023/11/120823779_2745729095755226_7143895580681666546_o-768x768.webp,
downloaded,wp-content/uploads/2023/11/120823779_2745729095755226_7143895580681666546_o-800x800.webp,https://bikinlaper.com/wp-content/uploads/2023/11/120823779_2745729095755226_7143895580681666546_o-800x800.webp,20241122050043,image/webp,39052,7a2dbe5bae8b595940ac357bdde24856f23a287361d6e68ece99473014199283,https://web.archive.org/web/20241122050043id_/https://bikinlaper.com/wp-content/uploads/2023/11/120823779_2745729095755226_7143895580681666546_o-800x800.webp,
downloaded,wp-content/uploads/2023/11/120823779_2745729095755226_7143895580681666546_o.webp,https://bikinlaper.com/wp-content/uploads/2023/11/120823779_2745729095755226_7143895580681666546_o.webp,20241122045915,image/webp,45614,7976975546de96338563f5f5c4c52ea6bc8b72d6d44f53b1f4a4fab9c2d52754,https://web.archive.org/web/20241122045915id_/https://bikinlaper.com/wp-content/uploads/2023/11/120823779_2745729095755226_7143895580681666546_o.webp,
downloaded,wp-content/uploads/2023/11/Janji-Jiwa-100x99.webp,https://bikinlaper.com/wp-content/uploads/2023/11/Janji-Jiwa-100x99.webp,20231211142723,image/webp,3794,2c4c2f18b93c8ae57d3562123f4712c92c435f6397467474468aab1bf6f71fe6,https://web.archive.org/web/20231211142723id_/https://bikinlaper.com/wp-content/uploads/2023/11/Janji-Jiwa-100x99.webp,
downloaded,wp-content/uploads/2023/11/Janji-Jiwa-150x148.webp,https://bikinlaper.com/wp-content/uploads/2023/11/Janji-Jiwa-150x148.webp,20231211142748,image/webp,6746,c6ad56f0cc14720f8daffe449566cda063c7b3ff913183ccde75938c2ebd7006,https://web.archive.org/web/20231211142748id_/https://bikinlaper.com/wp-content/uploads/2023/11/Janji-Jiwa-150x148.webp,
downloaded,wp-content/uploads/2023/11/Janji-Jiwa-200x197.webp,https://bikinlaper.com/wp-content/uploads/2023/11/Janji-Jiwa-200x197.webp,20231211142723,image/webp,10150,5f622bfd001d4ec8f0f277d22475c2ef1ee4d442f64429a5f73b8b242f14b378,https://web.archive.org/web/20231211142723id_/https://bikinlaper.com/wp-content/uploads/2023/11/Janji-Jiwa-200x197.webp,
downloaded,wp-content/uploads/2023/11/Janji-Jiwa-50x49.webp,https://bikinlaper.com/wp-content/uploads/2023/11/Janji-Jiwa-50x49.webp,20231211142720,image/webp,1404,353ded9a934a3ad308b079856c01fcad25e1fb539397f565361851a2189d2d4e,https://web.archive.org/web/20231211142720id_/https://bikinlaper.com/wp-content/uploads/2023/11/Janji-Jiwa-50x49.webp,
downloaded,wp-content/uploads/2023/11/Janji-Jiwa.webp,https://bikinlaper.com/wp-content/uploads/2023/11/Janji-Jiwa.webp,20231211142752,image/webp,16526,308d6ed53af5fec3b5bfd293cd927eda057747f6b318f085fb6cc3f2d8f71f32,https://web.archive.org/web/20231211142752id_/https://bikinlaper.com/wp-content/uploads/2023/11/Janji-Jiwa.webp,
downloaded,wp-content/uploads/2023/11/Mie-Gacoan-100x100.webp,https://bikinlaper.com/wp-content/uploads/2023/11/Mie-Gacoan-100x100.webp,20241122100101,image/webp,5000,6f76eb061c34005f5592aa5f49132fbf6c2cd3f715f49a0fb465cff321e6a950,https://web.archive.org/web/20241122100101id_/https://bikinlaper.com/wp-content/uploads/2023/11/Mie-Gacoan-100x100.webp,
downloaded,wp-content/uploads/2023/11/Mie-Gacoan-150x150.webp,https://bikinlaper.com/wp-content/uploads/2023/11/Mie-Gacoan-150x150.webp,20241122054304,image/webp,9744,45e1a383071cb5db53dbea77acc16db03d35c917c6d01224280a2f96c1b26e52,https://web.archive.org/web/20241122054304id_/https://bikinlaper.com/wp-content/uploads/2023/11/Mie-Gacoan-150x150.webp,
downloaded,wp-content/uploads/2023/11/Mie-Gacoan-200x200.webp,https://bikinlaper.com/wp-content/uploads/2023/11/Mie-Gacoan-200x200.webp,20241122052905,image/webp,15018,4cd2ab4233300f47a6f7b579b1000fd33deeaf93bd98de2808e01d99bbc50cfc,https://web.archive.org/web/20241122052905id_/https://bikinlaper.com/wp-content/uploads/2023/11/Mie-Gacoan-200x200.webp,
downloaded,wp-content/uploads/2023/11/Mie-Gacoan-250x250.webp,https://bikinlaper.com/wp-content/uploads/2023/11/Mie-Gacoan-250x250.webp,20241122044639,image/webp,20920,20006c2c8352810da86e76035c4a1875c3240d6635d756f31dc824d8e3e419fd,https://web.archive.org/web/20241122044639id_/https://bikinlaper.com/wp-content/uploads/2023/11/Mie-Gacoan-250x250.webp,
downloaded,wp-content/uploads/2023/11/Mie-Gacoan-300x300.webp,https://bikinlaper.com/wp-content/uploads/2023/11/Mie-Gacoan-300x300.webp,20241122060315,image/webp,27204,d0b8a04553d863f79c4b49270e83ddd41106206cd97114f7fe17681d4048ce0d,https://web.archive.org/web/20241122060315id_/https://bikinlaper.com/wp-content/uploads/2023/11/Mie-Gacoan-300x300.webp,
downloaded,wp-content/uploads/2023/11/Mie-Gacoan-350x350.webp,https://bikinlaper.com/wp-content/uploads/2023/11/Mie-Gacoan-350x350.webp,20241122115742,image/webp,34064,86d20cdc6e931f4dd57b3c89e4f6caad1157b1f57bfc8b963c03725385270835,https://web.archive.org/web/20241122115742id_/https://bikinlaper.com/wp-content/uploads/2023/11/Mie-Gacoan-350x350.webp,
downloaded,wp-content/uploads/2023/11/Mie-Gacoan-400x400.webp,https://bikinlaper.com/wp-content/uploads/2023/11/Mie-Gacoan-400x400.webp,20241122044808,image/webp,40974,3c6f037ecfe4400f0a003e70128568bab576c54de0d2171e19286ec991769266,https://web.archive.org/web/20241122044808id_/https://bikinlaper.com/wp-content/uploads/2023/11/Mie-Gacoan-400x400.webp,
downloaded,wp-content/uploads/2023/11/Mie-Gacoan-450x450.webp,https://bikinlaper.com/wp-content/uploads/2023/11/Mie-Gacoan-450x450.webp,20241122044406,image/webp,48846,40dacbbe12ee0f30260339e150bd716cd55f1bfd0c6dbb44dbf15befc5ae0fea,https://web.archive.org/web/20241122044406id_/https://bikinlaper.com/wp-content/uploads/2023/11/Mie-Gacoan-450x450.webp,
downloaded,wp-content/uploads/2023/11/Mie-Gacoan-500x500.webp,https://bikinlaper.com/wp-content/uploads/2023/11/Mie-Gacoan-500x500.webp,20241123073313,image/webp,56028,3a2745064617c0b72586607e94dcdd2ea300006c7f04662dcc701ab5d749d82a,https://web.archive.org/web/20241123073313id_/https://bikinlaper.com/wp-content/uploads/2023/11/Mie-Gacoan-500x500.webp,
downloaded,wp-content/uploads/2023/11/Mie-Gacoan-50x50.webp,https://bikinlaper.com/wp-content/uploads/2023/11/Mie-Gacoan-50x50.webp,20241123112941,image/webp,1692,d9720f67422d95267f57a8a840e3225720197a7b3ee615903edaddc8618b352c,https://web.archive.org/web/20241123112941id_/https://bikinlaper.com/wp-content/uploads/2023/11/Mie-Gacoan-50x50.webp,
downloaded,wp-content/uploads/2023/11/Mie-Gacoan-550x550.webp/index.html,https://bikinlaper.com/wp-content/uploads/2023/11/Mie-Gacoan-550x550.webp,20241122044731,text/html,1510,670e2e4a2d4838d0fe61ccae59bc6682d46e052083e9e4d50af442b4f256be3c,https://web.archive.org/web/20241122044731id_/https://bikinlaper.com/wp-content/uploads/2023/11/Mie-Gacoan-550x550.webp,
downloaded,wp-content/uploads/2023/11/Mie-Gacoan-650x650.webp,https://bikinlaper.com/wp-content/uploads/2023/11/Mie-Gacoan-650x650.webp,20241122052047,image/webp,78014,4474c753643d4a3c160cdc7ef0a91b1f009c5c9d29e41001df134eba61507cd1,https://web.archive.org/web/20241122052047id_/https://bikinlaper.com/wp-content/uploads/2023/11/Mie-Gacoan-650x650.webp,
downloaded,wp-content/uploads/2023/11/Mie-Gacoan.webp,https://bikinlaper.com/wp-content/uploads/2023/11/Mie-Gacoan.webp,20241122044047,image/webp,62906,75489fa13b74c7ef75e4627e73c96ceeb2f096cc5c1ef505a607071c7eecd451,https://web.archive.org/web/20241122044047id_/https://bikinlaper.com/wp-content/uploads/2023/11/Mie-Gacoan.webp,
downloaded,wp-content/uploads/2023/11/Soto_medan-100x64.jpg,https://bikinlaper.com/wp-content/uploads/2023/11/Soto_medan-100x64.jpg,20231211154244,image/jpeg,2802,410ed0b1efd3abd61defda24b1621f9e52fa404b437418fcb1c4e6ce704e3e3f,https://web.archive.org/web/20231211154244id_/https://bikinlaper.com/wp-content/uploads/2023/11/Soto_medan-100x64.jpg,
downloaded,wp-content/uploads/2023/11/Soto_medan-150x97.jpg,https://bikinlaper.com/wp-content/uploads/2023/11/Soto_medan-150x97.jpg,20231211154240,image/jpeg,4976,6a9ac0e54c4557422dde738bea728a00928a56fabd595b66d6664130ac592358,https://web.archive.org/web/20231211154240id_/https://bikinlaper.com/wp-content/uploads/2023/11/Soto_medan-150x97.jpg,
downloaded,wp-content/uploads/2023/11/Soto_medan-200x129.jpg,https://bikinlaper.com/wp-content/uploads/2023/11/Soto_medan-200x129.jpg,20231211154242,image/jpeg,7532,d3ffc281c28c66e4cb55cdee11331809678166863b03b0980ec71278d2659cd4,https://web.archive.org/web/20231211154242id_/https://bikinlaper.com/wp-content/uploads/2023/11/Soto_medan-200x129.jpg,
downloaded,wp-content/uploads/2023/11/Soto_medan-250x161.jpg,https://bikinlaper.com/wp-content/uploads/2023/11/Soto_medan-250x161.jpg,20231211154304,image/jpeg,10468,8fd4cb6095319a9b5de54cc506525b9e41bd1791bf3fe18af3ff8dc659e95190,https://web.archive.org/web/20231211154304id_/https://bikinlaper.com/wp-content/uploads/2023/11/Soto_medan-250x161.jpg,
downloaded,wp-content/uploads/2023/11/Soto_medan-300x193.jpg,https://bikinlaper.com/wp-content/uploads/2023/11/Soto_medan-300x193.jpg,20231211154246,image/jpeg,13633,41e8eefd2a23a15dc01e7cb8e9f08964c8359cfaa288ba2bedc831a083f3189e,https://web.archive.org/web/20231211154246id_/https://bikinlaper.com/wp-content/uploads/2023/11/Soto_medan-300x193.jpg,
downloaded,wp-content/uploads/2023/11/Soto_medan-350x225.jpg,https://bikinlaper.com/wp-content/uploads/2023/11/Soto_medan-350x225.jpg,20231211154248,image/jpeg,17183,199593fb98f10e9de4c131b62d5970c60f7bff24ea6041e0be9d7e01420e6323,https://web.archive.org/web/20231211154248id_/https://bikinlaper.com/wp-content/uploads/2023/11/Soto_medan-350x225.jpg,
downloaded,wp-content/uploads/2023/11/Soto_medan-400x258.jpg,https://bikinlaper.com/wp-content/uploads/2023/11/Soto_medan-400x258.jpg,20231211154240,image/jpeg,21045,cff154bac790961cf19f310eb3b8562c6591006824689f3888b9eaaa4f5993f7,https://web.archive.org/web/20231211154240id_/https://bikinlaper.com/wp-content/uploads/2023/11/Soto_medan-400x258.jpg,
downloaded,wp-content/uploads/2023/11/Soto_medan-450x290.jpg,https://bikinlaper.com/wp-content/uploads/2023/11/Soto_medan-450x290.jpg,20231211154257,image/jpeg,25335,50c34f5325cd44b17640303a4d1e1d44f26de3736c7d17b8b1d32931859cba3e,https://web.archive.org/web/20231211154257id_/https://bikinlaper.com/wp-content/uploads/2023/11/Soto_medan-450x290.jpg,
downloaded,wp-content/uploads/2023/11/Soto_medan-500x322.jpg,https://bikinlaper.com/wp-content/uploads/2023/11/Soto_medan-500x322.jpg,20231211154239,image/jpeg,29493,fc1b5c406c2e90f80ae869878318279b987790c346e0a77173e4c728efd5434e,https://web.archive.org/web/20231211154239id_/https://bikinlaper.com/wp-content/uploads/2023/11/Soto_medan-500x322.jpg,
downloaded,wp-content/uploads/2023/11/Soto_medan-50x32.jpg,https://bikinlaper.com/wp-content/uploads/2023/11/Soto_medan-50x32.jpg,20231211154238,image/jpeg,1371,62d94fbce77497ebd480fa22a4a19b085866f8a6ed2bc9240bdefe8256b028ee,https://web.archive.org/web/20231211154238id_/https://bikinlaper.com/wp-content/uploads/2023/11/Soto_medan-50x32.jpg,
downloaded,wp-content/uploads/2023/11/Soto_medan.jpg,https://bikinlaper.com/wp-content/uploads/2023/11/Soto_medan.jpg,20231211154258,image/jpeg,47067,e2272dad318b9db54991dd5db8ba003ef7ac942bd089ce3cdd92455b53b79a8c,https://web.archive.org/web/20231211154258id_/https://bikinlaper.com/wp-content/uploads/2023/11/Soto_medan.jpg,
downloaded,wp-content/uploads/2023/11/ayam-kalasan-100x66.webp,https://bikinlaper.com/wp-content/uploads/2023/11/ayam-kalasan-100x66.webp,20231211145819,image/webp,2868,cfa2de88ccbb355c46bbab80ba6a62ad98f644784b72ebbb672c95f756f4ec0a,https://web.archive.org/web/20231211145819id_/https://bikinlaper.com/wp-content/uploads/2023/11/ayam-kalasan-100x66.webp,
downloaded,wp-content/uploads/2023/11/ayam-kalasan-150x99.webp,https://bikinlaper.com/wp-content/uploads/2023/11/ayam-kalasan-150x99.webp,20231211145755,image/webp,5556,ea1be9679582635efa6ad2f0fc4558fddaf6ab3a191fe4a050f27e30048218aa,https://web.archive.org/web/20231211145755id_/https://bikinlaper.com/wp-content/uploads/2023/11/ayam-kalasan-150x99.webp,
downloaded,wp-content/uploads/2023/11/ayam-kalasan-200x132.webp,https://bikinlaper.com/wp-content/uploads/2023/11/ayam-kalasan-200x132.webp,20231211145752,image/webp,9294,60e5c202eefbe9c32a680e7cc40eb97520c7425e846d20361c0e62cadac433d6,https://web.archive.org/web/20231211145752id_/https://bikinlaper.com/wp-content/uploads/2023/11/ayam-kalasan-200x132.webp,
downloaded,wp-content/uploads/2023/11/ayam-kalasan-250x166.webp,https://bikinlaper.com/wp-content/uploads/2023/11/ayam-kalasan-250x166.webp,20231211145756,image/webp,14128,5306736690c354f16d2df46c82774ae1666401836181b9d700d3ccd48233ec9c,https://web.archive.org/web/20231211145756id_/https://bikinlaper.com/wp-content/uploads/2023/11/ayam-kalasan-250x166.webp,
downloaded,wp-content/uploads/2023/11/ayam-kalasan-300x199.webp,https://bikinlaper.com/wp-content/uploads/2023/11/ayam-kalasan-300x199.webp,20231211145821,image/webp,19378,4051ea1795591d6d025a2ec764e1a260e26b3ff9eebbf9e2b045a24c6b943e80,https://web.archive.org/web/20231211145821id_/https://bikinlaper.com/wp-content/uploads/2023/11/ayam-kalasan-300x199.webp,
downloaded,wp-content/uploads/2023/11/ayam-kalasan-350x232.webp,https://bikinlaper.com/wp-content/uploads/2023/11/ayam-kalasan-350x232.webp,20231211145824,image/webp,25116,122895a29a9e84d261dd410901083dac269e19dc1aa7e82a8487fff5084ad800,https://web.archive.org/web/20231211145824id_/https://bikinlaper.com/wp-content/uploads/2023/11/ayam-kalasan-350x232.webp,
downloaded,wp-content/uploads/2023/11/ayam-kalasan-400x265.webp,https://bikinlaper.com/wp-content/uploads/2023/11/ayam-kalasan-400x265.webp,20231211145801,image/webp,31466,e174971f97a53a2ca26bc0faa0e1654016ac60389cafef0755ec1815991dad45,https://web.archive.org/web/20231211145801id_/https://bikinlaper.com/wp-content/uploads/2023/11/ayam-kalasan-400x265.webp,
downloaded,wp-content/uploads/2023/11/ayam-kalasan-450x298.webp,https://bikinlaper.com/wp-content/uploads/2023/11/ayam-kalasan-450x298.webp,20231211145752,image/webp,38240,dcc0837348a1390e14bef239d7be95b0a722206f69815e3c6cf8ec1bc1daa4f3,https://web.archive.org/web/20231211145752id_/https://bikinlaper.com/wp-content/uploads/2023/11/ayam-kalasan-450x298.webp,
downloaded,wp-content/uploads/2023/11/ayam-kalasan-500x331.webp,https://bikinlaper.com/wp-content/uploads/2023/11/ayam-kalasan-500x331.webp,20231211145822,image/webp,44170,f20ffb33497f86cdf296183a2355a5b0af344a8444f8ce677e400034a3078231,https://web.archive.org/web/20231211145822id_/https://bikinlaper.com/wp-content/uploads/2023/11/ayam-kalasan-500x331.webp,
downloaded,wp-content/uploads/2023/11/ayam-kalasan-50x33.webp,https://bikinlaper.com/wp-content/uploads/2023/11/ayam-kalasan-50x33.webp,20231211145754,image/webp,1016,9195981b9428ba766409b34d7c607415b1e34b3b790d29b6e8f91315e1fd9e0c,https://web.archive.org/web/20231211145754id_/https://bikinlaper.com/wp-content/uploads/2023/11/ayam-kalasan-50x33.webp,
downloaded,wp-content/uploads/2023/11/ayam-kalasan-550x364.webp,https://bikinlaper.com/wp-content/uploads/2023/11/ayam-kalasan-550x364.webp,20231211145825,image/webp,49952,b78329e53dff324cc1cc7a7c8236e6433d1c73d58a62208e4c5de7cd9b213c36,https://web.archive.org/web/20231211145825id_/https://bikinlaper.com/wp-content/uploads/2023/11/ayam-kalasan-550x364.webp,
downloaded,wp-content/uploads/2023/11/ayam-kalasan-650x431.webp,https://bikinlaper.com/wp-content/uploads/2023/11/ayam-kalasan-650x431.webp,20231211145800,image/webp,62502,530c361033ea2172630f3c8e85a5bd297b4e30870354615a3c44dc5e282ac3da,https://web.archive.org/web/20231211145800id_/https://bikinlaper.com/wp-content/uploads/2023/11/ayam-kalasan-650x431.webp,
downloaded,wp-content/uploads/2023/11/ayam-kalasan.webp,https://bikinlaper.com/wp-content/uploads/2023/11/ayam-kalasan.webp,20231211145823,image/webp,72172,1191ae2876031063b1d09d9cea8801e25374324fb34bc499b0b27ab8466962fb,https://web.archive.org/web/20231211145823id_/https://bikinlaper.com/wp-content/uploads/2023/11/ayam-kalasan.webp,
downloaded,wp-content/uploads/2023/11/batagor-jabar-100x55.webp,https://bikinlaper.com/wp-content/uploads/2023/11/batagor-jabar-100x55.webp,20231226141341,image/webp,2340,acc7d74965b7945c621135dfe157c3f6f878d4bf9c6973853b3aa88cc94b3cfb,https://web.archive.org/web/20231226141341id_/https://bikinlaper.com/wp-content/uploads/2023/11/batagor-jabar-100x55.webp,
downloaded,wp-content/uploads/2023/11/batagor-jabar-150x83.webp,https://bikinlaper.com/wp-content/uploads/2023/11/batagor-jabar-150x83.webp,20231226141455,image/webp,4210,ada0669bc3c966ab6c8c1aa409e9e1f5dab3fe45bf34f82f3a1210449b372e48,https://web.archive.org/web/20231226141455id_/https://bikinlaper.com/wp-content/uploads/2023/11/batagor-jabar-150x83.webp,
downloaded,wp-content/uploads/2023/11/mie-goreng.jpg,https://bikinlaper.com/wp-content/uploads/2023/11/mie-goreng.jpg,20231226141400,image/jpeg,119368,858bb4c35226e547c78894054c5ad1813387b1bd6de7e869a3d0a6e936ebafa4,https://web.archive.org/web/20231226141400id_/https://bikinlaper.com/wp-content/uploads/2023/11/mie-goreng.jpg,
downloaded,wp-content/uploads/2023/11/mixue-100x100.webp,https://bikinlaper.com/wp-content/uploads/2023/11/mixue-100x100.webp,20241122054535,image/webp,3290,107e17b5a143fec9ee2019fdc144971f89ccb0d8b52bb04f62682cf543e4de0f,https://web.archive.org/web/20241122054535id_/https://bikinlaper.com/wp-content/uploads/2023/11/mixue-100x100.webp,
downloaded,wp-content/uploads/2023/11/mixue-1200x1200.webp,https://bikinlaper.com/wp-content/uploads/2023/11/mixue-1200x1200.webp,20241122044238,image/webp,157956,cd47f17c53ab753556959d9103bcdf35d06fe3671d005c07b0ed0299cb20cb25,https://web.archive.org/web/20241122044238id_/https://bikinlaper.com/wp-content/uploads/2023/11/mixue-1200x1200.webp,
downloaded,wp-content/uploads/2023/11/mixue-150x150.webp,https://bikinlaper.com/wp-content/uploads/2023/11/mixue-150x150.webp,20241122152235,image/webp,6134,de1f9c24e3b34c6cbe64b269287b9eb1bed5fd943ef36f813745324bad5ed951,https://web.archive.org/web/20241122152235id_/https://bikinlaper.com/wp-content/uploads/2023/11/mixue-150x150.webp,
downloaded,wp-content/uploads/2023/11/mixue-1536x1536.webp,https://bikinlaper.com/wp-content/uploads/2023/11/mixue-1536x1536.webp,20241122094818,image/webp,224490,3f966569e3024069a8dbce6d05de68f0c880a1e7966e40d9a6a594e324255136,https://web.archive.org/web/20241122094818id_/https://bikinlaper.com/wp-content/uploads/2023/11/mixue-1536x1536.webp,
downloaded,wp-content/uploads/2023/11/mixue-200x200.webp,https://bikinlaper.com/wp-content/uploads/2023/11/mixue-200x200.webp,20241122051908,image/webp,9506,66347c854f71195cae9f3cb29960bf8c7f34e3e101168b057268ab1e1955d550,https://web.archive.org/web/20241122051908id_/https://bikinlaper.com/wp-content/uploads/2023/11/mixue-200x200.webp,
downloaded,wp-content/uploads/2023/11/mixue-250x250.webp,https://bikinlaper.com/wp-content/uploads/2023/11/mixue-250x250.webp,20241122044257,image/webp,13562,817f4a4a7d854edc069217e6f89261a0d467ba9f917cdbecf775e57573968a4c,https://web.archive.org/web/20241122044257id_/https://bikinlaper.com/wp-content/uploads/2023/11/mixue-250x250.webp,
downloaded,wp-content/uploads/2023/11/mixue-300x300.webp,https://bikinlaper.com/wp-content/uploads/2023/11/mixue-300x300.webp,20241122051034,image/webp,17834,320dd6a1b035cf2238343f934dc5b9149428044a16d255d20f723099f21d764d,https://web.archive.org/web/20241122051034id_/https://bikinlaper.com/wp-content/uploads/2023/11/mixue-300x300.webp,
downloaded,wp-content/uploads/2023/11/mixue-350x350.webp,https://bikinlaper.com/wp-content/uploads/2023/11/mixue-350x350.webp,20241122045031,image/webp,22760,39bc515fd135f69898a7000b807fdb2768d67677b2c105d723880053e000f2ae,https://web.archive.org/web/20241122045031id_/https://bikinlaper.com/wp-content/uploads/2023/11/mixue-350x350.webp,
downloaded,wp-content/uploads/2023/11/mixue-400x400.webp,https://bikinlaper.com/wp-content/uploads/2023/11/mixue-400x400.webp,20231211142742,image/webp,27804,609e48b2632a6bfd7200736d41dd03691ffaad57ccf03d5aaf719ecc34e80405,https://web.archive.org/web/20231211142742id_/https://bikinlaper.com/wp-content/uploads/2023/11/mixue-400x400.webp,
downloaded,wp-content/uploads/2023/11/mixue-450x450.webp,https://bikinlaper.com/wp-content/uploads/2023/11/mixue-450x450.webp,20241122050218,image/webp,33464,184d86db0234b2311a3684b52f7b6b6f0c182d128a5f283d2d072cab09bad65f,https://web.archive.org/web/20241122050218id_/https://bikinlaper.com/wp-content/uploads/2023/11/mixue-450x450.webp,
downloaded,wp-content/uploads/2023/11/mixue-500x500.webp,https://bikinlaper.com/wp-content/uploads/2023/11/mixue-500x500.webp,20241122045851,image/webp,39766,a3fdbc78dadbe82c46106b669c73a035d3f157ead93456c5e84df78a2d231767,https://web.archive.org/web/20241122045851id_/https://bikinlaper.com/wp-content/uploads/2023/11/mixue-500x500.webp,
downloaded,wp-content/uploads/2023/11/mixue-50x50.webp,https://bikinlaper.com/wp-content/uploads/2023/11/mixue-50x50.webp,20241122053111,image/webp,1220,049bcc73dfe281e86bb78b7c268e813c3941729f60b0062ee5f6f16f0d6ef0ea,https://web.archive.org/web/20241122053111id_/https://bikinlaper.com/wp-content/uploads/2023/11/mixue-50x50.webp,
downloaded,wp-content/uploads/2023/12/angeun-lada-350x184.jpg,https://bikinlaper.com/wp-content/uploads/2023/12/angeun-lada-350x184.jpg,20231226141422,image/jpeg,12196,685970f37f13115cc8d2855fd264ece199996a28327d6114e8933d8630ed2c68,https://web.archive.org/web/20231226141422id_/https://bikinlaper.com/wp-content/uploads/2023/12/angeun-lada-350x184.jpg,
downloaded,wp-content/uploads/2023/12/angeun-lada-400x210.jpg,https://bikinlaper.com/wp-content/uploads/2023/12/angeun-lada-400x210.jpg,20231226141419,image/jpeg,14915,7bb8b695d343ded3101c3447c92680cfae40bb5a03443bd6dcf8dfa2b2b0fe0f,https://web.archive.org/web/20231226141419id_/https://bikinlaper.com/wp-content/uploads/2023/12/angeun-lada-400x210.jpg,
downloaded,wp-content/uploads/2023/12/angeun-lada-450x236.jpg,https://bikinlaper.com/wp-content/uploads/2023/12/angeun-lada-450x236.jpg,20231226141424,image/jpeg,17753,428c34b321dfa0454159289627a838e3d2c8504c018814bbd3ed6ed887a32011,https://web.archive.org/web/20231226141424id_/https://bikinlaper.com/wp-content/uploads/2023/12/angeun-lada-450x236.jpg,
downloaded,wp-content/uploads/2023/12/angeun-lada-500x263.jpg,https://bikinlaper.com/wp-content/uploads/2023/12/angeun-lada-500x263.jpg,20231226141423,image/jpeg,20799,35f52c883c73595b4263b36f82823e1e143787df6bf2860fdeba99e8ded2492a,https://web.archive.org/web/20231226141423id_/https://bikinlaper.com/wp-content/uploads/2023/12/angeun-lada-500x263.jpg,
downloaded,wp-content/uploads/2023/12/angeun-lada-50x26.jpg,https://bikinlaper.com/wp-content/uploads/2023/12/angeun-lada-50x26.jpg,20231226141417,image/jpeg,1324,e72945c5d6c7005986418e5dd2050b83b1a014d3d8822619e2b1a0d56e0f4c8d,https://web.archive.org/web/20231226141417id_/https://bikinlaper.com/wp-content/uploads/2023/12/angeun-lada-50x26.jpg,
downloaded,wp-content/uploads/2023/12/angeun-lada-550x289.jpg,https://bikinlaper.com/wp-content/uploads/2023/12/angeun-lada-550x289.jpg,20231226141425,image/jpeg,24213,65d3fff5de5b77aa17d09f35180f8f46cec56f868079c1439786440696ce608d,https://web.archive.org/web/20231226141425id_/https://bikinlaper.com/wp-content/uploads/2023/12/angeun-lada-550x289.jpg,
downloaded,wp-content/uploads/2023/12/angeun-lada-650x341.jpg,https://bikinlaper.com/wp-content/uploads/2023/12/angeun-lada-650x341.jpg,20231226141418,image/jpeg,31083,c8a1c2eead15d179aa7302a668e1d1c4eec55bcc6306fd92f9b440b4b59f6375,https://web.archive.org/web/20231226141418id_/https://bikinlaper.com/wp-content/uploads/2023/12/angeun-lada-650x341.jpg,
downloaded,wp-content/uploads/2023/12/angeun-lada-768x403.jpg,https://bikinlaper.com/wp-content/uploads/2023/12/angeun-lada-768x403.jpg,20231226141416,image/jpeg,40131,68da5ad7035762e54ee9e6d7eefd5fce30605731758b3780d4261350c2b78cde,https://web.archive.org/web/20231226141416id_/https://bikinlaper.com/wp-content/uploads/2023/12/angeun-lada-768x403.jpg,
downloaded,wp-content/uploads/2023/12/angeun-lada-800x420.jpg,https://bikinlaper.com/wp-content/uploads/2023/12/angeun-lada-800x420.jpg,20231226141420,image/jpeg,42661,bd9c6bdb5b4ac79aedbf32e9c2ebc1825975c786081b84d5a2f8ce61063d1ac4,https://web.archive.org/web/20231226141420id_/https://bikinlaper.com/wp-content/uploads/2023/12/angeun-lada-800x420.jpg,
downloaded,wp-content/uploads/2023/12/angeun-lada.jpg,https://bikinlaper.com/wp-content/uploads/2023/12/angeun-lada.jpg,20231226141416,image/jpeg,61293,49c4ac55cc147371300380af23c44689b17b4f7fb56c2adacc56a0abc8267f86,https://web.archive.org/web/20231226141416id_/https://bikinlaper.com/wp-content/uploads/2023/12/angeun-lada.jpg,
downloaded,wp-content/uploads/2023/12/angkringan-likman-100x56.jpg,https://bikinlaper.com/wp-content/uploads/2023/12/angkringan-likman-100x56.jpg,20231226141442,image/jpeg,3563,b46b12c197541f424ddfcb0628693a63a377a4182fb88df864c35f8fc7bf6042,https://web.archive.org/web/20231226141442id_/https://bikinlaper.com/wp-content/uploads/2023/12/angkringan-likman-100x56.jpg,
downloaded,wp-content/uploads/2023/12/angkringan-likman-150x84.jpg,https://bikinlaper.com/wp-content/uploads/2023/12/angkringan-likman-150x84.jpg,20231226141443,image/jpeg,7032,cdcc15fd4518399c1148bf75628ffc9becf3e4fd70b6862206c3a92edcecf867,https://web.archive.org/web/20231226141443id_/https://bikinlaper.com/wp-content/uploads/2023/12/angkringan-likman-150x84.jpg,
downloaded,wp-content/uploads/2023/12/angkringan-likman-200x112.jpg,https://bikinlaper.com/wp-content/uploads/2023/12/angkringan-likman-200x112.jpg,20231226141445,image/jpeg,10978,39b0313bb0341445479e816d56d0676d805a5f1451951d7d40352665740daeaf,https://web.archive.org/web/20231226141445id_/https://bikinlaper.com/wp-content/uploads/2023/12/angkringan-likman-200x112.jpg,
downloaded,wp-content/uploads/2023/12/angkringan-likman-250x140.jpg,https://bikinlaper.com/wp-content/uploads/2023/12/angkringan-likman-250x140.jpg,20231226141442,image/jpeg,16633,07469c0c323d96d4f014131bebd68c4c0d2636c7b75caabaafc4392279410217,https://web.archive.org/web/20231226141442id_/https://bikinlaper.com/wp-content/uploads/2023/12/angkringan-likman-250x140.jpg,
downloaded,wp-content/uploads/2023/12/happy-new-year-1-250x141.jpg,https://bikinlaper.com/wp-content/uploads/2023/12/happy-new-year-1-250x141.jpg,20241122052118,image/jpeg,9423,0974c4b886bafa3e608918b6ae066feed25b63888a9d468ad458bc0bf7e3b546,https://web.archive.org/web/20241122052118id_/https://bikinlaper.com/wp-content/uploads/2023/12/happy-new-year-1-250x141.jpg,
downloaded,wp-content/uploads/2023/12/happy-new-year-1-50x28.jpg,https://bikinlaper.com/wp-content/uploads/2023/12/happy-new-year-1-50x28.jpg,20241122103825,image/jpeg,1289,4e011c3417681af28d3de86db996f24837cd39b445a70ea0a72eee494f78231f,https://web.archive.org/web/20241122103825id_/https://bikinlaper.com/wp-content/uploads/2023/12/happy-new-year-1-50x28.jpg,
downloaded,wp-content/uploads/2023/12/happy-new-year-1.jpg,https://bikinlaper.com/wp-content/uploads/2023/12/happy-new-year-1.jpg,20241122042232,image/jpeg,54851,b2c20b0db84df5fb5ab062f1f3b3f4ee2c60efadff0fe108069f31f0270ef6c2,https://web.archive.org/web/20241122042232id_/https://bikinlaper.com/wp-content/uploads/2023/12/happy-new-year-1.jpg,
downloaded,wp-content/uploads/2023/12/happy-new-year-100x56.jpg,https://bikinlaper.com/wp-content/uploads/2023/12/happy-new-year-100x56.jpg,20241122040900,image/jpeg,2495,186388c8fee8a3fdef2dd21527350606a75a6e3a1ba8f20b60d2aa792dec1240,https://web.archive.org/web/20241122040900id_/https://bikinlaper.com/wp-content/uploads/2023/12/happy-new-year-100x56.jpg,
downloaded,wp-content/uploads/2023/12/karens-dinner-100x56.jpg,https://bikinlaper.com/wp-content/uploads/2023/12/karens-dinner-100x56.jpg,20231211154257,image/jpeg,2558,f115f632aa5b6af9c4f6ce895a3398dc4fcb738588ffa0a98076fc3c7c6aff18,https://web.archive.org/web/20231211154257id_/https://bikinlaper.com/wp-content/uploads/2023/12/karens-dinner-100x56.jpg,
downloaded,wp-content/uploads/2023/12/karens-dinner-150x84.jpg,https://bikinlaper.com/wp-content/uploads/2023/12/karens-dinner-150x84.jpg,20231211154315,image/jpeg,4499,3e74c6302027d2d9dda767d8ec7fe3c1fc835ad05551f1cb15a02cdd0106c730,https://web.archive.org/web/20231211154315id_/https://bikinlaper.com/wp-content/uploads/2023/12/karens-dinner-150x84.jpg,
downloaded,wp-content/uploads/2023/12/karens-dinner-200x113.jpg,https://bikinlaper.com/wp-content/uploads/2023/12/karens-dinner-200x113.jpg,20231211154252,image/jpeg,6857,25426cfd37bfe182bbcc2f40b36fea06ed321f6175bc531d4a2ce5f6180da1e7,https://web.archive.org/web/20231211154252id_/https://bikinlaper.com/wp-content/uploads/2023/12/karens-dinner-200x113.jpg,
downloaded,wp-content/uploads/2023/12/karens-dinner-250x141.jpg,https://bikinlaper.com/wp-content/uploads/2023/12/karens-dinner-250x141.jpg,20231211154300,image/jpeg,9434,7e3903bd13d3131b54e8c85106a6e8a1bd1885f754195c3c17421a91040f50c6,https://web.archive.org/web/20231211154300id_/https://bikinlaper.com/wp-content/uploads/2023/12/karens-dinner-250x141.jpg,
downloaded,wp-content/uploads/2023/12/karens-dinner-300x169.jpg,https://bikinlaper.com/wp-content/uploads/2023/12/karens-dinner-300x169.jpg,20231211154301,image/jpeg,12341,29327b05971cb2bf6c0c220f8895b3ac055702aaafda12428c3137f365d446b3,https://web.archive.org/web/20231211154301id_/https://bikinlaper.com/wp-content/uploads/2023/12/karens-dinner-300x169.jpg,
downloaded,wp-content/uploads/2023/12/karens-dinner-350x197.jpg,https://bikinlaper.com/wp-content/uploads/2023/12/karens-dinner-350x197.jpg,20231211154312,image/jpeg,15429,ead2aa6c3d509c788c5a6204969f82724880058a966564323b18dfedc9d1e9b3,https://web.archive.org/web/20231211154312id_/https://bikinlaper.com/wp-content/uploads/2023/12/karens-dinner-350x197.jpg,
downloaded,wp-content/uploads/2023/12/karens-dinner-400x225.jpg,https://bikinlaper.com/wp-content/uploads/2023/12/karens-dinner-400x225.jpg,20231211154258,image/jpeg,18984,cba0e840ab0acd5c924369db223af0dd40406bf61ea3753acde25d6a0e4f9cf4,https://web.archive.org/web/20231211154258id_/https://bikinlaper.com/wp-content/uploads/2023/12/karens-dinner-400x225.jpg,
downloaded,wp-content/uploads/2023/12/karens-dinner-450x253.jpg,https://bikinlaper.com/wp-content/uploads/2023/12/karens-dinner-450x253.jpg,20231211154314,image/jpeg,22537,51bebc6f89d10621eedfff265629593be523ba85d5a95f284b54486190a8c51e,https://web.archive.org/web/20231211154314id_/https://bikinlaper.com/wp-content/uploads/2023/12/karens-dinner-450x253.jpg,
downloaded,wp-content/uploads/2023/12/karens-dinner-500x281.jpg,https://bikinlaper.com/wp-content/uploads/2023/12/karens-dinner-500x281.jpg,20231211154302,image/jpeg,26341,27383ed1f8682055a35c0b91d3d57003a7e5f4ea64559544392741087f69501a,https://web.archive.org/web/20231211154302id_/https://bikinlaper.com/wp-content/uploads/2023/12/karens-dinner-500x281.jpg,
downloaded,wp-content/uploads/2023/12/karens-dinner-50x28.jpg,https://bikinlaper.com/wp-content/uploads/2023/12/karens-dinner-50x28.jpg,20231211154251,image/jpeg,1297,60dae2ed421384d568457c999c64318b207418cda3cfe27555a10c9fbc40dc3a,https://web.archive.org/web/20231211154251id_/https://bikinlaper.com/wp-content/uploads/2023/12/karens-dinner-50x28.jpg,
downloaded,wp-content/uploads/2023/12/karens-dinner-550x309.jpg,https://bikinlaper.com/wp-content/uploads/2023/12/karens-dinner-550x309.jpg,20231211154253,image/jpeg,30185,1a52a24dfcbde34d8eff80c467e11db58d076576e3ccf13d02a372280fab630f,https://web.archive.org/web/20231211154253id_/https://bikinlaper.com/wp-content/uploads/2023/12/karens-dinner-550x309.jpg,
downloaded,wp-content/uploads/2023/12/natal-500x331.jpg/index.html,https://bikinlaper.com/wp-content/uploads/2023/12/natal-500x331.jpg,20241122045024,text/html,1476,f5f33732d4cc64f8b462ddc879502143795b2ff0c972aa403f5a70d21ba40391,https://web.archive.org/web/20241122045024id_/https://bikinlaper.com/wp-content/uploads/2023/12/natal-500x331.jpg,
downloaded,wp-content/uploads/2023/12/natal-650x431.jpg,https://bikinlaper.com/wp-content/uploads/2023/12/natal-650x431.jpg,20241122034904,image/jpeg,72086,ecf68995a182f60e4c1b91d3488d173301aa073ce9194ffc3caae0f13fe61873,https://web.archive.org/web/20241122034904id_/https://bikinlaper.com/wp-content/uploads/2023/12/natal-650x431.jpg,
downloaded,wp-content/uploads/2023/12/putri-bahari-50x31.webp,https://bikinlaper.com/wp-content/uploads/2023/12/putri-bahari-50x31.webp,20231211145847,image/webp,854,cf9bb05f46e031c814e717cd10951f18bea29cbc2f3c686ccafc2495e500d020,https://web.archive.org/web/20231211145847id_/https://bikinlaper.com/wp-content/uploads/2023/12/putri-bahari-50x31.webp,
downloaded,wp-content/uploads/2023/12/putri-bahari-550x337.webp,https://bikinlaper.com/wp-content/uploads/2023/12/putri-bahari-550x337.webp,20231211145829,image/webp,21810,b634207dc522a5a038ba9e452a5c8fbc225b9d8392da53e234487054d6323b63,https://web.archive.org/web/20231211145829id_/https://bikinlaper.com/wp-content/uploads/2023/12/putri-bahari-550x337.webp,
downloaded,wp-content/uploads/2023/12/putri-bahari-768x470.webp,https://bikinlaper.com/wp-content/uploads/2023/12/putri-bahari-768x470.webp,20231211145830,image/webp,33534,3e35ac5d486e929046f2677b62ffd5582396d0dfa48c0f3322f40c865d37e40d,https://web.archive.org/web/20231211145830id_/https://bikinlaper.com/wp-content/uploads/2023/12/putri-bahari-768x470.webp,
downloaded,wp-content/uploads/2023/12/putri-bahari-800x490.webp,https://bikinlaper.com/wp-content/uploads/2023/12/putri-bahari-800x490.webp,20231211145832,image/webp,33656,fea9bfe86fd4a2ed264912383a9d5d99ad753e6638ae8504e11e37fede349d6b,https://web.archive.org/web/20231211145832id_/https://bikinlaper.com/wp-content/uploads/2023/12/putri-bahari-800x490.webp,
downloaded,wp-content/uploads/2023/12/putri-bahari.webp,https://bikinlaper.com/wp-content/uploads/2023/12/putri-bahari.webp,20231211145848,image/webp,50110,958cb4c05b6af0629ee00cb3fa3f2f2b4cadd720c0b5de12e6062d77e4579226,https://web.archive.org/web/20231211145848id_/https://bikinlaper.com/wp-content/uploads/2023/12/putri-bahari.webp,
downloaded,wp-content/uploads/2023/12/tahun-baru-100x56.jpg,https://bikinlaper.com/wp-content/uploads/2023/12/tahun-baru-100x56.jpg,20231226141343,image/jpeg,3253,7ac2ba47c3b2eea77e4cce6dec9e4a1413b0a2c3d9fe828f3676092cff8895e3,https://web.archive.org/web/20231226141343id_/https://bikinlaper.com/wp-content/uploads/2023/12/tahun-baru-100x56.jpg,
downloaded,wp-content/uploads/2023/12/tahun-baru-150x84.jpg,https://bikinlaper.com/wp-content/uploads/2023/12/tahun-baru-150x84.jpg,20231226141342,image/jpeg,6304,0b25efc3c6fc9b585370efb5207085a5ee0366c735fb15650b084f95d0b6d4c4,https://web.archive.org/web/20231226141342id_/https://bikinlaper.com/wp-content/uploads/2023/12/tahun-baru-150x84.jpg,
downloaded,wp-content/uploads/2023/12/tahun-baru-200x113.jpg,https://bikinlaper.com/wp-content/uploads/2023/12/tahun-baru-200x113.jpg,20231226141342,image/jpeg,10333,902cfc07c7903c6f109424ff39b4c7eb6bf51a3a348c6ef9102ef674cc7e94ea,https://web.archive.org/web/20231226141342id_/https://bikinlaper.com/wp-content/uploads/2023/12/tahun-baru-200x113.jpg,
downloaded,wp-content/uploads/2023/12/tahun-baru-250x141.jpg,https://bikinlaper.com/wp-content/uploads/2023/12/tahun-baru-250x141.jpg,20231226141344,image/jpeg,15235,b41caa8b6593333655733c64372e23087475851ac6c7ec95ee3a461f08cc06f8,https://web.archive.org/web/20231226141344id_/https://bikinlaper.com/wp-content/uploads/2023/12/tahun-baru-250x141.jpg,
downloaded,wp-content/uploads/2023/12/tahun-baru-300x169.jpg,https://bikinlaper.com/wp-content/uploads/2023/12/tahun-baru-300x169.jpg,20231226141347,image/jpeg,20939,71b3ae88cc5d533afd27572db99dc83189a1f096c92a4651a6bd4a9168389b54,https://web.archive.org/web/20231226141347id_/https://bikinlaper.com/wp-content/uploads/2023/12/tahun-baru-300x169.jpg,
downloaded,wp-content/uploads/2023/12/tahun-baru-350x197.jpg,https://bikinlaper.com/wp-content/uploads/2023/12/tahun-baru-350x197.jpg,20231226141347,image/jpeg,26935,5297a819c972cb9ce650b0a577bed763650f3ac622dbf0bbbb6e53a9bb629461,https://web.archive.org/web/20231226141347id_/https://bikinlaper.com/wp-content/uploads/2023/12/tahun-baru-350x197.jpg,
downloaded,wp-content/uploads/2023/12/tahun-baru-400x225.jpg,https://bikinlaper.com/wp-content/uploads/2023/12/tahun-baru-400x225.jpg,20231227110755,image/jpeg,33885,81f3ec8144355590f879c210593fa7ac68911ad9946fa9a091047053d9b40df2,https://web.archive.org/web/20231227110755id_/https://bikinlaper.com/wp-content/uploads/2023/12/tahun-baru-400x225.jpg,
downloaded,wp-content/uploads/2024/01/Tips-Usaha-Food-Truck-350x229.jpg,https://bikinlaper.com/wp-content/uploads/2024/01/Tips-Usaha-Food-Truck-350x229.jpg,20240123090820,image/jpeg,26182,d2fbf7e25b68b25c329fe912cfc771fb781ef33a86b5b9cf7e395be019feb524,https://web.archive.org/web/20240123090820id_/https://bikinlaper.com/wp-content/uploads/2024/01/Tips-Usaha-Food-Truck-350x229.jpg,
downloaded,wp-content/uploads/2024/01/Tips-Usaha-Food-Truck-400x262.jpg,https://bikinlaper.com/wp-content/uploads/2024/01/Tips-Usaha-Food-Truck-400x262.jpg,20240123090802,image/jpeg,32896,d20c9d89f39c46b5c53c59f557be5dc96ecbc2180b6157d46ec1af8639e21fdb,https://web.archive.org/web/20240123090802id_/https://bikinlaper.com/wp-content/uploads/2024/01/Tips-Usaha-Food-Truck-400x262.jpg,
downloaded,wp-content/uploads/2024/01/Tips-Usaha-Food-Truck-450x294.jpg,https://bikinlaper.com/wp-content/uploads/2024/01/Tips-Usaha-Food-Truck-450x294.jpg,20240123090801,image/jpeg,40135,3e53302089dad18a1ea6c38c9f22d48d525edca015cf80951f8548f7d2f0e7f6,https://web.archive.org/web/20240123090801id_/https://bikinlaper.com/wp-content/uploads/2024/01/Tips-Usaha-Food-Truck-450x294.jpg,
downloaded,wp-content/uploads/2024/01/Tips-Usaha-Food-Truck-500x327.jpg,https://bikinlaper.com/wp-content/uploads/2024/01/Tips-Usaha-Food-Truck-500x327.jpg,20240123090805,image/jpeg,50255,5f02fb25acb4cb658caf491590e3585bf0bfb1102d1c7a6a4fd125ecc4ad1e05,https://web.archive.org/web/20240123090805id_/https://bikinlaper.com/wp-content/uploads/2024/01/Tips-Usaha-Food-Truck-500x327.jpg,
downloaded,wp-content/uploads/2024/01/Tips-Usaha-Food-Truck-50x33.jpg,https://bikinlaper.com/wp-content/uploads/2024/01/Tips-Usaha-Food-Truck-50x33.jpg,20240123090830,image/jpeg,1555,27ca7d6be3040e453674a96992ec35e52bfe1ff2b1952668af4c6a8e709a1279,https://web.archive.org/web/20240123090830id_/https://bikinlaper.com/wp-content/uploads/2024/01/Tips-Usaha-Food-Truck-50x33.jpg,
downloaded,wp-content/uploads/2024/01/Tips-Usaha-Food-Truck-550x360.jpg,https://bikinlaper.com/wp-content/uploads/2024/01/Tips-Usaha-Food-Truck-550x360.jpg,20240123090805,image/jpeg,55979,55a448ee34737f6d953ff16c02803d01d87ff23e007dece7e8a17a01783304fb,https://web.archive.org/web/20240123090805id_/https://bikinlaper.com/wp-content/uploads/2024/01/Tips-Usaha-Food-Truck-550x360.jpg,
downloaded,wp-content/uploads/2024/01/Tips-Usaha-Food-Truck-650x425.jpg,https://bikinlaper.com/wp-content/uploads/2024/01/Tips-Usaha-Food-Truck-650x425.jpg,20240123090801,image/jpeg,73588,ac26899155e5dfe119f2000e0810e481d31ee787710e0c83de2f46bd1dc743a0,https://web.archive.org/web/20240123090801id_/https://bikinlaper.com/wp-content/uploads/2024/01/Tips-Usaha-Food-Truck-650x425.jpg,
downloaded,wp-content/uploads/2024/01/Tips-Usaha-Food-Truck-768x502.jpg,https://bikinlaper.com/wp-content/uploads/2024/01/Tips-Usaha-Food-Truck-768x502.jpg,20240123090804,image/jpeg,94947,37c99893846e4d6ae1a64d47b2dbedf0e15389fcc60104282fb6befaf817ab0d,https://web.archive.org/web/20240123090804id_/https://bikinlaper.com/wp-content/uploads/2024/01/Tips-Usaha-Food-Truck-768x502.jpg,
downloaded,wp-content/uploads/2024/01/Tips-Usaha-Food-Truck-800x523.jpg,https://bikinlaper.com/wp-content/uploads/2024/01/Tips-Usaha-Food-Truck-800x523.jpg,20240123090812,image/jpeg,101314,fa9dd5b79a088c2b03d2f2b19d565a6ef27d3956259d222dbac19105f872c74a,https://web.archive.org/web/20240123090812id_/https://bikinlaper.com/wp-content/uploads/2024/01/Tips-Usaha-Food-Truck-800x523.jpg,
downloaded,wp-content/uploads/2024/01/Tips-Usaha-Food-Truck.jpg,https://bikinlaper.com/wp-content/uploads/2024/01/Tips-Usaha-Food-Truck.jpg,20240123090838,image/jpeg,203228,d0217e235ec608c3dcb724cf7e6dbb5e0e876ab8919633f43c6b5ce4996ed969,https://web.archive.org/web/20240123090838id_/https://bikinlaper.com/wp-content/uploads/2024/01/Tips-Usaha-Food-Truck.jpg,
downloaded,wp-content/uploads/2024/01/cropped-Logo-Join-Kuliner-Bikin-Laper-01_1-180x180.jpg,https://bikinlaper.com/wp-content/uploads/2024/01/cropped-Logo-Join-Kuliner-Bikin-Laper-01_1-180x180.jpg,20241122042126,image/jpeg,7485,6068a810d302ea2d844011bc55a41c2a63a76241ae54a71c0df674696b335ac3,https://web.archive.org/web/20241122042126id_/https://bikinlaper.com/wp-content/uploads/2024/01/cropped-Logo-Join-Kuliner-Bikin-Laper-01_1-180x180.jpg,
downloaded,wp-content/uploads/2024/01/cropped-Logo-Join-Kuliner-Bikin-Laper-01_1-192x192.jpg,https://bikinlaper.com/wp-content/uploads/2024/01/cropped-Logo-Join-Kuliner-Bikin-Laper-01_1-192x192.jpg,20241122043806,image/jpeg,7979,9a01627219e1ab84ee599af593ab40b22b858a85d30b3772b5280bd567680145,https://web.archive.org/web/20241122043806id_/https://bikinlaper.com/wp-content/uploads/2024/01/cropped-Logo-Join-Kuliner-Bikin-Laper-01_1-192x192.jpg,
downloaded,wp-content/uploads/2024/01/cropped-Logo-Join-Kuliner-Bikin-Laper-01_1-270x270.jpg,https://bikinlaper.com/wp-content/uploads/2024/01/cropped-Logo-Join-Kuliner-Bikin-Laper-01_1-270x270.jpg,20240123083714,image/jpeg,11560,07c6566262141344e6a8c41534af00405e8b083bc55161ab49d46d3c2c73fef6,https://web.archive.org/web/20240123083714id_/https://bikinlaper.com/wp-content/uploads/2024/01/cropped-Logo-Join-Kuliner-Bikin-Laper-01_1-270x270.jpg,
downloaded,wp-content/uploads/2024/01/cropped-Logo-Join-Kuliner-Bikin-Laper-01_1-32x32.jpg,https://bikinlaper.com/wp-content/uploads/2024/01/cropped-Logo-Join-Kuliner-Bikin-Laper-01_1-32x32.jpg,20241122034744,image/jpeg,1219,476fbe8a3e9faaff01f365ce0bca6754d670e4e1f34f2a79d802ed87d5e44521,https://web.archive.org/web/20241122034744id_/https://bikinlaper.com/wp-content/uploads/2024/01/cropped-Logo-Join-Kuliner-Bikin-Laper-01_1-32x32.jpg,
downloaded,wp-content/uploads/2024/01/kuliner-cilacap-100x63.jpg,https://bikinlaper.com/wp-content/uploads/2024/01/kuliner-cilacap-100x63.jpg,20241122074711,image/jpeg,3689,bb470b9175b83767ca6a0a16d11473430eba9f4f61af9d6b5c1e3159f86cf036,https://web.archive.org/web/20241122074711id_/https://bikinlaper.com/wp-content/uploads/2024/01/kuliner-cilacap-100x63.jpg,
downloaded,wp-content/uploads/2024/01/kuliner-cilacap-150x94.jpg,https://bikinlaper.com/wp-content/uploads/2024/01/kuliner-cilacap-150x94.jpg,20241122044558,image/jpeg,6814,417af95ced0c8bb504a67861139d22b1b415f99676aa46810c806d7012d5bc37,https://web.archive.org/web/20241122044558id_/https://bikinlaper.com/wp-content/uploads/2024/01/kuliner-cilacap-150x94.jpg,
downloaded,wp-content/uploads/2024/01/kuliner-cilacap-200x125.jpg,https://bikinlaper.com/wp-content/uploads/2024/01/kuliner-cilacap-200x125.jpg,20241122044835,image/jpeg,10892,ae4c9220cea2ee00cb2ff549845af454b91a2a671d61d1bf398271529793cb61,https://web.archive.org/web/20241122044835id_/https://bikinlaper.com/wp-content/uploads/2024/01/kuliner-cilacap-200x125.jpg,
downloaded,wp-content/uploads/2024/01/kuliner-cilacap-350x219.jpg/index.html,https://bikinlaper.com/wp-content/uploads/2024/01/kuliner-cilacap-350x219.jpg,20241122044241,text/html,1479,7f0bc246e9e8dc8422083f5ee2118b3495b08c3c4d33179216479460e40bcfa2,https://web.archive.org/web/20241122044241id_/https://bikinlaper.com/wp-content/uploads/2024/01/kuliner-cilacap-350x219.jpg,
downloaded,wp-content/uploads/2024/01/kuliner-cilacap-400x250.jpg,https://bikinlaper.com/wp-content/uploads/2024/01/kuliner-cilacap-400x250.jpg,20241122044616,image/jpeg,33612,2559b5938c8e129ad270f12d48b2cae842f91c4df92ba40a3ac1481aaec708bf,https://web.archive.org/web/20241122044616id_/https://bikinlaper.com/wp-content/uploads/2024/01/kuliner-cilacap-400x250.jpg,
downloaded,wp-content/uploads/2024/01/kuliner-cilacap-450x281.jpg,https://bikinlaper.com/wp-content/uploads/2024/01/kuliner-cilacap-450x281.jpg,20241122044610,image/jpeg,39270,9d35ddbf1d01dbdea4925d7d6034f6405f1c2ef6cf0b79d4ccbf11e430a79243,https://web.archive.org/web/20241122044610id_/https://bikinlaper.com/wp-content/uploads/2024/01/kuliner-cilacap-450x281.jpg,
downloaded,wp-content/uploads/2024/01/kuliner-cilacap-500x313.jpg,https://bikinlaper.com/wp-content/uploads/2024/01/kuliner-cilacap-500x313.jpg,20241122061207,image/jpeg,46407,7127f454057c9148c72893d4838f2212252a8953e76dc5cf45ca47878ded937d,https://web.archive.org/web/20241122061207id_/https://bikinlaper.com/wp-content/uploads/2024/01/kuliner-cilacap-500x313.jpg,
downloaded,wp-content/uploads/2024/01/kuliner-cilacap-50x31.jpg,https://bikinlaper.com/wp-content/uploads/2024/01/kuliner-cilacap-50x31.jpg,20241122052107,image/jpeg,1557,13bcd58881328bfac2a4c7772bd41ccb12068c8bfd3006d2bbb2dd0450d68088,https://web.archive.org/web/20241122052107id_/https://bikinlaper.com/wp-content/uploads/2024/01/kuliner-cilacap-50x31.jpg,
downloaded,wp-content/uploads/2024/01/kuliner-cilacap-550x344.jpg,https://bikinlaper.com/wp-content/uploads/2024/01/kuliner-cilacap-550x344.jpg,20241122045243,image/jpeg,52706,95cbc18aaefd98e60ffe25b4b7efa0e020aae3a98294f3127b84f3e24a6219f8,https://web.archive.org/web/20241122045243id_/https://bikinlaper.com/wp-content/uploads/2024/01/kuliner-cilacap-550x344.jpg,
downloaded,wp-content/uploads/2024/01/kuliner-cilacap-650x406.jpg/index.html,https://bikinlaper.com/wp-content/uploads/2024/01/kuliner-cilacap-650x406.jpg,20241122044352,text/html,1474,9aa39b282d51878c241c766ed31622be9a24874f846d8c3dd52fca0dc7fb580e,https://web.archive.org/web/20241122044352id_/https://bikinlaper.com/wp-content/uploads/2024/01/kuliner-cilacap-650x406.jpg,
downloaded,wp-content/uploads/2024/01/kuliner-cilacap-768x480.jpg,https://bikinlaper.com/wp-content/uploads/2024/01/kuliner-cilacap-768x480.jpg,20241122161405,image/jpeg,84764,a97dfe95d00334630cb795a4eaded9c7ab7244110f59cc4f4c6d8b01343f5d68,https://web.archive.org/web/20241122161405id_/https://bikinlaper.com/wp-content/uploads/2024/01/kuliner-cilacap-768x480.jpg,
downloaded,wp-content/uploads/2024/01/kuliner-cilacap.jpg,https://bikinlaper.com/wp-content/uploads/2024/01/kuliner-cilacap.jpg,20241122143045,image/jpeg,89604,538b58fcb87505f9d1bdf585c6a83c5fdfb79812cded37874ae54bfbfca2df2a,https://web.archive.org/web/20241122143045id_/https://bikinlaper.com/wp-content/uploads/2024/01/kuliner-cilacap.jpg,
downloaded,wp-content/uploads/2024/01/kuliner-jakarta-selatan-100x67.png,https://bikinlaper.com/wp-content/uploads/2024/01/kuliner-jakarta-selatan-100x67.png,20241122042311,image/png,17121,677828e22f1b22800ad1366dd3be516b2ee6cdd460fa9ba7e6cc11d330acf35f,https://web.archive.org/web/20241122042311id_/https://bikinlaper.com/wp-content/uploads/2024/01/kuliner-jakarta-selatan-100x67.png,
downloaded,wp-content/uploads/2024/01/kuliner-jakarta-selatan-150x100.png,https://bikinlaper.com/wp-content/uploads/2024/01/kuliner-jakarta-selatan-150x100.png,20241122035053,image/png,36106,e3e5109714c184290b4634227d30c75393d434d1ab95087937da257c17f10ee2,https://web.archive.org/web/20241122035053id_/https://bikinlaper.com/wp-content/uploads/2024/01/kuliner-jakarta-selatan-150x100.png,
downloaded,wp-content/uploads/2024/01/kuliner-jakarta-selatan-200x133.png,https://bikinlaper.com/wp-content/uploads/2024/01/kuliner-jakarta-selatan-200x133.png,20241122040029,image/png,60698,5c4fd11976133aa1512da6adf124d01d3d6222f066e6b72eafc26f5cb9654ae4,https://web.archive.org/web/20241122040029id_/https://bikinlaper.com/wp-content/uploads/2024/01/kuliner-jakarta-selatan-200x133.png,
downloaded,wp-content/uploads/2024/01/kuliner-jakarta-selatan-250x167.png,https://bikinlaper.com/wp-content/uploads/2024/01/kuliner-jakarta-selatan-250x167.png,20241122040001,image/png,91689,890b240b933f4a1b85bcf5c20baf402e764e1f213b2f486c2bf1a65550b6c4c0,https://web.archive.org/web/20241122040001id_/https://bikinlaper.com/wp-content/uploads/2024/01/kuliner-jakarta-selatan-250x167.png,
downloaded,wp-content/uploads/2024/01/kuliner-jakarta-selatan-300x200.png,https://bikinlaper.com/wp-content/uploads/2024/01/kuliner-jakarta-selatan-300x200.png,20241122040519,image/png,125742,75ae7c0c54876c045b0dcf3ff2c5343e8928d287b78563f1206bf08b79c26b46,https://web.archive.org/web/20241122040519id_/https://bikinlaper.com/wp-content/uploads/2024/01/kuliner-jakarta-selatan-300x200.png,
downloaded,wp-content/uploads/2024/01/kuliner-jakarta-selatan-350x233.png,https://bikinlaper.com/wp-content/uploads/2024/01/kuliner-jakarta-selatan-350x233.png,20241122041138,image/png,163675,47ad07ed4c5178c17fad954c9e05a465d067ea0a14fce102a85f358672841a58,https://web.archive.org/web/20241122041138id_/https://bikinlaper.com/wp-content/uploads/2024/01/kuliner-jakarta-selatan-350x233.png,
downloaded,wp-content/uploads/2024/01/kuliner-jakarta-selatan-400x267.png,https://bikinlaper.com/wp-content/uploads/2024/01/kuliner-jakarta-selatan-400x267.png,20241122055330,image/png,206213,d2a794d0d2a0fa15a4cd5beb8bf5f230044ee1a9440400573b76cd34a7bf705f,https://web.archive.org/web/20241122055330id_/https://bikinlaper.com/wp-content/uploads/2024/01/kuliner-jakarta-selatan-400x267.png,
downloaded,wp-content/uploads/2024/01/kuliner-jakarta-selatan-450x300.png,https://bikinlaper.com/wp-content/uploads/2024/01/kuliner-jakarta-selatan-450x300.png,20241122040043,image/png,251564,625f56bad748166fac2eeba90122669f9c7d9e9be6d332f8621b8cdd690b120c,https://web.archive.org/web/20241122040043id_/https://bikinlaper.com/wp-content/uploads/2024/01/kuliner-jakarta-selatan-450x300.png,
downloaded,wp-content/uploads/2024/01/kuliner-jakarta-selatan-500x333.png,https://bikinlaper.com/wp-content/uploads/2024/01/kuliner-jakarta-selatan-500x333.png,20241122040124,image/png,299552,5d4506bf696465b3ffd2d7c4c939e57d364b9d9b928f755fea270d5116b07591,https://web.archive.org/web/20241122040124id_/https://bikinlaper.com/wp-content/uploads/2024/01/kuliner-jakarta-selatan-500x333.png,
downloaded,wp-content/uploads/2024/01/kuliner-jakarta-selatan-50x33.png,https://bikinlaper.com/wp-content/uploads/2024/01/kuliner-jakarta-selatan-50x33.png,20241122043119,image/png,4578,5dbf33144bfea150c60245da0c08d30937f2c562a6273733bddbe7d06805b02c,https://web.archive.org/web/20241122043119id_/https://bikinlaper.com/wp-content/uploads/2024/01/kuliner-jakarta-selatan-50x33.png,
downloaded,wp-content/uploads/2024/01/kuliner-jakarta-selatan-550x367.png,https://bikinlaper.com/wp-content/uploads/2024/01/kuliner-jakarta-selatan-550x367.png,20241122043439,image/png,349528,1a291fe09b01e29e542e33bad506ee49611059c84fab078af1699a8ac34d9906,https://web.archive.org/web/20241122043439id_/https://bikinlaper.com/wp-content/uploads/2024/01/kuliner-jakarta-selatan-550x367.png,
downloaded,wp-content/uploads/2024/01/kuliner-jakarta-selatan-650x433.png,https://bikinlaper.com/wp-content/uploads/2024/01/kuliner-jakarta-selatan-650x433.png,20241122035713,image/png,457321,91671cb6917c407b5de50956ea57110bbedd288379d033a5586a15ce1ac230a0,https://web.archive.org/web/20241122035713id_/https://bikinlaper.com/wp-content/uploads/2024/01/kuliner-jakarta-selatan-650x433.png,
downloaded,wp-content/uploads/2024/01/kuliner-jakarta-selatan.png,https://bikinlaper.com/wp-content/uploads/2024/01/kuliner-jakarta-selatan.png,20241122050903,image/png,462848,7def0683598b4a29d68cec6e8b64cbd9a97f220e66889aa9c8dae7dc17e6c685,https://web.archive.org/web/20241122050903id_/https://bikinlaper.com/wp-content/uploads/2024/01/kuliner-jakarta-selatan.png,
downloaded,wp-content/uploads/2024/01/kuliner-probolinggo-100x75.jpeg,https://bikinlaper.com/wp-content/uploads/2024/01/kuliner-probolinggo-100x75.jpeg,20241122061055,image/jpeg,4189,20fd20d5db262fe4f2b8afdd300eb8fa51f53c6239b07d99ae8602e862941c54,https://web.archive.org/web/20241122061055id_/https://bikinlaper.com/wp-content/uploads/2024/01/kuliner-probolinggo-100x75.jpeg,
downloaded,wp-content/uploads/2024/01/kuliner-probolinggo-150x113.jpeg,https://bikinlaper.com/wp-content/uploads/2024/01/kuliner-probolinggo-150x113.jpeg,20241122051816,image/jpeg,7614,ac16d10aa645ea52738be877c1c35527fc0bfc1f80884562f8d0c245899d14a2,https://web.archive.org/web/20241122051816id_/https://bikinlaper.com/wp-content/uploads/2024/01/kuliner-probolinggo-150x113.jpeg,
downloaded,wp-content/uploads/2024/01/kuliner-probolinggo-200x150.jpeg/index.html,https://bikinlaper.com/wp-content/uploads/2024/01/kuliner-probolinggo-200x150.jpeg,20241122044520,text/html,1520,45b57bfdf33844612d22eb158ee7f97b88a6a6370c0ec531c1f67f43555369ef,https://web.archive.org/web/20241122044520id_/https://bikinlaper.com/wp-content/uploads/2024/01/kuliner-probolinggo-200x150.jpeg,
downloaded,wp-content/uploads/2024/01/kuliner-probolinggo-250x188.jpeg,https://bikinlaper.com/wp-content/uploads/2024/01/kuliner-probolinggo-250x188.jpeg,20241122045113,image/jpeg,16680,d9275dd227a4b401df609e6a84c274ec80cd6c207f9f5a7fc1f995326693a488,https://web.archive.org/web/20241122045113id_/https://bikinlaper.com/wp-content/uploads/2024/01/kuliner-probolinggo-250x188.jpeg,
downloaded,wp-content/uploads/2024/01/kuliner-probolinggo-300x225.jpeg,https://bikinlaper.com/wp-content/uploads/2024/01/kuliner-probolinggo-300x225.jpeg,20241122060613,image/jpeg,22040,1f52610a2549e3ed64b2f7ecbd7385a8da83c5f09e02c770d010b22944085b98,https://web.archive.org/web/20241122060613id_/https://bikinlaper.com/wp-content/uploads/2024/01/kuliner-probolinggo-300x225.jpeg,
downloaded,wp-content/uploads/2024/01/kuliner-probolinggo-350x263.jpeg,https://bikinlaper.com/wp-content/uploads/2024/01/kuliner-probolinggo-350x263.jpeg,20241122060021,image/jpeg,27731,e9ab55ef75e156e1f6714e02eae0a11d8253947e7647c61c17e4e8050397b2f0,https://web.archive.org/web/20241122060021id_/https://bikinlaper.com/wp-content/uploads/2024/01/kuliner-probolinggo-350x263.jpeg,
downloaded,wp-content/uploads/2024/01/kuliner-probolinggo-400x300.jpeg,https://bikinlaper.com/wp-content/uploads/2024/01/kuliner-probolinggo-400x300.jpeg,20241122044730,image/jpeg,33950,fbdee12a3a96862bc480ef031bbf6cf946c91c5e61b1abc9536684b1543f8145,https://web.archive.org/web/20241122044730id_/https://bikinlaper.com/wp-content/uploads/2024/01/kuliner-probolinggo-400x300.jpeg,
downloaded,wp-content/uploads/2024/01/kuliner-probolinggo-450x338.jpeg,https://bikinlaper.com/wp-content/uploads/2024/01/kuliner-probolinggo-450x338.jpeg,20241122053317,image/jpeg,41056,d17f4b593a37f6fa0e0185df4470fc77ff38f95fb5f4b829bd8a922f20411998,https://web.archive.org/web/20241122053317id_/https://bikinlaper.com/wp-content/uploads/2024/01/kuliner-probolinggo-450x338.jpeg,
downloaded,wp-content/uploads/2024/01/kuliner-probolinggo-500x375.jpeg,https://bikinlaper.com/wp-content/uploads/2024/01/kuliner-probolinggo-500x375.jpeg,20241122044938,image/jpeg,47812,3b17ed92b3a55913c308d7700cd411c8bb0beb7f733861d34c05cb11cfbc9713,https://web.archive.org/web/20241122044938id_/https://bikinlaper.com/wp-content/uploads/2024/01/kuliner-probolinggo-500x375.jpeg,
downloaded,wp-content/uploads/2024/01/kuliner-probolinggo-50x38.jpeg,https://bikinlaper.com/wp-content/uploads/2024/01/kuliner-probolinggo-50x38.jpeg,20241122053442,image/jpeg,1753,b87c41d465ba1a70ed0026c480729988e2a30d2d75e4900c304201d943df429d,https://web.archive.org/web/20241122053442id_/https://bikinlaper.com/wp-content/uploads/2024/01/kuliner-probolinggo-50x38.jpeg,
downloaded,wp-content/uploads/2024/01/kuliner-probolinggo-550x413.jpeg,https://bikinlaper.com/wp-content/uploads/2024/01/kuliner-probolinggo-550x413.jpeg,20241122044406,image/jpeg,55111,0bd468db449631c54209aa3f710d9f02175f4e15d7e6b0d821299bfb22fac0ee,https://web.archive.org/web/20241122044406id_/https://bikinlaper.com/wp-content/uploads/2024/01/kuliner-probolinggo-550x413.jpeg,
downloaded,wp-content/uploads/2024/01/kuliner-probolinggo-650x488.jpeg,https://bikinlaper.com/wp-content/uploads/2024/01/kuliner-probolinggo-650x488.jpeg,20241122152540,image/jpeg,70694,1a2ed84113d91ab399c7eec2c7cda909ca63272ff1744dcb01bed9b080e1daff,https://web.archive.org/web/20241122152540id_/https://bikinlaper.com/wp-content/uploads/2024/01/kuliner-probolinggo-650x488.jpeg,
downloaded,wp-content/uploads/2024/01/kuliner-probolinggo-768x577.jpeg,https://bikinlaper.com/wp-content/uploads/2024/01/kuliner-probolinggo-768x577.jpeg,20241122052435,image/jpeg,91009,4f0041b67c97294e15c31a6b70be4f479697c0f0e4ba0c9ed8c0de84a9916764,https://web.archive.org/web/20241122052435id_/https://bikinlaper.com/wp-content/uploads/2024/01/kuliner-probolinggo-768x577.jpeg,
downloaded,wp-content/uploads/2024/01/kuliner-probolinggo-800x601.jpeg,https://bikinlaper.com/wp-content/uploads/2024/01/kuliner-probolinggo-800x601.jpeg,20241122051727,image/jpeg,95943,a49cc4a1fba1d86715f67d59df2a6ca9a8a2f03c057cfdc14aeb7f42cb52f981,https://web.archive.org/web/20241122051727id_/https://bikinlaper.com/wp-content/uploads/2024/01/kuliner-probolinggo-800x601.jpeg,
downloaded,wp-content/uploads/2024/01/kuliner-probolinggo.jpeg,https://bikinlaper.com/wp-content/uploads/2024/01/kuliner-probolinggo.jpeg,20241122174541,image/jpeg,134898,0ce29993409a5c26c7e05b38b08ad70abb765806229144d84f2f25d7ba85bae2,https://web.archive.org/web/20241122174541id_/https://bikinlaper.com/wp-content/uploads/2024/01/kuliner-probolinggo.jpeg,
downloaded,wp-content/uploads/2024/01/makanan-oriental-100x67.jpg,https://bikinlaper.com/wp-content/uploads/2024/01/makanan-oriental-100x67.jpg,20241122141319,image/jpeg,4352,971374ce6bfabd6472de3f02d5a398a56746f838bfc411d617d1e52fbce3a227,https://web.archive.org/web/20241122141319id_/https://bikinlaper.com/wp-content/uploads/2024/01/makanan-oriental-100x67.jpg,
downloaded,wp-content/uploads/2024/01/makanan-oriental-150x100.jpg,https://bikinlaper.com/wp-content/uploads/2024/01/makanan-oriental-150x100.jpg,20241122040910,image/jpeg,7950,d3792e53d7ba92a5a46afc2579f254b1f54ea954451bb02e54d2f46ee4dc134d,https://web.archive.org/web/20241122040910id_/https://bikinlaper.com/wp-content/uploads/2024/01/makanan-oriental-150x100.jpg,
downloaded,wp-content/uploads/2024/01/makanan-oriental-200x133.jpg,https://bikinlaper.com/wp-content/uploads/2024/01/makanan-oriental-200x133.jpg,20241122034750,image/jpeg,12440,6bf51ed7b58590d513f11b6f5b5090e81f53a1a97c9135d67cf6b2d09e54b858,https://web.archive.org/web/20241122034750id_/https://bikinlaper.com/wp-content/uploads/2024/01/makanan-oriental-200x133.jpg,
downloaded,wp-content/uploads/2024/01/makanan-oriental-250x167.jpg,https://bikinlaper.com/wp-content/uploads/2024/01/makanan-oriental-250x167.jpg,20241122041621,image/jpeg,17836,6ed8b125653b6351e7d6608048f5110b3bdcafc475a04e4650c829bf1a327a44,https://web.archive.org/web/20241122041621id_/https://bikinlaper.com/wp-content/uploads/2024/01/makanan-oriental-250x167.jpg,
downloaded,wp-content/uploads/2024/01/makanan-oriental-300x200.jpg,https://bikinlaper.com/wp-content/uploads/2024/01/makanan-oriental-300x200.jpg,20241122052057,image/jpeg,23609,05e2cac6007217f49ed09f719dcb3577568b34fe2556ee9deccdbe930c20a75e,https://web.archive.org/web/20241122052057id_/https://bikinlaper.com/wp-content/uploads/2024/01/makanan-oriental-300x200.jpg,
downloaded,wp-content/uploads/2024/01/makanan-oriental-350x233.jpg,https://bikinlaper.com/wp-content/uploads/2024/01/makanan-oriental-350x233.jpg,20241122040449,image/jpeg,29963,976efcd6263d0c2d1249be6d20583c4d981b6d00ad1bb84fd065037ce789211a,https://web.archive.org/web/20241122040449id_/https://bikinlaper.com/wp-content/uploads/2024/01/makanan-oriental-350x233.jpg,
downloaded,wp-content/uploads/2024/01/makanan-oriental-400x267.jpg,https://bikinlaper.com/wp-content/uploads/2024/01/makanan-oriental-400x267.jpg,20241122045151,image/jpeg,36682,564098750780e377f19ec4153d012f1f10cf83fe827d29fead3be839088c2861,https://web.archive.org/web/20241122045151id_/https://bikinlaper.com/wp-content/uploads/2024/01/makanan-oriental-400x267.jpg,
downloaded,wp-content/uploads/2024/01/makanan-oriental-450x300.jpg,https://bikinlaper.com/wp-content/uploads/2024/01/makanan-oriental-450x300.jpg,20241122050723,image/jpeg,44443,a8142f23d59c31dcff1883be85f2a5ad978f12cf513f7bc5d9c81e4dd8d3a434,https://web.archive.org/web/20241122050723id_/https://bikinlaper.com/wp-content/uploads/2024/01/makanan-oriental-450x300.jpg,
downloaded,wp-content/uploads/2024/01/makanan-oriental-500x333.jpg,https://bikinlaper.com/wp-content/uploads/2024/01/makanan-oriental-500x333.jpg,20241122035825,image/jpeg,51624,8a9e8e5d73991969b6f76238b4bac91db721a023c6dd01b57372004d675a6a9f,https://web.archive.org/web/20241122035825id_/https://bikinlaper.com/wp-content/uploads/2024/01/makanan-oriental-500x333.jpg,
downloaded,wp-content/uploads/2024/01/makanan-oriental-50x33.jpg,https://bikinlaper.com/wp-content/uploads/2024/01/makanan-oriental-50x33.jpg,20241122035953,image/jpeg,1772,ef2752f0534f870a818effa88ebbc30cd0eca8066ec2d19458686ca7f21a7659,https://web.archive.org/web/20241122035953id_/https://bikinlaper.com/wp-content/uploads/2024/01/makanan-oriental-50x33.jpg,
downloaded,wp-content/uploads/2024/01/makanan-oriental-550x367.jpg,https://bikinlaper.com/wp-content/uploads/2024/01/makanan-oriental-550x367.jpg,20241122035133,image/jpeg,58867,3aa27efbd98a9a4355f655b948ed003c8b39e5dfecb5e439f96144bf40f23b21,https://web.archive.org/web/20241122035133id_/https://bikinlaper.com/wp-content/uploads/2024/01/makanan-oriental-550x367.jpg,
downloaded,wp-content/uploads/2024/01/makanan-oriental-650x433.jpg,https://bikinlaper.com/wp-content/uploads/2024/01/makanan-oriental-650x433.jpg,20241122035059,image/jpeg,75573,ff7b2cd983b9a8e55f851681ae715f5c7eaf1cd24b295943e04265e232521261,https://web.archive.org/web/20241122035059id_/https://bikinlaper.com/wp-content/uploads/2024/01/makanan-oriental-650x433.jpg,
downloaded,wp-content/uploads/2024/01/makanan-oriental.jpg,https://bikinlaper.com/wp-content/uploads/2024/01/makanan-oriental.jpg,20241122041154,image/jpeg,89299,706124b7316df69046b06bc5d39f73a5b46fcc2c06d3cbd459b31505126bfabc,https://web.archive.org/web/20241122041154id_/https://bikinlaper.com/wp-content/uploads/2024/01/makanan-oriental.jpg,
downloaded,wp-content/uploads/2024/01/mustafa-kuliner-100x56.webp,https://bikinlaper.com/wp-content/uploads/2024/01/mustafa-kuliner-100x56.webp,20241122062038,image/webp,1626,411424af3702f413f7170a716fe3f997840be161b9356fb3a36730a0dc2532d5,https://web.archive.org/web/20241122062038id_/https://bikinlaper.com/wp-content/uploads/2024/01/mustafa-kuliner-100x56.webp,
downloaded,wp-content/uploads/2024/01/mustafa-kuliner-1200x672.webp,https://bikinlaper.com/wp-content/uploads/2024/01/mustafa-kuliner-1200x672.webp,20241122044243,image/webp,34762,b18d14974fd1b59bea2199f42ea92aaa88534c6b1ee57170ed19b4ed1a248ec8,https://web.archive.org/web/20241122044243id_/https://bikinlaper.com/wp-content/uploads/2024/01/mustafa-kuliner-1200x672.webp,
downloaded,wp-content/uploads/2024/01/mustafa-kuliner-150x84.webp,https://bikinlaper.com/wp-content/uploads/2024/01/mustafa-kuliner-150x84.webp,20241122045131,image/webp,2930,9744d78310ff1e7bec0d75d7245376de018b0bc67c9f2b5e8853f5a1259f01be,https://web.archive.org/web/20241122045131id_/https://bikinlaper.com/wp-content/uploads/2024/01/mustafa-kuliner-150x84.webp,
downloaded,wp-content/uploads/2024/01/mustafa-kuliner-200x112.webp,https://bikinlaper.com/wp-content/uploads/2024/01/mustafa-kuliner-200x112.webp,20241122044123,image/webp,4250,3efd3349a535716fec8cb9403d1c0b19ca33ce4b3e605772b52040f7ea59828c,https://web.archive.org/web/20241122044123id_/https://bikinlaper.com/wp-content/uploads/2024/01/mustafa-kuliner-200x112.webp,
downloaded,wp-content/uploads/2024/01/mustafa-kuliner-250x140.webp,https://bikinlaper.com/wp-content/uploads/2024/01/mustafa-kuliner-250x140.webp,20241122062621,image/webp,5884,24c402fb82599ecc3094524a1553aaaa963a4aab6eb9c78f670ca78ab7c0d748,https://web.archive.org/web/20241122062621id_/https://bikinlaper.com/wp-content/uploads/2024/01/mustafa-kuliner-250x140.webp,
downloaded,wp-content/uploads/2024/01/mustafa-kuliner-300x168.webp,https://bikinlaper.com/wp-content/uploads/2024/01/mustafa-kuliner-300x168.webp,20241122050615,image/webp,7410,8fccaa0e20aa7da040e505015bc5a004e67547b948375951b9aac302d97d8417,https://web.archive.org/web/20241122050615id_/https://bikinlaper.com/wp-content/uploads/2024/01/mustafa-kuliner-300x168.webp,
downloaded,wp-content/uploads/2024/01/mustafa-kuliner-350x196.webp,https://bikinlaper.com/wp-content/uploads/2024/01/mustafa-kuliner-350x196.webp,20241122092027,image/webp,9048,200981787891b23f7f71fde98eb2b708a54878f3ead0a2e5c4e660172ea2f263,https://web.archive.org/web/20241122092027id_/https://bikinlaper.com/wp-content/uploads/2024/01/mustafa-kuliner-350x196.webp,
downloaded,wp-content/uploads/2024/01/mustafa-kuliner-400x224.webp,https://bikinlaper.com/wp-content/uploads/2024/01/mustafa-kuliner-400x224.webp,20241122044223,image/webp,10194,38ca90f5ae276168582885915cbd6a8e3c1dc534f621393ef8a2a06c68f655a5,https://web.archive.org/web/20241122044223id_/https://bikinlaper.com/wp-content/uploads/2024/01/mustafa-kuliner-400x224.webp,
downloaded,wp-content/uploads/2024/01/mustafa-kuliner-450x252.webp,https://bikinlaper.com/wp-content/uploads/2024/01/mustafa-kuliner-450x252.webp,20241122054124,image/webp,12308,50b4d257053891cb60af9a352b168aa46dccb391e809e8627748c48d385fed9d,https://web.archive.org/web/20241122054124id_/https://bikinlaper.com/wp-content/uploads/2024/01/mustafa-kuliner-450x252.webp,
downloaded,wp-content/uploads/2024/01/mustafa-kuliner-500x280.webp,https://bikinlaper.com/wp-content/uploads/2024/01/mustafa-kuliner-500x280.webp,20241122165816,image/webp,13660,abfb9d8a7bed37aeb0e128297bd3132a49c6350106fb7412b9651c5b27c40939,https://web.archive.org/web/20241122165816id_/https://bikinlaper.com/wp-content/uploads/2024/01/mustafa-kuliner-500x280.webp,
downloaded,wp-content/uploads/2024/01/mustafa-kuliner-50x28.webp,https://bikinlaper.com/wp-content/uploads/2024/01/mustafa-kuliner-50x28.webp,20241122062941,image/webp,712,00db1b73ca0f6bca0f618efe0225c0cc43bf369cb92cb0ed7b8b7e9f6a7ac172,https://web.archive.org/web/20241122062941id_/https://bikinlaper.com/wp-content/uploads/2024/01/mustafa-kuliner-50x28.webp,
downloaded,wp-content/uploads/2024/01/mustafa-kuliner-550x308.webp,https://bikinlaper.com/wp-content/uploads/2024/01/mustafa-kuliner-550x308.webp,20241122051517,image/webp,15234,a0d653f3228da7ddf7c180495ab8caf78f393e1d7f2d20ed46aa0b1c1ce7df52,https://web.archive.org/web/20241122051517id_/https://bikinlaper.com/wp-content/uploads/2024/01/mustafa-kuliner-550x308.webp,
downloaded,wp-content/uploads/2024/01/mustafa-kuliner-650x364.webp,https://bikinlaper.com/wp-content/uploads/2024/01/mustafa-kuliner-650x364.webp,20241122051347,image/webp,18048,ae2845463ea4306e704033d5d94fffdb3006becdc64e5a826478d7122c9ecf9d,https://web.archive.org/web/20241122051347id_/https://bikinlaper.com/wp-content/uploads/2024/01/mustafa-kuliner-650x364.webp,
downloaded,wp-content/uploads/2024/01/mustafa-kuliner-768x430.webp,https://bikinlaper.com/wp-content/uploads/2024/01/mustafa-kuliner-768x430.webp,20241122112419,image/webp,21288,7af5595142873cf891c5660d3eca0c008c8dc00b3e5de13be7bf6249bdc01255,https://web.archive.org/web/20241122112419id_/https://bikinlaper.com/wp-content/uploads/2024/01/mustafa-kuliner-768x430.webp,
downloaded,wp-content/uploads/2024/01/mustafa-kuliner-800x448.webp,https://bikinlaper.com/wp-content/uploads/2024/01/mustafa-kuliner-800x448.webp,20241122044010,image/webp,22026,9ab0e4771827d3c0b6546824fa3905497a7f632312c237aa7c03f4b922a53b39,https://web.archive.org/web/20241122044010id_/https://bikinlaper.com/wp-content/uploads/2024/01/mustafa-kuliner-800x448.webp,
downloaded,wp-content/uploads/2024/01/mustafa-kuliner.webp,https://bikinlaper.com/wp-content/uploads/2024/01/mustafa-kuliner.webp,20241122054331,image/webp,37934,d132452b1f9f00d941b41bb4d9501a6ed99ee30d32bced795dce14bf5abfa2b6,https://web.archive.org/web/20241122054331id_/https://bikinlaper.com/wp-content/uploads/2024/01/mustafa-kuliner.webp,
downloaded,wp-content/uploads/2024/01/nabati-group_169-150x84.jpeg,https://bikinlaper.com/wp-content/uploads/2024/01/nabati-group_169-150x84.jpeg,20241122084337,image/jpeg,4637,f0ea95b5e1b18af623fec4730bd20f76e2248aad1cf5a7031d4487231d34f121,https://web.archive.org/web/20241122084337id_/https://bikinlaper.com/wp-content/uploads/2024/01/nabati-group_169-150x84.jpeg,
downloaded,wp-content/uploads/2024/01/nabati-group_169-250x141.jpeg,https://bikinlaper.com/wp-content/uploads/2024/01/nabati-group_169-250x141.jpeg,20241122044911,image/jpeg,9664,ad4053767e7d5c8a7147d841c100187f90971d8c9a79ebbae798ede4d2da7ce2,https://web.archive.org/web/20241122044911id_/https://bikinlaper.com/wp-content/uploads/2024/01/nabati-group_169-250x141.jpeg,
downloaded,wp-content/uploads/2024/01/nabati-group_169-300x169.jpeg,https://bikinlaper.com/wp-content/uploads/2024/01/nabati-group_169-300x169.jpeg,20241122052053,image/jpeg,12819,b6045723ea3387784f971c82ed51c6e2f4033b94ac4e11c7468d717cf833e5c4,https://web.archive.org/web/20241122052053id_/https://bikinlaper.com/wp-content/uploads/2024/01/nabati-group_169-300x169.jpeg,
downloaded,wp-content/uploads/2024/01/nabati-group_169-350x197.jpeg,https://bikinlaper.com/wp-content/uploads/2024/01/nabati-group_169-350x197.jpeg,20241122051514,image/jpeg,15927,6caebb5921bf9c6cae1c159a69190d3cbd32d3309de99be83149858c389c9058,https://web.archive.org/web/20241122051514id_/https://bikinlaper.com/wp-content/uploads/2024/01/nabati-group_169-350x197.jpeg,
downloaded,wp-content/uploads/2024/01/nabati-group_169-50x28.jpeg,https://bikinlaper.com/wp-content/uploads/2024/01/nabati-group_169-50x28.jpeg,20241122044044,image/jpeg,1367,7e0c7b2969de0761505d870f0dcc26f7934662bd8573941b1aad485d55bcfed6,https://web.archive.org/web/20241122044044id_/https://bikinlaper.com/wp-content/uploads/2024/01/nabati-group_169-50x28.jpeg,
downloaded,wp-content/uploads/2024/01/nabati-group_169.jpeg,https://bikinlaper.com/wp-content/uploads/2024/01/nabati-group_169.jpeg,20241122053337,image/jpeg,29476,a16755689468018f34eb816365cb3881f1c8c929a8e9fdaeeb091f984bec4c10,https://web.archive.org/web/20241122053337id_/https://bikinlaper.com/wp-content/uploads/2024/01/nabati-group_169.jpeg,
downloaded,wp-content/uploads/2024/01/peluang-usaha-makanan-internasional-di-Indonesia-1200x675.jpg,https://bikinlaper.com/wp-content/uploads/2024/01/peluang-usaha-makanan-internasional-di-Indonesia-1200x675.jpg,20241122035709,image/jpeg,24576,32b1e87ade5befd0fdd37f746ff58a04ad959c7ad644d8c5e4e5c6c3bfd58f65,https://web.archive.org/web/20241122035709id_/https://bikinlaper.com/wp-content/uploads/2024/01/peluang-usaha-makanan-internasional-di-Indonesia-1200x675.jpg,
downloaded,wp-content/uploads/2024/01/peluang-usaha-makanan-internasional-di-Indonesia-150x84.jpg,https://bikinlaper.com/wp-content/uploads/2024/01/peluang-usaha-makanan-internasional-di-Indonesia-150x84.jpg,20241122105138,image/jpeg,7018,4cdb9f19460100e4e5cc3945fab1e04f95cb0ad8548eff59091c0f2888e4917f,https://web.archive.org/web/20241122105138id_/https://bikinlaper.com/wp-content/uploads/2024/01/peluang-usaha-makanan-internasional-di-Indonesia-150x84.jpg,
downloaded,wp-content/uploads/2024/01/peluang-usaha-makanan-internasional-di-Indonesia-200x113.jpg,https://bikinlaper.com/wp-content/uploads/2024/01/peluang-usaha-makanan-internasional-di-Indonesia-200x113.jpg,20241122055642,image/jpeg,10951,e5b49fdcb9ffed7e04bd9ca7cf20d143822f753d32ac48ff6b6c94cbf438ecdc,https://web.archive.org/web/20241122055642id_/https://bikinlaper.com/wp-content/uploads/2024/01/peluang-usaha-makanan-internasional-di-Indonesia-200x113.jpg,
downloaded,wp-content/uploads/2024/01/peluang-usaha-makanan-internasional-di-Indonesia-250x141.jpg,https://bikinlaper.com/wp-content/uploads/2024/01/peluang-usaha-makanan-internasional-di-Indonesia-250x141.jpg,20241122054508,image/jpeg,15646,842fc53eac826994dee93b7fded248012e3492ee651be148389c2938d5c5f7df,https://web.archive.org/web/20241122054508id_/https://bikinlaper.com/wp-content/uploads/2024/01/peluang-usaha-makanan-internasional-di-Indonesia-250x141.jpg,
downloaded,wp-content/uploads/2024/01/peluang-usaha-makanan-internasional-di-Indonesia-300x169.jpg,https://bikinlaper.com/wp-content/uploads/2024/01/peluang-usaha-makanan-internasional-di-Indonesia-300x169.jpg,20241122035543,image/jpeg,20982,bf38f5a9e79d083f14a50e6ddb05aef61a09d4d3e79cf3cd6ce346fa9a9541b3,https://web.archive.org/web/20241122035543id_/https://bikinlaper.com/wp-content/uploads/2024/01/peluang-usaha-makanan-internasional-di-Indonesia-300x169.jpg,
downloaded,wp-content/uploads/2024/01/peluang-usaha-makanan-internasional-di-Indonesia-350x197.jpg,https://bikinlaper.com/wp-content/uploads/2024/01/peluang-usaha-makanan-internasional-di-Indonesia-350x197.jpg,20241122185516,image/jpeg,26760,33f74d5e33ef81025d2d3c79875b606a034ec170a78787167c1eeb752ca69be6,https://web.archive.org/web/20241122185516id_/https://bikinlaper.com/wp-content/uploads/2024/01/peluang-usaha-makanan-internasional-di-Indonesia-350x197.jpg,
downloaded,wp-content/uploads/2024/01/peluang-usaha-makanan-internasional-di-Indonesia-400x225.jpg/index.html,https://bikinlaper.com/wp-content/uploads/2024/01/peluang-usaha-makanan-internasional-di-Indonesia-400x225.jpg,20241122043123,text/html,1410,076416a533f704237e6aa5cb9e9eb49d814f501b8720f277c4827da2103634cd,https://web.archive.org/web/20241122043123id_/https://bikinlaper.com/wp-content/uploads/2024/01/peluang-usaha-makanan-internasional-di-Indonesia-400x225.jpg,
downloaded,wp-content/uploads/2024/01/peluang-usaha-makanan-internasional-di-Indonesia-450x253.jpg,https://bikinlaper.com/wp-content/uploads/2024/01/peluang-usaha-makanan-internasional-di-Indonesia-450x253.jpg,20241122042431,image/jpeg,40086,99ac1835de60efa25c9a415460be7d89eb50e8070f12734492f1a17d50b52362,https://web.archive.org/web/20241122042431id_/https://bikinlaper.com/wp-content/uploads/2024/01/peluang-usaha-makanan-internasional-di-Indonesia-450x253.jpg,
downloaded,wp-content/uploads/2024/01/peluang-usaha-makanan-internasional-di-Indonesia-500x281.jpg,https://bikinlaper.com/wp-content/uploads/2024/01/peluang-usaha-makanan-internasional-di-Indonesia-500x281.jpg,20241122115210,image/jpeg,47360,7781a914c8d7b59bf55bd7f619ee0a29512b9d517d2ac494f0544727dd166637,https://web.archive.org/web/20241122115210id_/https://bikinlaper.com/wp-content/uploads/2024/01/peluang-usaha-makanan-internasional-di-Indonesia-500x281.jpg,
downloaded,wp-content/uploads/2024/01/peluang-usaha-makanan-internasional-di-Indonesia-50x28.jpg,https://bikinlaper.com/wp-content/uploads/2024/01/peluang-usaha-makanan-internasional-di-Indonesia-50x28.jpg,20241122042925,image/jpeg,1592,9cacc4bc0079a6da157b4861f1171d45619e03ea5f38290976b7ca89d31f8624,https://web.archive.org/web/20241122042925id_/https://bikinlaper.com/wp-content/uploads/2024/01/peluang-usaha-makanan-internasional-di-Indonesia-50x28.jpg,
downloaded,wp-content/uploads/2024/01/peluang-usaha-makanan-internasional-di-Indonesia-550x309.jpg,https://bikinlaper.com/wp-content/uploads/2024/01/peluang-usaha-makanan-internasional-di-Indonesia-550x309.jpg,20241122041440,image/jpeg,54850,88bd689f9eed3152e424092f3899815328ae12ff49831c6b8b18eb0b81cb12ab,https://web.archive.org/web/20241122041440id_/https://bikinlaper.com/wp-content/uploads/2024/01/peluang-usaha-makanan-internasional-di-Indonesia-550x309.jpg,
downloaded,wp-content/uploads/2024/01/peluang-usaha-makanan-internasional-di-Indonesia-650x366.jpg,https://bikinlaper.com/wp-content/uploads/2024/01/peluang-usaha-makanan-internasional-di-Indonesia-650x366.jpg,20241122034715,image/jpeg,71334,d79a06f6dd6e8650b3eaf98a843b59f77baefeeb5cf4f1cf828af55cd1fd5ffe,https://web.archive.org/web/20241122034715id_/https://bikinlaper.com/wp-content/uploads/2024/01/peluang-usaha-makanan-internasional-di-Indonesia-650x366.jpg,
downloaded,wp-content/uploads/2024/01/peluang-usaha-makanan-internasional-di-Indonesia-768x432.jpg,https://bikinlaper.com/wp-content/uploads/2024/01/peluang-usaha-makanan-internasional-di-Indonesia-768x432.jpg,20241122040316,image/jpeg,90923,c88b67fd5175eb889526346ababa71aa2c4400b3083f1cfc86521366cfd20dbd,https://web.archive.org/web/20241122040316id_/https://bikinlaper.com/wp-content/uploads/2024/01/peluang-usaha-makanan-internasional-di-Indonesia-768x432.jpg,
downloaded,wp-content/uploads/2024/01/peluang-usaha-makanan-internasional-di-Indonesia-800x450.jpg,https://bikinlaper.com/wp-content/uploads/2024/01/peluang-usaha-makanan-internasional-di-Indonesia-800x450.jpg,20241122044110,image/jpeg,99035,c2bdd8db4500ee48109bb541776b38083eaacb8eef42222e7436b1ce5fb9d116,https://web.archive.org/web/20241122044110id_/https://bikinlaper.com/wp-content/uploads/2024/01/peluang-usaha-makanan-internasional-di-Indonesia-800x450.jpg,
downloaded,wp-content/uploads/2024/01/peluang-usaha-makanan-internasional-di-Indonesia.jpg,https://bikinlaper.com/wp-content/uploads/2024/01/peluang-usaha-makanan-internasional-di-Indonesia.jpg,20241122035407,image/jpeg,202326,62e983e55e627f2b83582b5faf2f184d62387346ac656e126209607c0e11d10b,https://web.archive.org/web/20241122035407id_/https://bikinlaper.com/wp-content/uploads/2024/01/peluang-usaha-makanan-internasional-di-Indonesia.jpg,
downloaded,wp-content/uploads/2024/01/traveling-100x56.jpg,https://bikinlaper.com/wp-content/uploads/2024/01/traveling-100x56.jpg,20241122061729,image/jpeg,3052,835cf47b6d809dacadc0d1805ee2c785de810cafe0809fa0f4734efc10010710,https://web.archive.org/web/20241122061729id_/https://bikinlaper.com/wp-content/uploads/2024/01/traveling-100x56.jpg,
downloaded,wp-content/uploads/2024/01/traveling-150x84.jpg,https://bikinlaper.com/wp-content/uploads/2024/01/traveling-150x84.jpg,20241122193059,image/jpeg,5419,d9143f80afa8837492fbeab1c74a03134df8c8dfdbab733616cb5eeac9bc0e7e,https://web.archive.org/web/20241122193059id_/https://bikinlaper.com/wp-content/uploads/2024/01/traveling-150x84.jpg,
downloaded,wp-content/uploads/2024/01/traveling-200x112.jpg,https://bikinlaper.com/wp-content/uploads/2024/01/traveling-200x112.jpg,20241122053659,image/jpeg,8109,c5a02750b7e13d1b46ec17c8a4cc5510d1332517343355c73332d9930d0b0da6,https://web.archive.org/web/20241122053659id_/https://bikinlaper.com/wp-content/uploads/2024/01/traveling-200x112.jpg,
downloaded,wp-content/uploads/2024/01/traveling-250x140.jpg,https://bikinlaper.com/wp-content/uploads/2024/01/traveling-250x140.jpg,20241122035427,image/jpeg,11681,73264ef1165b20b93b6017f62f3976d0db3123b5ef76c31c268da24c51381734,https://web.archive.org/web/20241122035427id_/https://bikinlaper.com/wp-content/uploads/2024/01/traveling-250x140.jpg,
downloaded,wp-content/uploads/2024/01/traveling-300x168.jpg,https://bikinlaper.com/wp-content/uploads/2024/01/traveling-300x168.jpg,20241122041445,image/jpeg,15439,82f5c5fc505ab83093776335c048a9d3d7ffdd1bfb5f4940dc5ec8d317e5db16,https://web.archive.org/web/20241122041445id_/https://bikinlaper.com/wp-content/uploads/2024/01/traveling-300x168.jpg,
downloaded,wp-content/uploads/2024/01/traveling-350x196.jpg,https://bikinlaper.com/wp-content/uploads/2024/01/traveling-350x196.jpg,20241122042150,image/jpeg,19984,9144c1ee8c44e407c7e7afad8ad4b7bfcf820ffc87d5d6bbfa3db691749d5a96,https://web.archive.org/web/20241122042150id_/https://bikinlaper.com/wp-content/uploads/2024/01/traveling-350x196.jpg,
downloaded,wp-content/uploads/2024/01/traveling-400x224.jpg,https://bikinlaper.com/wp-content/uploads/2024/01/traveling-400x224.jpg,20241122035137,image/jpeg,24178,83b020764c9dec3d52001d697158974fa8fd250e7bc1813736c4af8b4f230286,https://web.archive.org/web/20241122035137id_/https://bikinlaper.com/wp-content/uploads/2024/01/traveling-400x224.jpg,
downloaded,wp-content/uploads/2024/01/traveling-450x252.jpg,https://bikinlaper.com/wp-content/uploads/2024/01/traveling-450x252.jpg,20241122035007,image/jpeg,29896,be207cd83b49f469ce1b9475b1da4b29781b4260d0961dd04fc4152a0ba6e4bf,https://web.archive.org/web/20241122035007id_/https://bikinlaper.com/wp-content/uploads/2024/01/traveling-450x252.jpg,
downloaded,wp-content/uploads/2024/01/traveling-500x280.jpg,https://bikinlaper.com/wp-content/uploads/2024/01/traveling-500x280.jpg,20241122035028,image/jpeg,34961,531f70bf13dfbb7e33663c8bb25ceb5db8aad6b274fc390c588ecbc12dd424c7,https://web.archive.org/web/20241122035028id_/https://bikinlaper.com/wp-content/uploads/2024/01/traveling-500x280.jpg,
downloaded,wp-content/uploads/2024/01/traveling-50x28.jpg,https://bikinlaper.com/wp-content/uploads/2024/01/traveling-50x28.jpg,20241122052717,image/jpeg,1481,dbc74c0f12218e3efe151c6bd8e74c8504d837ceb8e1c43bc0e46ade99296f45,https://web.archive.org/web/20241122052717id_/https://bikinlaper.com/wp-content/uploads/2024/01/traveling-50x28.jpg,
downloaded,wp-content/uploads/2024/01/traveling-550x308.jpg,https://bikinlaper.com/wp-content/uploads/2024/01/traveling-550x308.jpg,20241122043048,image/jpeg,40812,fc5e3b848e7454f79cd658a8907a90bdb03a0167606091402e8cb225811585e4,https://web.archive.org/web/20241122043048id_/https://bikinlaper.com/wp-content/uploads/2024/01/traveling-550x308.jpg,
downloaded,wp-content/uploads/2024/01/traveling-650x364.jpg,https://bikinlaper.com/wp-content/uploads/2024/01/traveling-650x364.jpg,20241122144627,image/jpeg,52697,f1c39580f65814fec2bbb4146c856cac69913dcfaf5e6293b0f54261897bfb5c,https://web.archive.org/web/20241122144627id_/https://bikinlaper.com/wp-content/uploads/2024/01/traveling-650x364.jpg,
downloaded,wp-content/uploads/2024/01/traveling.jpg,https://bikinlaper.com/wp-content/uploads/2024/01/traveling.jpg,20241122034900,image/jpeg,53434,c02799cbebad6aee5448cc2c8c8c4acd794dbca78b09d3a24ce0f21846d6b270,https://web.archive.org/web/20241122034900id_/https://bikinlaper.com/wp-content/uploads/2024/01/traveling.jpg,
downloaded,wp-content/uploads/2024/01/usaha_martabak-100x67.jpg,https://bikinlaper.com/wp-content/uploads/2024/01/usaha_martabak-100x67.jpg,20241122064524,image/jpeg,2129,41dcadb1c1a2958f7e3288afdf733759c20ec8a28a316e617e15b7269dff00fb,https://web.archive.org/web/20241122064524id_/https://bikinlaper.com/wp-content/uploads/2024/01/usaha_martabak-100x67.jpg,
downloaded,wp-content/uploads/2024/01/usaha_martabak-150x100.jpg,https://bikinlaper.com/wp-content/uploads/2024/01/usaha_martabak-150x100.jpg,20241122052145,image/jpeg,3482,479043f44ea847f836352c878923ffa87089b66867eedfd4dee0ace8503cb5d2,https://web.archive.org/web/20241122052145id_/https://bikinlaper.com/wp-content/uploads/2024/01/usaha_martabak-150x100.jpg,
downloaded,wp-content/uploads/2024/01/usaha_martabak-200x133.jpg,https://bikinlaper.com/wp-content/uploads/2024/01/usaha_martabak-200x133.jpg,20241122053801,image/jpeg,5161,677acb5ecfdd9e86ee53d46985d3dcb0fd3ed119ea1d1ec837cec5cf2156f875,https://web.archive.org/web/20241122053801id_/https://bikinlaper.com/wp-content/uploads/2024/01/usaha_martabak-200x133.jpg,
downloaded,wp-content/uploads/2024/01/usaha_martabak-250x167.jpg,https://bikinlaper.com/wp-content/uploads/2024/01/usaha_martabak-250x167.jpg,20241122122915,image/jpeg,7269,6d72aaf6400bd2becc5f81363e2925dd5829e8906041a1830258d0fae320d9fc,https://web.archive.org/web/20241122122915id_/https://bikinlaper.com/wp-content/uploads/2024/01/usaha_martabak-250x167.jpg,
downloaded,wp-content/uploads/2024/01/usaha_martabak-300x200.jpg,https://bikinlaper.com/wp-content/uploads/2024/01/usaha_martabak-300x200.jpg,20241122044502,image/jpeg,9666,971e8b7a7eaad3221b2a5a181debff6656d73f9b916e287b859cbe3f2661fe55,https://web.archive.org/web/20241122044502id_/https://bikinlaper.com/wp-content/uploads/2024/01/usaha_martabak-300x200.jpg,
downloaded,wp-content/uploads/2024/01/usaha_martabak-350x233.jpg,https://bikinlaper.com/wp-content/uploads/2024/01/usaha_martabak-350x233.jpg,20241122050431,image/jpeg,12519,bf20cc02e2fb97e3c4c0a22eec45f3aef67fad61c0a05d2c40281654612d5ee4,https://web.archive.org/web/20241122050431id_/https://bikinlaper.com/wp-content/uploads/2024/01/usaha_martabak-350x233.jpg,
downloaded,wp-content/uploads/2024/01/usaha_martabak-400x267.jpg,https://bikinlaper.com/wp-content/uploads/2024/01/usaha_martabak-400x267.jpg,20241122051511,image/jpeg,15754,69d983d09c59048aaa04c4aca671c0bd323770a3584c9d4a29d02b44c9363a2d,https://web.archive.org/web/20241122051511id_/https://bikinlaper.com/wp-content/uploads/2024/01/usaha_martabak-400x267.jpg,
downloaded,wp-content/uploads/2024/01/usaha_martabak-450x300.jpg,https://bikinlaper.com/wp-content/uploads/2024/01/usaha_martabak-450x300.jpg,20241122053913,image/jpeg,19381,483f6a5a2ea5879fe15e093f84ba5c26f87dd98e0ca1f512d36ee8468bbd4e3f,https://web.archive.org/web/20241122053913id_/https://bikinlaper.com/wp-content/uploads/2024/01/usaha_martabak-450x300.jpg,
downloaded,wp-content/uploads/2024/01/usaha_martabak-500x334.jpg/index.html,https://bikinlaper.com/wp-content/uploads/2024/01/usaha_martabak-500x334.jpg,20241122044513,text/html,1515,82e195225f95dcbd2743c6efec47423c7efb394f4054428d5bfd3be59f4b43a1,https://web.archive.org/web/20241122044513id_/https://bikinlaper.com/wp-content/uploads/2024/01/usaha_martabak-500x334.jpg,
downloaded,wp-content/uploads/2024/01/usaha_martabak-50x33.jpg,https://bikinlaper.com/wp-content/uploads/2024/01/usaha_martabak-50x33.jpg,20241122052627,image/jpeg,1185,9ef62abee69d41dcd720f6268fe5cb78bb5ee942bf4b409380aef066558068fb,https://web.archive.org/web/20241122052627id_/https://bikinlaper.com/wp-content/uploads/2024/01/usaha_martabak-50x33.jpg,
downloaded,wp-content/uploads/2024/01/usaha_martabak-550x367.jpg,https://bikinlaper.com/wp-content/uploads/2024/01/usaha_martabak-550x367.jpg,20241122054644,image/jpeg,27628,883550021662feb1202eb73e0143652cbb8a628cff4263b8dd6ca3103919e277,https://web.archive.org/web/20241122054644id_/https://bikinlaper.com/wp-content/uploads/2024/01/usaha_martabak-550x367.jpg,
downloaded,wp-content/uploads/2024/01/usaha_martabak-650x434.jpg,https://bikinlaper.com/wp-content/uploads/2024/01/usaha_martabak-650x434.jpg,20241122062437,image/jpeg,37978,21f77ec264ef42cb3a858703d6b920078ee722112b64e644eaa70deec5083b90,https://web.archive.org/web/20241122062437id_/https://bikinlaper.com/wp-content/uploads/2024/01/usaha_martabak-650x434.jpg,
downloaded,wp-content/uploads/2024/01/usaha_martabak-768x512.jpg,https://bikinlaper.com/wp-content/uploads/2024/01/usaha_martabak-768x512.jpg,20241122044343,image/jpeg,49678,3940f9393e0063bc40aefe806ff47f4d9b69aa88d7b9a328e54fd0930c184c64,https://web.archive.org/web/20241122044343id_/https://bikinlaper.com/wp-content/uploads/2024/01/usaha_martabak-768x512.jpg,
downloaded,wp-content/uploads/2024/01/usaha_martabak-800x534.jpg,https://bikinlaper.com/wp-content/uploads/2024/01/usaha_martabak-800x534.jpg,20241122050125,image/jpeg,53787,f48efe32645fef2a9c2eac18a7ce61d1ca8ac397a48d8a61d074881e0ab00e98,https://web.archive.org/web/20241122050125id_/https://bikinlaper.com/wp-content/uploads/2024/01/usaha_martabak-800x534.jpg,
downloaded,wp-content/uploads/2024/01/usaha_martabak.jpg,https://bikinlaper.com/wp-content/uploads/2024/01/usaha_martabak.jpg,20241122054334,image/jpeg,460413,26fc9345bf46771c6b46e5201e957c5b33bb21eb81673538f88e4998a994b3ab,https://web.archive.org/web/20241122054334id_/https://bikinlaper.com/wp-content/uploads/2024/01/usaha_martabak.jpg,
downloaded,wp-content/uploads/2024/02/Pameran-Franchise-100x100.png,https://bikinlaper.com/wp-content/uploads/2024/02/Pameran-Franchise-100x100.png,20241122061345,image/png,22079,f848f1d0a69d79f3a58297e4715425d925a6719402fc5aafef52f3bf12e00a8a,https://web.archive.org/web/20241122061345id_/https://bikinlaper.com/wp-content/uploads/2024/02/Pameran-Franchise-100x100.png,
downloaded,wp-content/uploads/2024/02/Pameran-Franchise-150x150.png,https://bikinlaper.com/wp-content/uploads/2024/02/Pameran-Franchise-150x150.png,20241122051304,image/png,44959,d0fd097442b14df7e555b94ff89185834f99bfd972613e0dd2c84ee99c8d1e69,https://web.archive.org/web/20241122051304id_/https://bikinlaper.com/wp-content/uploads/2024/02/Pameran-Franchise-150x150.png,
downloaded,wp-content/uploads/2024/02/Pameran-Franchise-200x200.png,https://bikinlaper.com/wp-content/uploads/2024/02/Pameran-Franchise-200x200.png,20241122230739,image/png,74123,ea55afc4896dd5b646a42d8d585991af15546b61b64b8a6f40640fc0baae9cb4,https://web.archive.org/web/20241122230739id_/https://bikinlaper.com/wp-content/uploads/2024/02/Pameran-Franchise-200x200.png,
downloaded,wp-content/uploads/2024/02/Pameran-Franchise-250x250.png,https://bikinlaper.com/wp-content/uploads/2024/02/Pameran-Franchise-250x250.png,20241122051747,image/png,108196,a13e2b1b0b879d3051700572798dc5eb6fbc8c935047b5c88834b7a9b3f5904b,https://web.archive.org/web/20241122051747id_/https://bikinlaper.com/wp-content/uploads/2024/02/Pameran-Franchise-250x250.png,
downloaded,wp-content/uploads/2024/02/Pameran-Franchise-300x300.png,https://bikinlaper.com/wp-content/uploads/2024/02/Pameran-Franchise-300x300.png,20241122050631,image/png,146887,eaa52667c971566c0ce07f6b3c323a5a271c7b83e3dae4211386050cf59689ee,https://web.archive.org/web/20241122050631id_/https://bikinlaper.com/wp-content/uploads/2024/02/Pameran-Franchise-300x300.png,
downloaded,wp-content/uploads/2024/02/Pameran-Franchise-350x350.png,https://bikinlaper.com/wp-content/uploads/2024/02/Pameran-Franchise-350x350.png,20241122050218,image/png,191245,2a2ebcd4392c94b00f0a9269cac1fd68823211cc53332e0f596f8ce56b393f29,https://web.archive.org/web/20241122050218id_/https://bikinlaper.com/wp-content/uploads/2024/02/Pameran-Franchise-350x350.png,
downloaded,wp-content/uploads/2024/02/Pameran-Franchise-400x400.png,https://bikinlaper.com/wp-content/uploads/2024/02/Pameran-Franchise-400x400.png,20241122044348,image/png,237789,6969faf24f53d560b349d0f66bb7fc815c9dad1c3942c3121ca077cd3b092059,https://web.archive.org/web/20241122044348id_/https://bikinlaper.com/wp-content/uploads/2024/02/Pameran-Franchise-400x400.png,
downloaded,wp-content/uploads/2024/02/Pameran-Franchise-450x450.png,https://bikinlaper.com/wp-content/uploads/2024/02/Pameran-Franchise-450x450.png,20241122054727,image/png,291232,f4b61b2db70c635d61679e4c48a27779f9c83b672b05502b0cbf8471c120b7a2,https://web.archive.org/web/20241122054727id_/https://bikinlaper.com/wp-content/uploads/2024/02/Pameran-Franchise-450x450.png,
downloaded,wp-content/uploads/2024/02/Pameran-Franchise-500x500.png,https://bikinlaper.com/wp-content/uploads/2024/02/Pameran-Franchise-500x500.png,20241122063140,image/png,347081,4fc3e2799666a85b03acb2d37ee2b5c580c768db569286e8826d15da1c31b244,https://web.archive.org/web/20241122063140id_/https://bikinlaper.com/wp-content/uploads/2024/02/Pameran-Franchise-500x500.png,
downloaded,wp-content/uploads/2024/02/Pameran-Franchise-50x50.png,https://bikinlaper.com/wp-content/uploads/2024/02/Pameran-Franchise-50x50.png,20241122060640,image/png,6357,806a0a7719dfdfe62a2bd89917361d272e019f85ee100fb15f5736707e39c762,https://web.archive.org/web/20241122060640id_/https://bikinlaper.com/wp-content/uploads/2024/02/Pameran-Franchise-50x50.png,
downloaded,wp-content/uploads/2024/02/Pameran-Franchise-550x550.png,https://bikinlaper.com/wp-content/uploads/2024/02/Pameran-Franchise-550x550.png,20241122050228,image/png,407281,79b2a53ffe9dd402fc9bd6876346371cb031c8aef480fea50179514dce7728a9,https://web.archive.org/web/20241122050228id_/https://bikinlaper.com/wp-content/uploads/2024/02/Pameran-Franchise-550x550.png,
downloaded,wp-content/uploads/2024/02/Pameran-Franchise-650x650.png,https://bikinlaper.com/wp-content/uploads/2024/02/Pameran-Franchise-650x650.png,20241124093647,image/png,536061,d9681369d28a2e250696ccba75d6339285efbb7abc3ec2c198a51d87175d2d0d,https://web.archive.org/web/20241124093647id_/https://bikinlaper.com/wp-content/uploads/2024/02/Pameran-Franchise-650x650.png,
downloaded,wp-content/uploads/2024/02/Pameran-Franchise-768x768.png,https://bikinlaper.com/wp-content/uploads/2024/02/Pameran-Franchise-768x768.png,20241122051204,image/png,703348,7f2cd2a147a16d376d2a3aca8c3e0e6516f9ddae72c146131f84035e6d02eb91,https://web.archive.org/web/20241122051204id_/https://bikinlaper.com/wp-content/uploads/2024/02/Pameran-Franchise-768x768.png,
downloaded,wp-content/uploads/2024/02/Pameran-Franchise.png,https://bikinlaper.com/wp-content/uploads/2024/02/Pameran-Franchise.png,20241124093715,image/png,764880,0662968aa38118e80dfd6da76e8caf9795ab60bf967370747e707c676f386a0f,https://web.archive.org/web/20241124093715id_/https://bikinlaper.com/wp-content/uploads/2024/02/Pameran-Franchise.png,
downloaded,wp-content/uploads/2024/03/Logo-Bikin-Laper-01.png,https://bikinlaper.com/wp-content/uploads/2024/03/Logo-Bikin-Laper-01.png,20241122035424,image/png,15115,aad3838ed14d88062be4f739c8a62dda09a19afcdd11a99be553f3b9be1add13,https://web.archive.org/web/20241122035424id_/https://bikinlaper.com/wp-content/uploads/2024/03/Logo-Bikin-Laper-01.png,
downloaded,wp-content/uploads/2024/03/c464176e-4af2-4a2e-9d85-2d2fa9000d22_Go-Biz_20231015_164649-150x150.webp,https://bikinlaper.com/wp-content/uploads/2024/03/c464176e-4af2-4a2e-9d85-2d2fa9000d22_Go-Biz_20231015_164649-150x150.webp,20241122041707,image/webp,8992,43add6d1e339ce472d43b35ac74a9a0ec753647f180160c746748418fb41c017,https://web.archive.org/web/20241122041707id_/https://bikinlaper.com/wp-content/uploads/2024/03/c464176e-4af2-4a2e-9d85-2d2fa9000d22_Go-Biz_20231015_164649-150x150.webp,
downloaded,wp-content/uploads/2024/03/c464176e-4af2-4a2e-9d85-2d2fa9000d22_Go-Biz_20231015_164649-300x300.webp,https://bikinlaper.com/wp-content/uploads/2024/03/c464176e-4af2-4a2e-9d85-2d2fa9000d22_Go-Biz_20231015_164649-300x300.webp,20241122035607,image/webp,26134,96a03e6007f03f62158a023a66369e14fb444753dae206c3b14fdc192cafedce,https://web.archive.org/web/20241122035607id_/https://bikinlaper.com/wp-content/uploads/2024/03/c464176e-4af2-4a2e-9d85-2d2fa9000d22_Go-Biz_20231015_164649-300x300.webp,
downloaded,wp-content/uploads/2024/03/c464176e-4af2-4a2e-9d85-2d2fa9000d22_Go-Biz_20231015_164649-400x240.webp,https://bikinlaper.com/wp-content/uploads/2024/03/c464176e-4af2-4a2e-9d85-2d2fa9000d22_Go-Biz_20231015_164649-400x240.webp,20241122051041,image/webp,24816,0899a57802a7b0fee8c5fc1bac463008409c257a78668f22bc157590faba15c4,https://web.archive.org/web/20241122051041id_/https://bikinlaper.com/wp-content/uploads/2024/03/c464176e-4af2-4a2e-9d85-2d2fa9000d22_Go-Biz_20231015_164649-400x240.webp,
downloaded,wp-content/uploads/2024/03/c464176e-4af2-4a2e-9d85-2d2fa9000d22_Go-Biz_20231015_164649-80x80.webp,https://bikinlaper.com/wp-content/uploads/2024/03/c464176e-4af2-4a2e-9d85-2d2fa9000d22_Go-Biz_20231015_164649-80x80.webp,20241122045511,image/webp,3166,9e960a7934d93345320ccc1aab28300755793ee9405e736eed5f5ff1650b68dc,https://web.archive.org/web/20241122045511id_/https://bikinlaper.com/wp-content/uploads/2024/03/c464176e-4af2-4a2e-9d85-2d2fa9000d22_Go-Biz_20231015_164649-80x80.webp,
downloaded,wp-content/uploads/2024/03/c464176e-4af2-4a2e-9d85-2d2fa9000d22_Go-Biz_20231015_164649.webp,https://bikinlaper.com/wp-content/uploads/2024/03/c464176e-4af2-4a2e-9d85-2d2fa9000d22_Go-Biz_20231015_164649.webp,20241122050424,image/webp,51086,e99c7e40a72b08a5d08a599f4026864d3c7a7e7175662fdabc69a9ffcc4c38b1,https://web.archive.org/web/20241122050424id_/https://bikinlaper.com/wp-content/uploads/2024/03/c464176e-4af2-4a2e-9d85-2d2fa9000d22_Go-Biz_20231015_164649.webp,
downloaded,wp-content/uploads/2024/03/kue-dan-jajanan-1000x600.jpg,https://bikinlaper.com/wp-content/uploads/2024/03/kue-dan-jajanan-1000x600.jpg,20241122042520,image/jpeg,140379,c765846dee022910d0063ccfe30fa19c7a4e3572785cfc20447e9d42450bd34e,https://web.archive.org/web/20241122042520id_/https://bikinlaper.com/wp-content/uploads/2024/03/kue-dan-jajanan-1000x600.jpg,
downloaded,wp-content/uploads/2024/03/kue-dan-jajanan-150x150.jpg,https://bikinlaper.com/wp-content/uploads/2024/03/kue-dan-jajanan-150x150.jpg,20241122165356,image/jpeg,9681,6e04cccc807cb27aa81657870a6d3f8ff4473a6ea40ac77891bdb3c303e8d6a7,https://web.archive.org/web/20241122165356id_/https://bikinlaper.com/wp-content/uploads/2024/03/kue-dan-jajanan-150x150.jpg,
downloaded,wp-content/uploads/2024/03/kue-dan-jajanan-400x240.jpg,https://bikinlaper.com/wp-content/uploads/2024/03/kue-dan-jajanan-400x240.jpg,20241122040815,image/jpeg,32627,429c89bb0a2f6ab0f293bb1079512366f92f1296d57a4cf13a7ffaf3250c2cbe,https://web.archive.org/web/20241122040815id_/https://bikinlaper.com/wp-content/uploads/2024/03/kue-dan-jajanan-400x240.jpg,
downloaded,wp-content/uploads/2024/03/kue-dan-jajanan-560x600.jpg,https://bikinlaper.com/wp-content/uploads/2024/03/kue-dan-jajanan-560x600.jpg,20241122053957,image/jpeg,85100,447fe142802b1b9faecbe5985ae41ba253cd2e4856bff1bb4662152021d84cfc,https://web.archive.org/web/20241122053957id_/https://bikinlaper.com/wp-content/uploads/2024/03/kue-dan-jajanan-560x600.jpg,
downloaded,wp-content/uploads/2024/03/kue-dan-jajanan-590x354.jpg,https://bikinlaper.com/wp-content/uploads/2024/03/kue-dan-jajanan-590x354.jpg,20241122050748,image/jpeg,62389,3291c2366c0977627c7e337c5b21e54062c565e9133ac1447fce38c2fc6d5b34,https://web.archive.org/web/20241122050748id_/https://bikinlaper.com/wp-content/uploads/2024/03/kue-dan-jajanan-590x354.jpg,
downloaded,wp-content/uploads/2024/03/kue-dan-jajanan-80x80.jpg,https://bikinlaper.com/wp-content/uploads/2024/03/kue-dan-jajanan-80x80.jpg,20241122045312,image/jpeg,3507,34c8df6837aeb1585b6e31254bcab4911dd221f0fde019ee332efe39165bc337,https://web.archive.org/web/20241122045312id_/https://bikinlaper.com/wp-content/uploads/2024/03/kue-dan-jajanan-80x80.jpg,
downloaded,wp-content/uploads/2024/03/nasi-uduk-cipete-xxi-1000x600.webp,https://bikinlaper.com/wp-content/uploads/2024/03/nasi-uduk-cipete-xxi-1000x600.webp,20241122034953,image/webp,87734,36d3de7345e8dac6f1284d840f3826df837ce35a797f1fe4ced7873fe1ee960d,https://web.archive.org/web/20241122034953id_/https://bikinlaper.com/wp-content/uploads/2024/03/nasi-uduk-cipete-xxi-1000x600.webp,
downloaded,wp-content/uploads/2024/04/pexels-ekrulila-20243886-560x600.jpg/index.html,https://bikinlaper.com/wp-content/uploads/2024/04/pexels-ekrulila-20243886-560x600.jpg,20241122044410,text/html,1565,b39e4359ff4f03667367046e7482899102a7b25a43158329f02feb20af079cad,https://web.archive.org/web/20241122044410id_/https://bikinlaper.com/wp-content/uploads/2024/04/pexels-ekrulila-20243886-560x600.jpg,
downloaded,wp-content/uploads/2024/04/sate-tegal-pak-ahmad-150x150.webp,https://bikinlaper.com/wp-content/uploads/2024/04/sate-tegal-pak-ahmad-150x150.webp,20241122145056,image/webp,6316,a33bc298e518373e1208751ab53b4c96b3f82966e0484e285b42a484fdf6a82b,https://web.archive.org/web/20241122145056id_/https://bikinlaper.com/wp-content/uploads/2024/04/sate-tegal-pak-ahmad-150x150.webp,
downloaded,wp-content/uploads/2024/04/sayur-tahu-ala-warteg-foto-resep-utama-300x213.jpg,https://bikinlaper.com/wp-content/uploads/2024/04/sayur-tahu-ala-warteg-foto-resep-utama-300x213.jpg,20241122055101,image/jpeg,14370,eac19d1e3cd8fae18a2a60c8c382905d5579b2f7e2ced3e248b712c932f129ac,https://web.archive.org/web/20241122055101id_/https://bikinlaper.com/wp-content/uploads/2024/04/sayur-tahu-ala-warteg-foto-resep-utama-300x213.jpg,
downloaded,wp-content/uploads/2024/04/warteg-21-pulomas-400x240.jpg,https://bikinlaper.com/wp-content/uploads/2024/04/warteg-21-pulomas-400x240.jpg,20241122034744,image/jpeg,18813,e52ebc1bf9b3b496c77421b7c8bb7867cbb3052b390abb13d11b1240f82e80c5,https://web.archive.org/web/20241122034744id_/https://bikinlaper.com/wp-content/uploads/2024/04/warteg-21-pulomas-400x240.jpg,
downloaded,wp-content/uploads/2024/04/warteg-21-pulomas-590x354.jpg,https://bikinlaper.com/wp-content/uploads/2024/04/warteg-21-pulomas-590x354.jpg,20241122101855,image/jpeg,34978,7289092d0d2704abc64846516bdf22eb0c3c9da9bcbb55bfdb2f9166d804be4d,https://web.archive.org/web/20241122101855id_/https://bikinlaper.com/wp-content/uploads/2024/04/warteg-21-pulomas-590x354.jpg,
downloaded,wp-content/uploads/2024/04/warteg-21-pulomas-80x80.jpg,https://bikinlaper.com/wp-content/uploads/2024/04/warteg-21-pulomas-80x80.jpg,20241123150149,image/jpeg,2694,9c500c0d27d261a669d14655016ec2b04a105c155093c937f9bf7640a717e0f3,https://web.archive.org/web/20241123150149id_/https://bikinlaper.com/wp-content/uploads/2024/04/warteg-21-pulomas-80x80.jpg,
downloaded,wp-content/uploads/2024/04/warteg-gang-mangga-400x240.jpg,https://bikinlaper.com/wp-content/uploads/2024/04/warteg-gang-mangga-400x240.jpg,20241122041434,image/jpeg,23304,c89d9c60c581f7dcb51fae9745d758d2a2f8fd2dd7a37a0faf30434e01b5cc2a,https://web.archive.org/web/20241122041434id_/https://bikinlaper.com/wp-content/uploads/2024/04/warteg-gang-mangga-400x240.jpg,
downloaded,wp-content/uploads/2024/05/Pentol-Budi-Mulya-150x150.jpg,https://bikinlaper.com/wp-content/uploads/2024/05/Pentol-Budi-Mulya-150x150.jpg,20241122044324,image/jpeg,8350,d031e74742b37c0e7bdc32a68e748a1a3b2f57ad2785b1384c0c327de6c4f028,https://web.archive.org/web/20241122044324id_/https://bikinlaper.com/wp-content/uploads/2024/05/Pentol-Budi-Mulya-150x150.jpg,
downloaded,wp-content/uploads/2024/05/Pentol-Budi-Mulya-300x300.jpg,https://bikinlaper.com/wp-content/uploads/2024/05/Pentol-Budi-Mulya-300x300.jpg,20241122061903,image/jpeg,25114,df330190e3c88834671cc9802ee1edb489a0cf50ac906ab3b881223a221442d5,https://web.archive.org/web/20241122061903id_/https://bikinlaper.com/wp-content/uploads/2024/05/Pentol-Budi-Mulya-300x300.jpg,
downloaded,wp-content/uploads/2024/05/Pentol-Budi-Mulya-312x240.jpg,https://bikinlaper.com/wp-content/uploads/2024/05/Pentol-Budi-Mulya-312x240.jpg,20241122035132,image/jpeg,21681,fc92cbf56e885e7752ff85372e67e39c5b705af20d87a54f354e8e4beba1e5c8,https://web.archive.org/web/20241122035132id_/https://bikinlaper.com/wp-content/uploads/2024/05/Pentol-Budi-Mulya-312x240.jpg,
downloaded,wp-content/uploads/2024/05/Pentol-Budi-Mulya-80x80.jpg,https://bikinlaper.com/wp-content/uploads/2024/05/Pentol-Budi-Mulya-80x80.jpg,20241122050008,image/jpeg,3156,7b3ba44b6dd786e64541ebce7b456de4a9717f782baf0d15305f02344934fe94,https://web.archive.org/web/20241122050008id_/https://bikinlaper.com/wp-content/uploads/2024/05/Pentol-Budi-Mulya-80x80.jpg,
downloaded,wp-content/uploads/2024/05/Pentol-Budi-Mulya.jpg,https://bikinlaper.com/wp-content/uploads/2024/05/Pentol-Budi-Mulya.jpg,20241122062158,image/jpeg,40342,cbbfd4d1dddde9c751bc79447e594facfa5cf1c814111e7e552fc338a6a9e2f4,https://web.archive.org/web/20241122062158id_/https://bikinlaper.com/wp-content/uploads/2024/05/Pentol-Budi-Mulya.jpg,
downloaded,wp-content/uploads/2024/05/es-cekek-1000x600.webp,https://bikinlaper.com/wp-content/uploads/2024/05/es-cekek-1000x600.webp,20241122053419,image/webp,27796,b856b1bef5cb3e947f58a5b792a8cecd4519accdaddd3ff897138a244ee4efc9,https://web.archive.org/web/20241122053419id_/https://bikinlaper.com/wp-content/uploads/2024/05/es-cekek-1000x600.webp,
downloaded,wp-includes/js/dist/i18n.min.js,https://bikinlaper.com/wp-includes/js/dist/i18n.min.js,20241122045100,text/javascript,9445,698e93fe491cc7bbf07a470579a33dbd0db53c19142b7be41ebfd39a23aef11f,https://web.archive.org/web/20241122045100id_/https://bikinlaper.com/wp-includes/js/dist/i18n.min.js,
downloaded,wp-json/oembed/1.0/embed__q_058b2ec1a8.json,https://bikinlaper.com/wp-json/oembed/1.0/embed?url=https%3A%2F%2Fbikinlaper.com%2Frekomendasi-kuliner-1%2F,20231211145800,application/json,2734,236005eb1ecde19cf3eeae558fd1937af7cdd0d3822cc7c93018ce2ac8a1d1fa,https://web.archive.org/web/20231211145800id_/https://bikinlaper.com/wp-json/oembed/1.0/embed?url=https%3A%2F%2Fbikinlaper.com%2Frekomendasi-kuliner-1%2F,
downloaded,wp-json/oembed/1.0/embed__q_0e83e6a8f5.xml,https://bikinlaper.com/wp-json/oembed/1.0/embed?url=https%3A%2F%2Fbikinlaper.com%2Fjajan-sepuasnya-seni-dan-nikmatnya-menjelajahi-kuliner-indonesia%2F&format=xml,20231226141343,text/xml,3106,f447486fbb680f787a6082d754d27682e905ce8d36cfdd74c10332c86bc9db17,https://web.archive.org/web/20231226141343id_/https://bikinlaper.com/wp-json/oembed/1.0/embed?url=https%3A%2F%2Fbikinlaper.com%2Fjajan-sepuasnya-seni-dan-nikmatnya-menjelajahi-kuliner-indonesia%2F&format=xml,
downloaded,wp-json/oembed/1.0/embed__q_30dc112776.json,https://bikinlaper.com/wp-json/oembed/1.0/embed?url=https%3A%2F%2Fbikinlaper.com%2Freview-makanan-4%2F,20231211211353,application/json,2709,9e48e5e06363dc9c82da20d209589b14f8e464ecd89cd1aa7484690f9a965353,https://web.archive.org/web/20231211211353id_/https://bikinlaper.com/wp-json/oembed/1.0/embed?url=https%3A%2F%2Fbikinlaper.com%2Freview-makanan-4%2F,
downloaded,wp-json/oembed/1.0/embed__q_34986e3376.xml,https://bikinlaper.com/wp-json/oembed/1.0/embed?url=https%3A%2F%2Fbikinlaper.com%2Fmakanan-pengganti-nasi-pilihan-sehat-dan-varian-kuliner-alternatif%2F&format=xml,20231226142950,text/xml,3106,fb9c51e0c224db2a8e2921e28b0381c5cc542515bd4c5956795e3f1820b37308,https://web.archive.org/web/20231226142950id_/https://bikinlaper.com/wp-json/oembed/1.0/embed?url=https%3A%2F%2Fbikinlaper.com%2Fmakanan-pengganti-nasi-pilihan-sehat-dan-varian-kuliner-alternatif%2F&format=xml,
downloaded,wp-json/oembed/1.0/embed__q_369ccbdd00.xml,https://bikinlaper.com/wp-json/oembed/1.0/embed?url=https%3A%2F%2Fbikinlaper.com%2Fmembuka-peluang-usaha-sukses-dengan-franchise-ayam-goreng%2F&format=xml,20231211154310,text/xml,3076,fa93a86e6eafe14a217233e28f361e106c4ef5943d60b51ff1dd507eeae720e0,https://web.archive.org/web/20231211154310id_/https://bikinlaper.com/wp-json/oembed/1.0/embed?url=https%3A%2F%2Fbikinlaper.com%2Fmembuka-peluang-usaha-sukses-dengan-franchise-ayam-goreng%2F&format=xml,
downloaded,wp-json/oembed/1.0/embed__q_662b0d6a2d.json,https://bikinlaper.com/wp-json/oembed/1.0/embed?url=https%3A%2F%2Fbikinlaper.com%2Ftengkleng-pak-manto-menyelami-kelezatan-kuliner-tradisional-di-surabaya%2F,20231211211355,application/json,2953,7bcf7bb130c1dae87533f5bbd586cb2fc50bf59dc30e33809fee61a8fc01485e,https://web.archive.org/web/20231211211355id_/https://bikinlaper.com/wp-json/oembed/1.0/embed?url=https%3A%2F%2Fbikinlaper.com%2Ftengkleng-pak-manto-menyelami-kelezatan-kuliner-tradisional-di-surabaya%2F,
downloaded,wp-json/oembed/1.0/embed__q_74977baf6f.xml,https://bikinlaper.com/wp-json/oembed/1.0/embed?url=https%3A%2F%2Fbikinlaper.com%2Fjakarta-2023-menjelajahi-tempat-terbaik-merayakan-malam-tahun-baru-untuk-pengalaman-tak-terlupakan%2F&format=xml,20231226141343,text/xml,3261,66dd1cf461ac4047ca0b1d17933cf782ceabf4388f6fbcfaece33c8b63b49753,https://web.archive.org/web/20231226141343id_/https://bikinlaper.com/wp-json/oembed/1.0/embed?url=https%3A%2F%2Fbikinlaper.com%2Fjakarta-2023-menjelajahi-tempat-terbaik-merayakan-malam-tahun-baru-untuk-pengalaman-tak-terlupakan%2F&format=xml,
downloaded,wp-json/oembed/1.0/embed__q_7dfd894124.json,https://bikinlaper.com/wp-json/oembed/1.0/embed?url=https%3A%2F%2Fbikinlaper.com%2Fmustafa-kuliner-menyelami-kelezatan-yang-mewakili-warisan-dan-kreativitas-kuliner%2F,20240123090838,application/json,3003,980190da55585b8ef9b886435c383cf18892c638deaa79db23f4950dc0f500fd,https://web.archive.org/web/20240123090838id_/https://bikinlaper.com/wp-json/oembed/1.0/embed?url=https%3A%2F%2Fbikinlaper.com%2Fmustafa-kuliner-menyelami-kelezatan-yang-mewakili-warisan-dan-kreativitas-kuliner%2F,
downloaded,wp-json/oembed/1.0/embed__q_7ee9633a3b.json,https://bikinlaper.com/wp-json/oembed/1.0/embed?url=https%3A%2F%2Fbikinlaper.com%2Fresep-makanan-yang-bikin-laper-di-tahun-2024%2F,20231226141423,application/json,2797,b329dd2cfe3ee30ec08f59b5ac0b563af97e8c8098595f78abd2399a55927e68,https://web.archive.org/web/20231226141423id_/https://bikinlaper.com/wp-json/oembed/1.0/embed?url=https%3A%2F%2Fbikinlaper.com%2Fresep-makanan-yang-bikin-laper-di-tahun-2024%2F,
downloaded,wp-json/oembed/1.0/embed__q_87fe68cb5f.xml,https://bikinlaper.com/wp-json/oembed/1.0/embed?url=https%3A%2F%2Fbikinlaper.com%2Fmakanan-natal-sehat-menyajikan-kelezatan-tanpa-merugikan-kesehatan-anda%2F&format=xml,20231226145908,text/xml,3135,196a2d91534c42947bd26eb22c0517bde5d86ae0006ad5d4cbe3dae57f220b0d,https://web.archive.org/web/20231226145908id_/https://bikinlaper.com/wp-json/oembed/1.0/embed?url=https%3A%2F%2Fbikinlaper.com%2Fmakanan-natal-sehat-menyajikan-kelezatan-tanpa-merugikan-kesehatan-anda%2F&format=xml,
downloaded,wp-json/oembed/1.0/embed__q_95ab864336.xml,https://bikinlaper.com/wp-json/oembed/1.0/embed?url=https%3A%2F%2Fbikinlaper.com%2Fmencari-warung-makan-terdekat-panduan-lengkap%2F&format=xml,20231211145754,text/xml,2998,579a2de28776f9209821db69bfe3fb0f6e373ee10db54b5d235a8d7cc3913ad5,https://web.archive.org/web/20231211145754id_/https://bikinlaper.com/wp-json/oembed/1.0/embed?url=https%3A%2F%2Fbikinlaper.com%2Fmencari-warung-makan-terdekat-panduan-lengkap%2F&format=xml,
downloaded,wp-json/oembed/1.0/embed__q_9764ca5ee2.json,https://bikinlaper.com/wp-json/oembed/1.0/embed?url=https%3A%2F%2Fbikinlaper.com%2Fmenjelajahi-kelezatan-makanan-oriental-kumpulan-hidangan-ikonik-dan-asal-negaranya%2F,20240123090923,application/json,3017,a445839ae98018b45a2ece6b089bf0b83bb705e61b119a44820944f68e41932f,https://web.archive.org/web/20240123090923id_/https://bikinlaper.com/wp-json/oembed/1.0/embed?url=https%3A%2F%2Fbikinlaper.com%2Fmenjelajahi-kelezatan-makanan-oriental-kumpulan-hidangan-ikonik-dan-asal-negaranya%2F,
downloaded,wp-json/oembed/1.0/embed__q_9ab485724e.xml,https://bikinlaper.com/wp-json/oembed/1.0/embed?url=https%3A%2F%2Fbikinlaper.com%2Fmemetik-lezatnya-petualangan-kulineran-enak-di-indonesia%2F&format=xml,20231211145736,text/xml,3114,12639e96e71bb45ab547ea14f2188363fc813196c1203aecee1a9c410cb5bee5,https://web.archive.org/web/20231211145736id_/https://bikinlaper.com/wp-json/oembed/1.0/embed?url=https%3A%2F%2Fbikinlaper.com%2Fmemetik-lezatnya-petualangan-kulineran-enak-di-indonesia%2F&format=xml,
downloaded,wp-json/oembed/1.0/embed__q_9b6d60d9d7.xml,https://bikinlaper.com/wp-json/oembed/1.0/embed?url=https%3A%2F%2Fbikinlaper.com%2Fmakanan-siang-yang-lezat-dan-bergizi-pilihan-terbaik-untuk-menyegarkan-hari-anda%2F&format=xml,20231211145757,text/xml,3159,0949b6a40ab16affabf3e9ffeaa9a600a3e991e731976bcdc0f10cc926ca4dc2,https://web.archive.org/web/20231211145757id_/https://bikinlaper.com/wp-json/oembed/1.0/embed?url=https%3A%2F%2Fbikinlaper.com%2Fmakanan-siang-yang-lezat-dan-bergizi-pilihan-terbaik-untuk-menyegarkan-hari-anda%2F&format=xml,
downloaded,wp-json/oembed/1.0/embed__q_9ccdb6776b.json,https://bikinlaper.com/wp-json/oembed/1.0/embed?url=https%3A%2F%2Fbikinlaper.com%2Fpeluang-usaha-kuliner%2F,20231211154238,application/json,2769,bcddf9bfad5cfdab7ed54c1810e32b28b45968ca0aada42bf11157afa8a66d09,https://web.archive.org/web/20231211154238id_/https://bikinlaper.com/wp-json/oembed/1.0/embed?url=https%3A%2F%2Fbikinlaper.com%2Fpeluang-usaha-kuliner%2F,
downloaded,wp-json/oembed/1.0/embed__q_c0b95ba1ef.xml,https://bikinlaper.com/wp-json/oembed/1.0/embed?url=https%3A%2F%2Fbikinlaper.com%2Fkelezatan-ayam-kalasan-membahas-hidangan-ikonik-dari-yogyakarta%2F&format=xml,20231211145803,text/xml,3085,b056ce06a5d00aa8a345fd5333b797e519f91dd19f1d0f36b089d41718948554,https://web.archive.org/web/20231211145803id_/https://bikinlaper.com/wp-json/oembed/1.0/embed?url=https%3A%2F%2Fbikinlaper.com%2Fkelezatan-ayam-kalasan-membahas-hidangan-ikonik-dari-yogyakarta%2F&format=xml,
downloaded,wp-json/oembed/1.0/embed__q_c4ff89d2a2.json,https://bikinlaper.com/wp-json/oembed/1.0/embed?url=https%3A%2F%2Fbikinlaper.com%2Fsukses-berjualan-dengan-food-truck-rahasia-kesuksesan-dan-tips-memulai-bisnis-kuliner-yang-bergerak%2F,20240123090801,application/json,3101,d48c53424e8496fc2f0a8e7322fe7ae8a6539d595fb6f103c842882b74d3d870,https://web.archive.org/web/20240123090801id_/https://bikinlaper.com/wp-json/oembed/1.0/embed?url=https%3A%2F%2Fbikinlaper.com%2Fsukses-berjualan-dengan-food-truck-rahasia-kesuksesan-dan-tips-memulai-bisnis-kuliner-yang-bergerak%2F,
downloaded,wp-json/oembed/1.0/embed__q_c546ec3502.json,https://bikinlaper.com/wp-json/oembed/1.0/embed?url=https%3A%2F%2Fbikinlaper.com%2Fnasi-bogana-kelezatan-tradisional-yang-memikat-lidah%2F,20231226141425,application/json,2870,1c114501f8af7efbb28ab2ca0725472960582cae89ddd711f4cd2af982a4f3bf,https://web.archive.org/web/20231226141425id_/https://bikinlaper.com/wp-json/oembed/1.0/embed?url=https%3A%2F%2Fbikinlaper.com%2Fnasi-bogana-kelezatan-tradisional-yang-memikat-lidah%2F,
downloaded,wp-json/oembed/1.0/embed__q_cce723a0d1.xml,https://bikinlaper.com/wp-json/oembed/1.0/embed?url=https%3A%2F%2Fbikinlaper.com%2Fmakan-apa-hari-ini-10-ide-menu-lezat-untuk-harimu%2F&format=xml,20231226142944,text/xml,3017,5dd0aea016f9324239c94a34c8bf913b855cfe93b9cd32f663163bb2be2fdf49,https://web.archive.org/web/20231226142944id_/https://bikinlaper.com/wp-json/oembed/1.0/embed?url=https%3A%2F%2Fbikinlaper.com%2Fmakan-apa-hari-ini-10-ide-menu-lezat-untuk-harimu%2F&format=xml,
downloaded,wp-json/oembed/1.0/embed__q_d58a1fb479.xml,https://bikinlaper.com/wp-json/oembed/1.0/embed?url=https%3A%2F%2Fbikinlaper.com%2Fmembuka-peluang-sukses-dengan-usaha-franchise-murah-panduan-lengkap-untuk-para-wirausaha%2F&format=xml,20231211154306,text/xml,3227,82106784b6cbadf912e3b693bb7193d522592c296162d717a381c8e64304e2b9,https://web.archive.org/web/20231211154306id_/https://bikinlaper.com/wp-json/oembed/1.0/embed?url=https%3A%2F%2Fbikinlaper.com%2Fmembuka-peluang-sukses-dengan-usaha-franchise-murah-panduan-lengkap-untuk-para-wirausaha%2F&format=xml,
downloaded,wp-json/oembed/1.0/embed__q_d84f20c131.xml,https://bikinlaper.com/wp-json/oembed/1.0/embed?url=https%3A%2F%2Fbikinlaper.com%2Fmemahami-tren-kuliner-2024-keunikan-dan-kesejahteraan-dalam-setiap-sajian%2F&format=xml,20240123090846,text/xml,3146,5b88fa0e2ac64c50853f1230ef53b43aace49515fa31bd51d94d80d822cf269d,https://web.archive.org/web/20240123090846id_/https://bikinlaper.com/wp-json/oembed/1.0/embed?url=https%3A%2F%2Fbikinlaper.com%2Fmemahami-tren-kuliner-2024-keunikan-dan-kesejahteraan-dalam-setiap-sajian%2F&format=xml,
downloaded,wp-json/oembed/1.0/embed__q_e9225c9131.json,https://bikinlaper.com/wp-json/oembed/1.0/embed?url=https%3A%2F%2Fbikinlaper.com%2Fpengalaman-menjalani-bisnis-franchise-warteg-sukses-tantangan-dan-tips%2F,20231211154250,application/json,2948,f5c686240d2e49713ce2f90aebc86957bd69c0e5752914cee5b8e8ea5f128c4e,https://web.archive.org/web/20231211154250id_/https://bikinlaper.com/wp-json/oembed/1.0/embed?url=https%3A%2F%2Fbikinlaper.com%2Fpengalaman-menjalani-bisnis-franchise-warteg-sukses-tantangan-dan-tips%2F,
downloaded,wp-json/oembed/1.0/embed__q_eceb61d56d.json,https://bikinlaper.com/wp-json/oembed/1.0/embed?url=https%3A%2F%2Fbikinlaper.com%2Frekomendasi-jajanan-unik-2%2F,20231211154303,application/json,2758,1aa49a70f5583f5784a34709836f102f9dc7b1312b3796333a1d865c483000b4,https://web.archive.org/web/20231211154303id_/https://bikinlaper.com/wp-json/oembed/1.0/embed?url=https%3A%2F%2Fbikinlaper.com%2Frekomendasi-jajanan-unik-2%2F,
downloaded,wp-json/oembed/1.0/embed__q_f16c159348.json,https://bikinlaper.com/wp-json/oembed/1.0/embed?url=https%3A%2F%2Fbikinlaper.com%2Fmenyelami-kelezatan-tradisional-bipang-ambawang-pik-sebagai-kuliner-khas-indonesia%2F,20231227110731,application/json,3039,88aaf9fbc52de35f87c59b2326507033ee97cdf55c4bbb8c6dd0c97984668aec,https://web.archive.org/web/20231227110731id_/https://bikinlaper.com/wp-json/oembed/1.0/embed?url=https%3A%2F%2Fbikinlaper.com%2Fmenyelami-kelezatan-tradisional-bipang-ambawang-pik-sebagai-kuliner-khas-indonesia%2F,
downloaded,wp-json/oembed/1.0/embed__q_f9232a72d8.json,https://bikinlaper.com/wp-json/oembed/1.0/embed?url=https%3A%2F%2Fbikinlaper.com%2Frekomendasi-jajanan-unik-3%2F,20231211154314,application/json,2758,2c5f3724e7e1a3fd7f2e7dfde0148c3fd00e99bccd1ca46afd2973f66751b919,https://web.archive.org/web/20231211154314id_/https://bikinlaper.com/wp-json/oembed/1.0/embed?url=https%3A%2F%2Fbikinlaper.com%2Frekomendasi-jajanan-unik-3%2F,
downloaded,wp-json/oembed/1.0/embed__q_fbfca420f4.xml,https://bikinlaper.com/wp-json/oembed/1.0/embed?url=https%3A%2F%2Fbikinlaper.com%2Fmakanan-sehat-yang-menggugah-selera-enak-dan-bergizi-untuk-hidup-sehat%2F&format=xml,20231227123734,text/xml,3127,fe48ab0f1a469f098bd135fa8d25e86cbc2ce6c199c2fbd3aa090e99ee12b910,https://web.archive.org/web/20231227123734id_/https://bikinlaper.com/wp-json/oembed/1.0/embed?url=https%3A%2F%2Fbikinlaper.com%2Fmakanan-sehat-yang-menggugah-selera-enak-dan-bergizi-untuk-hidup-sehat%2F&format=xml,
downloaded,wp-json/wp/v2/posts/870.json,https://bikinlaper.com/wp-json/wp/v2/posts/870,20231211154249,application/json,19706,b7f93a1df7ee78c94e99549c725142a4304571da07ff82fc6b40f7e1c9e45c16,https://web.archive.org/web/20231211154249id_/https://bikinlaper.com/wp-json/wp/v2/posts/870,
downloaded,wp-json/wp/v2/posts/882.json,https://bikinlaper.com/wp-json/wp/v2/posts/882,20231226150825,application/json,18655,93373c34a668ba18e81f5d1c17193efb927116219060920eb463f4bcd85be262,https://web.archive.org/web/20231226150825id_/https://bikinlaper.com/wp-json/wp/v2/posts/882,
downloaded,wp-json/wp/v2/posts/937.json,https://bikinlaper.com/wp-json/wp/v2/posts/937,20231211154242,application/json,24983,f937e610efd0e467a452e1bdecbd06d6409d7586edb922dcf12ba1e6b50cfdb1,https://web.archive.org/web/20231211154242id_/https://bikinlaper.com/wp-json/wp/v2/posts/937,
downloaded,wp-json/wp/v2/posts/941.json,https://bikinlaper.com/wp-json/wp/v2/posts/941,20231211154244,application/json,20507,2e7e134b03a00a6887c33a81dab222122458f7ca570c9fa9948c603dbc54b886,https://web.archive.org/web/20231211154244id_/https://bikinlaper.com/wp-json/wp/v2/posts/941,
downloaded,wp-json/wp/v2/posts/947.json,https://bikinlaper.com/wp-json/wp/v2/posts/947,20231211154305,application/json,21640,e6b1cd67c3b0372707732ca2b6e1513e75a3c2a04280db2fc8db9aae912c8c96,https://web.archive.org/web/20231211154305id_/https://bikinlaper.com/wp-json/wp/v2/posts/947,
downloaded,wp-json/wp/v2/posts/95.json,https://bikinlaper.com/wp-json/wp/v2/posts/95,20231211211354,application/json,20378,5404834b6cf321c14c89761c042d06d6541a0c8a39d19266a9fee13d64f35f13,https://web.archive.org/web/20231211211354id_/https://bikinlaper.com/wp-json/wp/v2/posts/95,
downloaded,wp-json/wp/v2/posts/958.json,https://bikinlaper.com/wp-json/wp/v2/posts/958,20231226141423,application/json,18606,22dbc03f6f1116c29a5f21fb6abccdef480f22ca34039017cfe2179335f60715,https://web.archive.org/web/20231226141423id_/https://bikinlaper.com/wp-json/wp/v2/posts/958,
downloaded,wp-json/wp/v2/posts/968.json,https://bikinlaper.com/wp-json/wp/v2/posts/968,20231226141348,application/json,19230,0225994880551088c5f75ae4fcef2fd258c1f1ec66aba218ea10b220405bf421,https://web.archive.org/web/20231226141348id_/https://bikinlaper.com/wp-json/wp/v2/posts/968,
downloaded,wp-json/wp/v2/posts/972.json,https://bikinlaper.com/wp-json/wp/v2/posts/972,20231226141339,application/json,19141,28c7cb06526ebdf22ddaf37a9ca17eff88d02fd969df8bd30764ed80728cbf9f,https://web.archive.org/web/20231226141339id_/https://bikinlaper.com/wp-json/wp/v2/posts/972,
downloaded,wp-json/wp/v2/posts/990.json,https://bikinlaper.com/wp-json/wp/v2/posts/990,20231226141426,application/json,20662,149f03f884b5cb321b22601d418bb8edfc13e5c72735b0e846ee42c8e20592a8,https://web.archive.org/web/20231226141426id_/https://bikinlaper.com/wp-json/wp/v2/posts/990,
downloaded,wp-json/wp/v2/users/1.json,https://bikinlaper.com/wp-json/wp/v2/users/1,20231211211341,application/json,6116,674b8948f8ad71ce0c8abb311491dc8736f9d0847bf2ef1e53ed58a42b7cc581,https://web.archive.org/web/20231211211341id_/https://bikinlaper.com/wp-json/wp/v2/users/1,
downloaded,zakady-sportowe-forum-informatiques-i-muzyk-standard-water-treatment-plant-within-indi-clinica-hb.bin,https://bikinlaper.com/zakady-sportowe-forum-informatiques-i-muzyk-standard-water-treatment-plant-within-indi-clinica-hb/,20240918153955,unk,1590,2d435ead1eb3ddfe0458fd74044938498c50ad94a87bbb08a26abd039bd92bf9,https://web.archive.org/web/20240918153955id_/https://bikinlaper.com/zakady-sportowe-forum-informatiques-i-muzyk-standard-water-treatment-plant-within-indi-clinica-hb/,
failed,wp-content/themes/flatnews/assets/css/min/ie-8.min__q_9be4512521.css,https://bikinlaper.com/wp-content/themes/flatnews/assets/css/min/ie-8.min.css?ver=5.6,20231211142752,text/css,0,,https://web.archive.org/web/20231211142752id_/https://bikinlaper.com/wp-content/themes/flatnews/assets/css/min/ie-8.min.css?ver=5.6,curl exit=unknown http=unknown
failed,wp-content/themes/flatnews/assets/css/min/ie-9.min__q_9be4512521.css,https://bikinlaper.com/wp-content/themes/flatnews/assets/css/min/ie-9.min.css?ver=5.6,20231211142742,text/css,0,,https://web.archive.org/web/20231211142742id_/https://bikinlaper.com/wp-content/themes/flatnews/assets/css/min/ie-9.min.css?ver=5.6,identical-digest representative could not be downloaded
failed,wp-content/themes/zox-news/js/mvpcustom.js,https://bikinlaper.com/wp-content/themes/zox-news/js/mvpcustom.js,20241122035931,text/javascript,0,,https://web.archive.org/web/20241122035931id_/https://bikinlaper.com/wp-content/themes/zox-news/js/mvpcustom.js,identical-digest representative could not be downloaded
failed,wp-content/themes/zox-news/js/mvpcustom__q_4998ba8b3f.js,https://bikinlaper.com/wp-content/themes/zox-news/js/mvpcustom.js?ver=6.4.5,20241122095300,text/javascript,0,,https://web.archive.org/web/20241122095300id_/https://bikinlaper.com/wp-content/themes/zox-news/js/mvpcustom.js?ver=6.4.5,identical-digest representative could not be downloaded
failed,wp-content/uploads/2023/10/warteg-waralaba-350x260.webp,https://bikinlaper.com/wp-content/uploads/2023/10/warteg-waralaba-350x260.webp,20231211145731,image/webp,0,,https://web.archive.org/web/20231211145731id_/https://bikinlaper.com/wp-content/uploads/2023/10/warteg-waralaba-350x260.webp,curl exit=unknown http=unknown
failed,wp-content/uploads/2024/01/kuliner-cilacap-250x156.jpg,https://bikinlaper.com/wp-content/uploads/2024/01/kuliner-cilacap-250x156.jpg,20241122055351,image/jpeg,0,,https://web.archive.org/web/20241122055351id_/https://bikinlaper.com/wp-content/uploads/2024/01/kuliner-cilacap-250x156.jpg,curl exit=unknown http=unknown
failed,wp-content/uploads/2024/01/kuliner-cilacap-300x188.jpg,https://bikinlaper.com/wp-content/uploads/2024/01/kuliner-cilacap-300x188.jpg,20241122053507,image/jpeg,0,,https://web.archive.org/web/20241122053507id_/https://bikinlaper.com/wp-content/uploads/2024/01/kuliner-cilacap-300x188.jpg,curl exit=unknown http=unknown
failed,wp-content/uploads/2024/01/nabati-group_169-100x56.jpeg,https://bikinlaper.com/wp-content/uploads/2024/01/nabati-group_169-100x56.jpeg,20241122050616,image/jpeg,0,,https://web.archive.org/web/20241122050616id_/https://bikinlaper.com/wp-content/uploads/2024/01/nabati-group_169-100x56.jpeg,curl exit=unknown http=unknown
failed,wp-content/uploads/2024/01/nabati-group_169-200x113.jpeg,https://bikinlaper.com/wp-content/uploads/2024/01/nabati-group_169-200x113.jpeg,20241122045041,image/jpeg,0,,https://web.archive.org/web/20241122045041id_/https://bikinlaper.com/wp-content/uploads/2024/01/nabati-group_169-200x113.jpeg,curl exit=unknown http=unknown
failed,wp-content/uploads/2024/01/peluang-usaha-makanan-internasional-di-Indonesia-100x56.jpg,https://bikinlaper.com/wp-content/uploads/2024/01/peluang-usaha-makanan-internasional-di-Indonesia-100x56.jpg,20241122040601,image/jpeg,0,,https://web.archive.org/web/20241122040601id_/https://bikinlaper.com/wp-content/uploads/2024/01/peluang-usaha-makanan-internasional-di-Indonesia-100x56.jpg,curl exit=unknown http=unknown
failed,wp-json/wp/v2/posts/964.json,https://bikinlaper.com/wp-json/wp/v2/posts/964,20240123090807,application/json,0,,https://web.archive.org/web/20240123090807id_/https://bikinlaper.com/wp-json/wp/v2/posts/964,curl exit=unknown http=unknown
